epoch,slot,timestamp_utc,active_count,active_eth,entry_count,entry_eth,exit_count,exit_eth,pending_deposits_count,pending_deposits_eth,delta_active,delta_exit_q,delta_entry_q,churn_limit_eth_per_epoch,churn_limit_validators_approx,exit_q_drain_epochs_est,exit_q_drain_days_est,pend_activate_epochs_est,pend_activate_days_est,max_future_active_validators,max_future_active_eth
424436,13581960,2026-01-30 21:10,975415,36599799,11,352,51,1632,44026,4050854,,,,558.5,17.5,6,0.0,7254,32.2,1019441,40650653
424437,13581984,2026-01-30 21:17,975423,36601655,3,96,43,1376,44027,4049319,8,-8,-8,558.5,17.5,5,0.0,7250,32.2,1019450,40650974
424438,13582016,2026-01-30 21:23,975426,36601752,0,0,35,1120,44028,4049351,3,-8,-3,558.5,17.5,4,0.0,7250,32.2,1019454,40651103
424439,13582048,2026-01-30 21:29,975426,36601754,0,0,27,864,44028,4049351,0,-8,0,558.5,17.5,3,0.0,7250,32.2,1019454,40651105
424440,13582080,2026-01-30 21:36,975426,36601755,0,0,19,608,44029,4049383,0,-8,0,558.5,17.5,2,0.0,7250,32.2,1019455,40651138
424441,13582112,2026-01-30 21:42,975426,36601758,0,0,11,352,44029,4049383,0,-8,0,558.5,17.5,1,0.0,7250,32.2,1019455,40651141
424442,13582144,2026-01-30 21:49,975426,36601761,0,0,3,96,44030,4049415,0,-8,0,558.5,17.5,0,0.0,7251,32.2,1019456,40651176
424443,13582176,2026-01-30 21:55,975426,36603361,0,0,0,0,44030,4047848,0,-3,0,558.5,17.5,0,0.0,7247,32.2,1019456,40651209
424444,13582208,2026-01-30 22:01,975426,36603362,0,0,0,0,44031,4047880,0,0,0,558.5,17.5,0,0.0,7247,32.2,1019457,40651242
424445,13582240,2026-01-30 22:08,975426,36603368,0,0,0,0,44071,4049160,0,0,0,558.5,17.5,0,0.0,7250,32.2,1019497,40652528
424446,13582272,2026-01-30 22:14,975426,36603369,0,0,0,0,44099,4050056,0,0,0,558.5,17.5,0,0.0,7251,32.2,1019525,40653425
424447,13582304,2026-01-30 22:21,975426,36603370,0,0,0,0,44132,4051112,0,0,0,558.5,17.5,0,0.0,7253,32.2,1019558,40654482
424448,13582336,2026-01-30 22:27,975423,36603276,0,0,3,96,44138,4051304,-3,3,0,558.5,17.5,0,0.0,7254,32.2,1019561,40654580
424449,13582368,2026-01-30 22:33,975415,36603022,0,0,11,352,44139,4051336,-8,8,0,558.5,17.5,1,0.0,7254,32.2,1019554,40654358
424450,13582400,2026-01-30 22:40,975412,36602930,0,0,14,448,44141,4051400,-3,3,0,558.5,17.5,2,0.0,7254,32.2,1019553,40654330
424451,13582432,2026-01-30 22:46,975412,36602931,1,1800,14,448,44143,4049696,0,0,1,558.5,17.5,2,0.0,7251,32.2,1019555,40652627
424452,13582464,2026-01-30 22:53,975401,36602580,1,1800,22,704,44153,4050917,-11,8,0,558.5,17.5,3,0.0,7253,32.2,1019554,40653497
424453,13582496,2026-01-30 22:59,975401,36602580,1,1800,14,448,44156,4050406,0,-8,0,558.5,17.5,2,0.0,7252,32.2,1019557,40652986
424454,13582528,2026-01-30 23:05,975401,36602582,2,2464,11,352,44159,4050502,0,-3,1,558.5,17.5,1,0.0,7252,32.2,1019560,40653084
424455,13582560,2026-01-30 23:12,975401,36602583,2,2464,11,352,44159,4050502,0,0,0,558.5,17.5,1,0.0,7252,32.2,1019560,40653085
424456,13582592,2026-01-30 23:18,975401,36602584,2,2464,3,96,44159,4050502,0,-8,0,558.5,17.5,0,0.0,7252,32.2,1019560,40653086
424457,13582624,2026-01-30 23:25,975402,36604386,1,664,0,0,44164,4050662,1,-3,-1,558.5,17.5,0,0.0,7252,32.2,1019566,40655048
424458,13582656,2026-01-30 23:31,975402,36604390,1,664,0,0,44164,4050662,0,0,0,558.5,17.5,0,0.0,7252,32.2,1019566,40655052
424459,13582688,2026-01-30 23:37,975386,36603878,1,664,16,512,44165,4050672,-16,16,0,558.5,17.5,2,0.0,7252,32.2,1019551,40654550
424460,13582720,2026-01-30 23:44,975387,36604543,0,0,16,512,44164,4048872,1,0,-1,558.5,17.5,2,0.0,7249,32.2,1019551,40653415
424461,13582752,2026-01-30 23:50,975387,36604544,1,1800,16,512,44164,4048872,0,0,1,558.5,17.5,2,0.0,7249,32.2,1019551,40653416
424462,13582784,2026-01-30 23:57,975387,36604547,1,1800,16,512,44164,4048872,0,0,0,558.5,17.5,2,0.0,7249,32.2,1019551,40653419
424463,13582816,2026-01-31 00:03,975387,36604548,1,1800,8,256,44156,4047983,0,-8,0,558.5,17.5,1,0.0,7247,32.2,1019543,40652531
424464,13582848,2026-01-31 00:09,975387,36604551,9,2688,0,0,44148,4047727,0,-8,8,558.5,17.5,0,0.0,7247,32.2,1019535,40652278
424465,13582880,2026-01-31 00:16,975387,36604511,17,2944,0,0,44140,4047471,0,0,8,558.5,17.5,0,0.0,7247,32.2,1019527,40651982
424466,13582912,2026-01-31 00:22,975387,36604508,25,3200,0,0,44141,4047503,0,0,8,558.5,17.5,0,0.0,7247,32.2,1019528,40652011
424467,13582944,2026-01-31 00:29,975388,36606305,32,1656,0,0,44133,4047247,1,0,7,558.6,17.5,0,0.0,7246,32.2,1019521,40653552
424468,13582976,2026-01-31 00:35,975383,36606147,40,1912,5,160,44125,4046991,-5,5,8,558.6,17.5,1,0.0,7245,32.2,1019508,40653138
424469,13583008,2026-01-31 00:41,975383,36606147,48,2168,5,160,44118,4046767,0,0,8,558.6,17.5,1,0.0,7245,32.2,1019501,40652914
424470,13583040,2026-01-31 00:48,975391,36607036,48,1536,5,160,44110,4046511,8,0,0,558.6,17.5,1,0.0,7244,32.2,1019501,40653547
424471,13583072,2026-01-31 00:54,975399,36607293,48,1536,5,160,44103,4046287,8,0,0,558.6,17.5,1,0.0,7244,32.2,1019502,40653580
424472,13583104,2026-01-31 01:01,975407,36607551,48,1536,0,0,44095,4046031,8,-5,0,558.6,17.5,0,0.0,7243,32.2,1019502,40653582
424473,13583136,2026-01-31 01:07,975413,36607744,48,1536,2,64,44087,4045775,6,2,0,558.6,17.5,0,0.0,7243,32.2,1019500,40653519
424474,13583168,2026-01-31 01:13,975421,36608000,48,1536,2,64,44080,4045678,8,0,0,558.6,17.5,0,0.0,7243,32.2,1019501,40653678
424475,13583200,2026-01-31 01:20,975429,36608257,48,1536,2,64,44081,4045710,8,0,0,558.6,17.5,0,0.0,7243,32.2,1019510,40653967
424476,13583232,2026-01-31 01:26,975437,36608515,48,1536,2,64,44073,4045454,8,0,0,558.6,17.5,0,0.0,7242,32.2,1019510,40653969
424477,13583264,2026-01-31 01:33,975444,36607567,48,1536,3,1272,44066,4045207,7,1,0,558.6,17.5,0,0.0,7242,32.2,1019510,40652774
424478,13583296,2026-01-31 01:39,975452,36607824,48,1536,1,1208,44058,4044951,8,-2,0,558.6,17.5,0,0.0,7241,32.2,1019510,40652775
424479,13583328,2026-01-31 01:45,975459,36606874,48,1536,2,2416,44050,4044695,7,1,0,558.6,17.5,0,0.0,7241,32.2,1019509,40651569
424480,13583360,2026-01-31 01:52,975466,36607100,48,1536,3,2448,44042,4044439,7,1,0,558.6,17.5,0,0.0,7241,32.2,1019508,40651539
424481,13583392,2026-01-31 01:58,975474,36607359,48,1536,3,2448,44038,4044311,8,0,0,558.6,17.5,0,0.0,7240,32.2,1019512,40651670
424482,13583424,2026-01-31 02:05,975481,36607585,48,1536,4,2480,44031,4044087,7,1,0,558.6,17.5,0,0.0,7240,32.2,1019512,40651672
424483,13583456,2026-01-31 02:11,975487,36607780,48,1536,6,2544,44023,4043831,6,2,0,558.6,17.5,1,0.0,7239,32.2,1019510,40651611
424484,13583488,2026-01-31 02:17,975490,36607878,48,1536,11,2704,44016,4043607,3,5,0,558.6,17.5,1,0.0,7239,32.2,1019506,40651485
424485,13583520,2026-01-31 02:24,975474,36607376,48,1536,35,3472,44008,4043374,-16,24,0,558.6,17.5,4,0.0,7239,32.2,1019482,40650750
424486,13583552,2026-01-31 02:30,975481,36607601,48,1536,35,2296,44000,4043118,7,0,0,558.6,17.5,4,0.0,7238,32.2,1019481,40650719
424487,13583584,2026-01-31 02:37,975489,36607859,48,1536,35,2296,43992,4042862,8,0,0,558.6,17.5,4,0.0,7238,32.2,1019481,40650721
424488,13583616,2026-01-31 02:43,975497,36608114,48,1536,35,2296,43984,4042606,8,0,0,558.6,17.5,4,0.0,7237,32.2,1019481,40650720
424489,13583648,2026-01-31 02:49,975505,36608467,48,1536,35,2296,43977,4042382,8,0,0,558.6,17.5,4,0.0,7237,32.2,1019482,40650849
424490,13583680,2026-01-31 02:56,975513,36609015,48,1536,35,2296,43969,4042126,8,0,0,558.6,17.5,4,0.0,7236,32.2,1019482,40651141
424491,13583712,2026-01-31 03:02,975521,36609625,48,1536,30,960,43962,4041870,8,-5,0,558.6,17.5,4,0.0,7235,32.2,1019483,40651495
424492,13583744,2026-01-31 03:09,975529,36610202,46,1472,22,704,43954,4041614,8,-8,-2,558.6,17.5,3,0.0,7235,32.2,1019483,40651816
424493,13583776,2026-01-31 03:15,975537,36610714,46,1472,14,448,43946,4041358,8,-8,0,558.6,17.5,2,0.0,7234,32.2,1019483,40652072
424494,13583808,2026-01-31 03:21,975545,36611259,46,1472,6,192,43945,4041326,8,-8,0,558.6,17.5,1,0.0,7234,32.2,1019490,40652585
424495,13583840,2026-01-31 03:28,975553,36611804,46,1472,0,0,43937,4041070,8,-6,0,558.7,17.5,0,0.0,7234,32.2,1019490,40652874
424496,13583872,2026-01-31 03:34,975561,36612380,46,1472,0,0,43929,4040814,8,0,0,558.7,17.5,0,0.0,7233,32.1,1019490,40653194
424497,13583904,2026-01-31 03:41,975569,36612928,46,1472,0,0,43926,4040718,8,0,0,558.7,17.5,0,0.0,7233,32.1,1019495,40653646
424498,13583936,2026-01-31 03:47,975575,36613441,48,1536,0,0,43918,4040462,6,0,2,558.7,17.5,0,0.0,7232,32.1,1019493,40653903
424499,13583968,2026-01-31 03:53,975583,36613922,48,1536,0,0,43916,4041094,8,0,0,558.7,17.5,0,0.0,7233,32.1,1019499,40655016
424500,13584000,2026-01-31 04:00,975591,36614176,48,1536,0,0,43908,4040838,8,0,0,558.7,17.5,0,0.0,7233,32.1,1019499,40655014
424501,13584032,2026-01-31 04:06,975599,36614439,48,1536,0,0,43900,4040582,8,0,0,558.7,17.5,0,0.0,7232,32.1,1019499,40655021
424502,13584064,2026-01-31 04:13,975607,36614699,48,1536,0,0,43892,4040326,8,0,0,558.7,17.5,0,0.0,7232,32.1,1019499,40655025
424503,13584096,2026-01-31 04:19,975615,36614957,48,1536,0,0,43885,4040102,8,0,0,558.7,17.5,0,0.0,7231,32.1,1019500,40655059
424504,13584128,2026-01-31 04:25,975623,36615213,48,1536,0,0,43877,4039846,8,0,0,558.7,17.5,0,0.0,7231,32.1,1019500,40655059
424505,13584160,2026-01-31 04:32,975611,36614830,48,1536,20,640,43869,4039590,-12,20,0,558.7,17.5,2,0.0,7230,32.1,1019480,40654420
424506,13584192,2026-01-31 04:38,975619,36615086,48,1536,20,640,43861,4039334,8,0,0,558.7,17.5,2,0.0,7230,32.1,1019480,40654420
424507,13584224,2026-01-31 04:45,975627,36615344,48,1536,20,640,43853,4039078,8,0,0,558.7,17.5,2,0.0,7229,32.1,1019480,40654422
424508,13584256,2026-01-31 04:51,975634,36615634,48,1536,21,672,43845,4038822,7,1,0,558.7,17.5,3,0.0,7229,32.1,1019479,40654456
424509,13584288,2026-01-31 04:57,975642,36616180,48,1536,13,416,43838,4038628,8,-8,0,558.7,17.5,2,0.0,7228,32.1,1019480,40654808
424510,13584320,2026-01-31 05:04,975650,36616725,48,1536,5,160,43830,4038372,8,-8,0,558.7,17.5,1,0.0,7228,32.1,1019480,40655097
424511,13584352,2026-01-31 05:10,975658,36617304,48,1536,1,32,43822,4038116,8,-4,0,558.7,17.5,0,0.0,7227,32.1,1019480,40655420
424512,13584384,2026-01-31 05:17,975666,36617851,48,1536,0,0,43819,4038020,8,-1,0,558.7,17.5,0,0.0,7227,32.1,1019485,40655871
424513,13584416,2026-01-31 05:23,975674,36618427,48,1536,0,0,43814,4037860,8,0,0,558.8,17.5,0,0.0,7227,32.1,1019488,40656287
424514,13584448,2026-01-31 05:29,975682,36618971,46,1472,0,0,43815,4037892,8,0,-2,558.8,17.5,0,0.0,7227,32.1,1019497,40656863
424515,13584480,2026-01-31 05:36,975690,36619260,38,1216,0,0,43815,4037892,8,0,-8,558.8,17.5,0,0.0,7226,32.1,1019505,40657152
424516,13584512,2026-01-31 05:42,975698,36619518,30,960,0,0,43815,4037892,8,0,-8,558.8,17.5,0,0.0,7226,32.1,1019513,40657410
424517,13584544,2026-01-31 05:49,975706,36619776,22,704,0,0,43814,4036900,8,0,-8,558.8,17.5,0,0.0,7225,32.1,1019520,40656676
424518,13584576,2026-01-31 05:55,975714,36620032,16,1471,0,0,43814,4036900,8,0,-6,558.8,17.5,0,0.0,7225,32.1,1019528,40656932
424519,13584608,2026-01-31 06:01,975722,36620291,8,1215,0,0,43814,4036900,8,0,-8,558.8,17.5,0,0.0,7224,32.1,1019536,40657191
424520,13584640,2026-01-31 06:08,975728,36620483,2,1023,0,0,43814,4036900,6,0,-6,558.8,17.5,0,0.0,7224,32.1,1019542,40657383
424521,13584672,2026-01-31 06:14,975726,36620420,2,1023,2,64,43817,4036036,-2,2,0,558.8,17.5,0,0.0,7223,32.1,1019543,40656456
424522,13584704,2026-01-31 06:21,975726,36620422,4,2046,2,64,43817,4036036,0,0,2,558.8,17.5,0,0.0,7223,32.1,1019543,40656458
424523,13584736,2026-01-31 06:27,975726,36620424,4,2046,2,64,43817,4036036,0,0,0,558.8,17.5,0,0.0,7223,32.1,1019543,40656460
424524,13584768,2026-01-31 06:33,975728,36621447,2,1023,2,64,43817,4036036,2,0,-2,558.8,17.5,0,0.0,7223,32.1,1019545,40657483
424525,13584800,2026-01-31 06:40,975728,36621448,2,1023,0,0,43817,4036036,0,-2,0,558.8,17.5,0,0.0,7223,32.1,1019545,40657484
424526,13584832,2026-01-31 06:46,975728,36621450,4,2046,0,0,43817,4035076,0,0,2,558.8,17.5,0,0.0,7221,32.1,1019545,40656526
424527,13584864,2026-01-31 06:53,975728,36621451,4,2046,0,0,43817,4035076,0,0,0,558.8,17.5,0,0.0,7221,32.1,1019545,40656527
424528,13584896,2026-01-31 06:59,975730,36622423,2,1023,0,0,43817,4035076,2,0,-2,558.8,17.5,0,0.0,7221,32.1,1019547,40657499
424529,13584928,2026-01-31 07:05,975730,36622692,2,1023,0,0,43813,4034008,0,0,0,558.8,17.5,0,0.0,7219,32.1,1019543,40656700
424530,13584960,2026-01-31 07:12,975730,36622980,5,2078,0,0,43813,4034008,0,0,3,558.8,17.5,0,0.0,7219,32.1,1019543,40656988
424531,13584992,2026-01-31 07:18,975730,36623268,5,2078,0,0,43813,4034008,0,0,0,558.8,17.5,0,0.0,7219,32.1,1019543,40657276
424532,13585024,2026-01-31 07:25,975732,36624611,3,1055,0,0,43813,4034008,2,0,-2,558.8,17.5,0,0.0,7218,32.1,1019545,40658619
424533,13585056,2026-01-31 07:31,975732,36624901,3,1055,0,0,43813,4034008,0,0,0,558.9,17.5,0,0.0,7218,32.1,1019545,40658909
424534,13585088,2026-01-31 07:37,975732,36625223,3,1055,0,0,43812,4032737,0,0,0,558.9,17.5,0,0.0,7216,32.1,1019544,40657960
424535,13585120,2026-01-31 07:44,975732,36625352,4,2325,0,0,43804,4032481,0,0,1,558.9,17.5,0,0.0,7216,32.1,1019536,40657833
424536,13585152,2026-01-31 07:50,975735,36626441,9,1526,0,0,43796,4032225,3,0,5,558.9,17.5,0,0.0,7215,32.1,1019531,40658666
424537,13585184,2026-01-31 07:57,975735,36626443,17,1782,0,0,43790,4032033,0,0,8,558.9,17.5,0,0.0,7215,32.1,1019525,40658476
424538,13585216,2026-01-31 08:03,975735,36626443,25,2038,0,0,43782,4031777,0,0,8,558.9,17.5,0,0.0,7214,32.1,1019517,40658220
424539,13585248,2026-01-31 08:09,975735,36626446,33,2294,0,0,43774,4031521,0,0,8,558.9,17.5,0,0.0,7214,32.1,1019509,40657967
424540,13585280,2026-01-31 08:16,975735,36626447,41,2550,0,0,43766,4031265,0,0,8,558.9,17.5,0,0.0,7213,32.1,1019501,40657712
424541,13585312,2026-01-31 08:22,975736,36627720,48,1536,0,0,43758,4031009,1,0,7,558.9,17.5,0,0.0,7212,32.1,1019494,40658729
424542,13585344,2026-01-31 08:29,975744,36627979,48,1536,0,0,43751,4030754,8,0,0,558.9,17.5,0,0.0,7212,32.1,1019495,40658733
424543,13585376,2026-01-31 08:35,975747,36628077,48,1536,5,160,43743,4030498,3,5,0,558.9,17.5,1,0.0,7211,32.0,1019490,40658575
424544,13585408,2026-01-31 08:41,975755,36628365,48,1536,5,160,43736,4030274,8,0,0,558.9,17.5,1,0.0,7211,32.0,1019491,40658639
424545,13585440,2026-01-31 08:48,975763,36628911,48,1536,5,160,43728,4030018,8,0,0,558.9,17.5,1,0.0,7210,32.0,1019491,40658929
424546,13585472,2026-01-31 08:54,975771,36629456,48,1536,5,160,43720,4029762,8,0,0,558.9,17.5,1,0.0,7210,32.0,1019491,40659218
424547,13585504,2026-01-31 09:01,975779,36630033,48,1536,0,0,43714,4029570,8,-5,0,558.9,17.5,0,0.0,7209,32.0,1019493,40659603
424548,13585536,2026-01-31 09:07,975787,36630577,46,1472,0,0,43714,4029570,8,0,-2,558.9,17.5,0,0.0,7209,32.0,1019501,40660147
424549,13585568,2026-01-31 09:13,975795,36631156,38,1216,0,0,43714,4029570,8,0,-8,558.9,17.5,0,0.0,7209,32.0,1019509,40660726
424550,13585600,2026-01-31 09:20,975803,36631703,30,960,0,0,43721,4029794,8,0,-8,559.0,17.5,0,0.0,7210,32.0,1019524,40661497
424551,13585632,2026-01-31 09:26,975811,36632026,22,704,0,0,43718,4028738,8,0,-8,559.0,17.5,0,0.0,7208,32.0,1019529,40660764
424552,13585664,2026-01-31 09:33,975819,36632285,18,1535,0,0,43710,4028482,8,0,-4,559.0,17.5,0,0.0,7207,32.0,1019529,40660767
424553,13585696,2026-01-31 09:39,975827,36632541,18,1535,0,0,43705,4028322,8,0,0,559.0,17.5,0,0.0,7207,32.0,1019532,40660863
424554,13585728,2026-01-31 09:45,975833,36632733,20,1599,0,0,43697,4028066,6,0,2,559.0,17.5,0,0.0,7206,32.0,1019530,40660799
424555,13585760,2026-01-31 09:52,975833,36632959,28,1855,0,0,43689,4027810,0,0,8,559.0,17.5,0,0.0,7206,32.0,1019522,40660769
424556,13585792,2026-01-31 09:58,975833,36633055,36,2111,0,0,43681,4027554,0,0,8,559.0,17.5,0,0.0,7205,32.0,1019514,40660609
424557,13585824,2026-01-31 10:05,975833,36633344,44,2367,0,0,43673,4027298,0,0,8,559.0,17.5,0,0.0,7205,32.0,1019506,40660642
424558,13585856,2026-01-31 10:11,975837,36634725,48,1536,0,0,43665,4027042,4,0,4,559.0,17.5,0,0.0,7204,32.0,1019502,40661767
424559,13585888,2026-01-31 10:17,975845,36635306,48,1536,0,0,43657,4026786,8,0,0,559.0,17.5,0,0.0,7203,32.0,1019502,40662092
424560,13585920,2026-01-31 10:24,975853,36635851,48,1536,0,0,43650,4026562,8,0,0,559.0,17.5,0,0.0,7203,32.0,1019503,40662413
424561,13585952,2026-01-31 10:30,975860,36636400,48,1536,1,32,43642,4026306,7,1,0,559.0,17.5,0,0.0,7202,32.0,1019502,40662706
424562,13585984,2026-01-31 10:37,975868,36636720,48,1536,1,32,43634,4026050,8,0,0,559.0,17.5,0,0.0,7202,32.0,1019502,40662770
424563,13586016,2026-01-31 10:43,975876,36636976,48,1536,1,32,43626,4025794,8,0,0,559.0,17.5,0,0.0,7201,32.0,1019502,40662770
424564,13586048,2026-01-31 10:49,975884,36637235,48,1536,1,32,43618,4025538,8,0,0,559.0,17.5,0,0.0,7201,32.0,1019502,40662773
424565,13586080,2026-01-31 10:56,975891,36637462,48,1536,1,32,43615,4025441,7,0,0,559.0,17.5,0,0.0,7201,32.0,1019506,40662903
424566,13586112,2026-01-31 11:02,975899,36637719,43,1377,1,32,43615,4025441,8,0,-5,559.0,17.5,0,0.0,7201,32.0,1019514,40663160
424567,13586144,2026-01-31 11:09,975907,36637977,35,1121,1,32,43615,4025441,8,0,-8,559.1,17.5,0,0.0,7200,32.0,1019522,40663418
424568,13586176,2026-01-31 11:15,975914,36638207,27,865,2,64,43614,4024519,7,1,-8,559.1,17.5,0,0.0,7199,32.0,1019528,40662726
424569,13586208,2026-01-31 11:21,975922,36638464,20,1530,1,32,43611,4024353,8,-1,-7,559.1,17.5,0,0.0,7198,32.0,1019533,40662817
424570,13586240,2026-01-31 11:28,975930,36638721,18,1536,1,32,43603,4024095,8,0,-2,559.1,17.5,0,0.0,7198,32.0,1019533,40662816
424571,13586272,2026-01-31 11:34,975938,36638978,18,1537,1,32,43595,4023839,8,0,0,559.1,17.5,0,0.0,7197,32.0,1019533,40662817
424572,13586304,2026-01-31 11:41,975941,36639075,23,1696,0,0,43587,4023583,3,-1,5,559.1,17.5,0,0.0,7197,32.0,1019528,40662658
424573,13586336,2026-01-31 11:47,975941,36639076,31,1952,0,0,43580,4023359,0,0,8,559.1,17.5,0,0.0,7197,32.0,1019521,40662435
424574,13586368,2026-01-31 11:53,975938,36638982,39,2208,3,96,43572,4023103,-3,3,8,559.1,17.5,0,0.0,7196,32.0,1019510,40662085
424575,13586400,2026-01-31 12:00,975939,36639906,46,1543,3,96,43564,4022847,1,0,7,559.1,17.5,0,0.0,7195,32.0,1019503,40662753
424576,13586432,2026-01-31 12:06,975945,36640172,48,1537,3,96,43558,4022623,6,0,2,559.1,17.5,0,0.0,7195,32.0,1019503,40662795
424577,13586464,2026-01-31 12:13,975953,36640431,47,1536,3,96,43551,4022399,8,0,-1,559.1,17.5,0,0.0,7195,32.0,1019504,40662830
424578,13586496,2026-01-31 12:19,975961,36640688,47,1536,0,0,43543,4022143,8,-3,0,559.1,17.5,0,0.0,7194,32.0,1019504,40662831
424579,13586528,2026-01-31 12:25,975969,36640946,47,1536,0,0,43572,4023071,8,0,0,559.1,17.5,0,0.0,7196,32.0,1019541,40664017
424580,13586560,2026-01-31 12:32,975977,36641204,47,1536,0,0,43572,4023071,8,0,0,559.1,17.5,0,0.0,7196,32.0,1019549,40664275
424581,13586592,2026-01-31 12:38,975980,36641302,47,1536,5,160,43606,4024159,3,5,0,559.1,17.5,1,0.0,7198,32.0,1019586,40665461
424582,13586624,2026-01-31 12:45,975988,36641561,47,1536,5,160,43598,4023903,8,0,0,559.1,17.5,1,0.0,7197,32.0,1019586,40665464
424583,13586656,2026-01-31 12:51,975995,36641818,48,1536,5,160,43629,4024895,7,0,1,559.1,17.5,1,0.0,7199,32.0,1019624,40666713
424584,13586688,2026-01-31 12:57,976003,36642078,48,1536,5,160,43651,4025629,8,0,0,559.1,17.5,1,0.0,7200,32.0,1019654,40667707
424585,13586720,2026-01-31 13:04,976011,36642337,47,1505,0,0,43643,4025342,8,-5,-1,559.1,17.5,0,0.0,7199,32.0,1019654,40667679
424586,13586752,2026-01-31 13:10,976019,36642598,47,1536,0,0,43671,4026238,8,0,0,559.1,17.5,0,0.0,7201,32.0,1019690,40668836
424587,13586784,2026-01-31 13:17,976027,36642856,42,1376,0,0,43674,4026334,8,0,-5,559.1,17.5,0,0.0,7201,32.0,1019701,40669190
424588,13586816,2026-01-31 13:23,976035,36643113,34,1120,0,0,43704,4027294,8,0,-8,559.1,17.5,0,0.0,7203,32.0,1019739,40670407
424589,13586848,2026-01-31 13:29,976043,36643374,26,864,0,0,43734,4028254,8,0,-8,559.1,17.5,0,0.0,7204,32.0,1019777,40671628
424590,13586880,2026-01-31 13:36,976051,36643630,18,608,0,0,43727,4027062,8,0,-8,559.1,17.5,0,0.0,7202,32.0,1019778,40670692
424591,13586912,2026-01-31 13:42,976058,36643859,18,1575,0,0,43749,4027766,7,0,0,559.1,17.5,0,0.0,7203,32.0,1019807,40671625
424592,13586944,2026-01-31 13:49,976066,36644148,18,1544,0,0,43771,4028470,8,0,0,559.1,17.5,0,0.0,7205,32.0,1019837,40672618
424593,13586976,2026-01-31 13:55,976069,36644246,23,1704,0,0,43763,4028214,3,0,5,559.1,17.5,0,0.0,7204,32.0,1019832,40672460
424594,13587008,2026-01-31 14:01,976063,36644056,31,1960,6,192,43785,4028918,-6,6,8,559.1,17.5,1,0.0,7206,32.0,1019848,40672974
424595,13587040,2026-01-31 14:08,976056,36643833,39,2216,13,416,43807,4029622,-7,7,8,559.1,17.5,2,0.0,7207,32.0,1019863,40673455
424596,13587072,2026-01-31 14:14,976056,36643835,47,2472,13,416,43799,4029366,0,0,8,559.1,17.5,2,0.0,7206,32.0,1019855,40673201
424597,13587104,2026-01-31 14:21,976063,36645029,48,1536,13,416,43825,4030198,7,0,1,559.2,17.5,2,0.0,7208,32.0,1019888,40675227
424598,13587136,2026-01-31 14:27,976071,36645286,48,1536,7,224,43817,4029942,8,-6,0,559.2,17.5,1,0.0,7207,32.0,1019888,40675228
424599,13587168,2026-01-31 14:33,976079,36645542,48,1536,0,0,43839,4030646,8,-7,0,559.2,17.5,0,0.0,7208,32.0,1019918,40676188
424600,13587200,2026-01-31 14:40,976087,36645798,48,1536,0,0,43862,4031382,8,0,0,559.2,17.5,0,0.0,7210,32.0,1019949,40677180
424601,13587232,2026-01-31 14:46,976095,36646056,48,1536,0,0,43856,4031159,8,0,0,559.2,17.5,0,0.0,7209,32.0,1019951,40677215
424602,13587264,2026-01-31 14:53,976103,36646313,48,1536,0,0,43879,4031864,8,0,0,559.2,17.5,0,0.0,7210,32.0,1019982,40678177
424603,13587296,2026-01-31 14:59,976111,36646571,48,1536,0,0,43872,4031613,8,0,0,559.2,17.5,0,0.0,7210,32.0,1019983,40678184
424604,13587328,2026-01-31 15:05,976119,36646828,48,1536,0,0,43868,4031485,8,0,0,559.2,17.5,0,0.0,7210,32.0,1019987,40678313
424605,13587360,2026-01-31 15:12,976127,36647085,48,1536,0,0,43860,4031229,8,0,0,559.2,17.5,0,0.0,7209,32.0,1019987,40678314
424606,13587392,2026-01-31 15:18,976135,36647342,48,1536,0,0,43860,4031229,8,0,0,559.2,17.5,0,0.0,7209,32.0,1019995,40678571
424607,13587424,2026-01-31 15:25,976143,36647599,44,1408,0,0,43885,4031843,8,0,-4,559.2,17.5,0,0.0,7210,32.0,1020028,40679442
424608,13587456,2026-01-31 15:31,976150,36647825,43,1536,1,32,43907,4032547,7,1,-1,559.2,17.5,0,0.0,7211,32.0,1020057,40680372
424609,13587488,2026-01-31 15:37,976158,36648082,43,1536,1,32,43904,4032451,8,0,0,559.2,17.5,0,0.0,7211,32.0,1020062,40680533
424610,13587520,2026-01-31 15:44,976166,36648339,43,1536,1,32,43927,4033187,8,0,0,559.2,17.5,0,0.0,7212,32.1,1020093,40681526
424611,13587552,2026-01-31 15:50,976173,36648565,43,1536,2,64,43922,4033027,7,1,0,559.2,17.5,0,0.0,7212,32.1,1020095,40681592
424612,13587584,2026-01-31 15:57,976181,36648824,43,1536,1,32,43926,4033371,8,-1,0,559.2,17.5,0,0.0,7213,32.1,1020107,40682195
424613,13587616,2026-01-31 16:03,976185,36648953,47,1664,1,32,43928,4033715,4,0,4,559.2,17.5,0,0.0,7213,32.1,1020113,40682668
424614,13587648,2026-01-31 16:09,976192,36649339,48,1536,1,32,43921,4033491,7,0,1,559.2,17.5,0,0.0,7213,32.1,1020113,40682830
424615,13587680,2026-01-31 16:16,976200,36649596,48,1536,0,0,43916,4033331,8,-1,0,559.2,17.5,0,0.0,7212,32.1,1020116,40682927
424616,13587712,2026-01-31 16:22,976208,36649852,48,1536,0,0,43914,4033267,8,0,0,559.2,17.5,0,0.0,7212,32.1,1020122,40683119
424617,13587744,2026-01-31 16:29,976216,36650109,48,1536,0,0,43914,4033267,8,0,0,559.2,17.5,0,0.0,7212,32.1,1020130,40683376
424618,13587776,2026-01-31 16:35,976211,36649951,48,1536,13,416,43906,4033011,-5,13,0,559.2,17.5,2,0.0,7212,32.1,1020117,40682962
424619,13587808,2026-01-31 16:41,976219,36650209,48,1536,13,416,43899,4032787,8,0,0,559.2,17.5,2,0.0,7211,32.0,1020118,40682996
424620,13587840,2026-01-31 16:48,976227,36650467,48,1536,13,416,43891,4032531,8,0,0,559.2,17.5,2,0.0,7211,32.0,1020118,40682998
424621,13587872,2026-01-31 16:54,976235,36650725,48,1536,13,416,43883,4032275,8,0,0,559.2,17.5,2,0.0,7210,32.0,1020118,40683000
424622,13587904,2026-01-31 17:01,976243,36650981,48,1536,5,160,43876,4032052,8,-8,0,559.2,17.5,1,0.0,7210,32.0,1020119,40683033
424623,13587936,2026-01-31 17:07,976251,36651237,48,1536,0,0,43869,4031828,8,-5,0,559.3,17.5,0,0.0,7209,32.0,1020120,40683065
424624,13587968,2026-01-31 17:13,976259,36651494,48,1536,0,0,43863,4031637,8,0,0,559.3,17.5,0,0.0,7209,32.0,1020122,40683131
424625,13588000,2026-01-31 17:20,976266,36651720,48,1536,1,32,43866,4031735,7,1,0,559.3,17.5,0,0.0,7209,32.0,1020132,40683455
424626,13588032,2026-01-31 17:26,976274,36651976,47,1504,1,32,43861,4031476,8,0,-1,559.3,17.5,0,0.0,7209,32.0,1020135,40683452
424627,13588064,2026-01-31 17:33,976282,36652249,45,1538,1,32,43852,4031240,8,0,-2,559.3,17.5,0,0.0,7208,32.0,1020134,40683489
424628,13588096,2026-01-31 17:39,976288,36652441,45,1538,3,96,43846,4031016,6,2,0,559.3,17.5,0,0.0,7208,32.0,1020134,40683457
424629,13588128,2026-01-31 17:45,976296,36652699,44,1538,2,64,43838,4030760,8,-1,-1,559.3,17.5,0,0.0,7207,32.0,1020134,40683459
424630,13588160,2026-01-31 17:52,976304,36652955,44,1538,2,64,43830,4030504,8,0,0,559.3,17.5,0,0.0,7207,32.0,1020134,40683459
424631,13588192,2026-01-31 17:58,976312,36653214,44,1538,2,64,43853,4031240,8,0,0,559.3,17.5,0,0.0,7208,32.0,1020165,40684454
424632,13588224,2026-01-31 18:05,976319,36653445,45,1570,0,0,43852,4031218,7,-2,1,559.3,17.5,0,0.0,7208,32.0,1020171,40684663
424633,13588256,2026-01-31 18:11,976318,36653512,46,1521,7,224,43899,4032732,-1,7,1,559.3,17.5,1,0.0,7210,32.0,1020217,40686244
424634,13588288,2026-01-31 18:17,976326,36654114,38,1265,7,224,43896,4032325,8,0,-8,559.3,17.5,1,0.0,7210,32.0,1020222,40686439
424635,13588320,2026-01-31 18:24,976333,36654372,34,1105,7,224,43926,4033285,7,0,-4,559.3,17.5,1,0.0,7211,32.0,1020259,40687657
424636,13588352,2026-01-31 18:30,976341,36654629,26,849,7,224,43956,4034245,8,0,-8,559.3,17.5,1,0.0,7213,32.1,1020297,40688874
424637,13588384,2026-01-31 18:37,976348,36654853,18,593,1,32,43959,4034341,7,-6,-8,559.3,17.5,0,0.0,7213,32.1,1020307,40689194
424638,13588416,2026-01-31 18:43,976356,36655109,10,337,1,32,43959,4034341,8,0,-8,559.3,17.5,0,0.0,7213,32.1,1020315,40689450
424639,13588448,2026-01-31 18:49,976363,36655351,3,96,1,32,43959,4034341,7,0,-7,559.3,17.5,0,0.0,7213,32.1,1020322,40689692
424640,13588480,2026-01-31 18:56,976363,36655353,3,96,1,32,43960,4034373,0,0,0,559.3,17.5,0,0.0,7213,32.1,1020323,40689726
424641,13588512,2026-01-31 19:02,976366,36655450,0,0,0,0,43960,4034373,3,-1,-3,559.3,17.5,0,0.0,7213,32.1,1020326,40689823
424642,13588544,2026-01-31 19:09,976366,36657450,0,0,0,0,43959,4032373,0,0,0,559.3,17.5,0,0.0,7209,32.0,1020325,40689823
424643,13588576,2026-01-31 19:15,976366,36657452,0,0,0,0,43959,4032373,0,0,0,559.3,17.5,0,0.0,7209,32.0,1020325,40689825
424644,13588608,2026-01-31 19:21,976366,36657453,0,0,0,0,43963,4032501,0,0,0,559.3,17.5,0,0.0,7209,32.0,1020329,40689954
424645,13588640,2026-01-31 19:28,976366,36657454,0,0,0,0,43999,4033653,0,0,0,559.3,17.5,0,0.0,7211,32.0,1020365,40691107
424646,13588672,2026-01-31 19:34,976366,36657455,0,0,0,0,44031,4034653,0,0,0,559.3,17.5,0,0.0,7213,32.1,1020397,40692108
424647,13588704,2026-01-31 19:41,976366,36657458,0,0,0,0,44032,4034685,0,0,0,559.3,17.5,0,0.0,7213,32.1,1020398,40692143
424648,13588736,2026-01-31 19:47,976366,36657459,0,0,0,0,44062,4035645,0,0,0,559.3,17.5,0,0.0,7215,32.1,1020428,40693104
424649,13588768,2026-01-31 19:53,976366,36657459,0,0,0,0,44063,4035677,0,0,0,559.3,17.5,0,0.0,7215,32.1,1020429,40693136
424650,13588800,2026-01-31 20:00,976366,36659459,0,0,0,0,44093,4036637,0,0,0,559.4,17.5,0,0.0,7216,32.1,1020459,40696096
424651,13588832,2026-01-31 20:06,976366,36659459,0,0,0,0,44125,4035693,0,0,0,559.4,17.5,0,0.0,7215,32.1,1020491,40695152
424652,13588864,2026-01-31 20:13,976366,36659461,0,0,0,0,44126,4035697,0,0,0,559.4,17.5,0,0.0,7215,32.1,1020492,40695158
424653,13588896,2026-01-31 20:19,976365,36659431,0,0,1,32,44156,4036657,-1,1,0,559.4,17.5,0,0.0,7216,32.1,1020521,40696088
424654,13588928,2026-01-31 20:25,976365,36659432,0,0,1,32,44187,4037649,0,0,0,559.4,17.5,0,0.0,7218,32.1,1020552,40697081
424655,13588960,2026-01-31 20:32,976336,36658504,0,0,30,960,44187,4037649,-29,29,0,559.4,17.5,4,0.0,7218,32.1,1020523,40696153
424656,13588992,2026-01-31 20:38,976336,36658506,0,0,30,960,44217,4038609,0,0,0,559.4,17.5,4,0.0,7220,32.1,1020553,40697115
424657,13589024,2026-01-31 20:45,976336,36658507,0,0,29,928,44222,4038769,0,-1,0,559.4,17.5,4,0.0,7220,32.1,1020558,40697276
424658,13589056,2026-01-31 20:51,976335,36660477,0,0,30,960,44251,4037729,-1,1,0,559.4,17.5,4,0.0,7218,32.1,1020586,40698206
424659,13589088,2026-01-31 20:57,976335,36660478,0,0,22,704,44254,4037902,0,-8,0,559.4,17.5,3,0.0,7218,32.1,1020589,40698380
424660,13589120,2026-01-31 21:04,976335,36660479,0,0,14,448,44284,4038862,0,-8,0,559.4,17.5,2,0.0,7220,32.1,1020619,40699341
424661,13589152,2026-01-31 21:10,976334,36660447,0,0,7,224,44315,4039854,-1,-7,0,559.4,17.5,1,0.0,7222,32.1,1020649,40700301
424662,13589184,2026-01-31 21:17,976334,36660448,0,0,1,32,44319,4039982,0,-6,0,559.4,17.5,0,0.0,7222,32.1,1020653,40700430
424663,13589216,2026-01-31 21:23,976334,36660449,0,0,1,32,44353,4041070,0,0,0,559.4,17.5,0,0.0,7224,32.1,1020687,40701519
424664,13589248,2026-01-31 21:29,976333,36660362,0,0,2,64,44353,4041070,-1,1,0,559.4,17.5,0,0.0,7224,32.1,1020686,40701432
424665,13589280,2026-01-31 21:36,976333,36662363,0,0,1,32,44364,4039454,0,-1,0,559.4,17.5,0,0.0,7221,32.1,1020697,40701817
424666,13589312,2026-01-31 21:42,976333,36662364,0,0,1,32,44368,4039582,0,0,0,559.4,17.5,0,0.0,7221,32.1,1020701,40701946
424667,13589344,2026-01-31 21:49,976333,36662364,0,0,1,32,44370,4039647,0,0,0,559.4,17.5,0,0.0,7221,32.1,1020703,40702011
424668,13589376,2026-01-31 21:55,976333,36662365,0,0,0,0,44370,4039647,0,-1,0,559.4,17.5,0,0.0,7221,32.1,1020703,40702012
424669,13589408,2026-01-31 22:01,976332,36662336,0,0,1,32,44372,4039711,-1,1,0,559.4,17.5,0,0.0,7221,32.1,1020704,40702047
424670,13589440,2026-01-31 22:08,976329,36662240,0,0,4,128,44392,4040351,-3,3,0,559.4,17.5,0,0.0,7222,32.1,1020721,40702591
424671,13589472,2026-01-31 22:14,976329,36662241,0,0,4,128,44409,4040895,0,0,0,559.4,17.5,0,0.0,7223,32.1,1020738,40703136
424672,13589504,2026-01-31 22:21,976323,36662053,0,0,10,320,44457,4042431,-6,6,0,559.4,17.5,1,0.0,7226,32.1,1020780,40704484
424673,13589536,2026-01-31 22:27,976323,36664054,0,0,9,288,44495,4041679,0,-1,0,559.4,17.5,1,0.0,7224,32.1,1020818,40705733
424674,13589568,2026-01-31 22:33,976323,36664059,0,0,6,192,44517,4042383,0,-3,0,559.4,17.5,1,0.0,7226,32.1,1020840,40706442
424675,13589600,2026-01-31 22:40,976323,36664060,0,0,6,192,44520,4042479,0,0,0,559.4,17.5,1,0.0,7226,32.1,1020843,40706539
424676,13589632,2026-01-31 22:46,976323,36664062,0,0,0,0,44526,4042671,0,-6,0,559.4,17.5,0,0.0,7226,32.1,1020849,40706733
424677,13589664,2026-01-31 22:53,976323,36664063,0,0,0,0,44533,4042895,0,0,0,559.4,17.5,0,0.0,7227,32.1,1020856,40706958
424678,13589696,2026-01-31 22:59,976323,36664065,0,0,0,0,44540,4043119,0,0,0,559.4,17.5,0,0.0,7227,32.1,1020863,40707184
424679,13589728,2026-01-31 23:05,976323,36664065,0,0,0,0,44543,4043215,0,0,0,559.4,17.5,0,0.0,7227,32.1,1020866,40707280
424680,13589760,2026-01-31 23:12,976322,36664037,0,0,1,32,44543,4043215,-1,1,0,559.4,17.5,0,0.0,7227,32.1,1020865,40707252
424681,13589792,2026-01-31 23:18,976322,36666037,0,0,1,32,44554,4043567,0,0,0,559.5,17.5,0,0.0,7227,32.1,1020876,40709604
424682,13589824,2026-01-31 23:25,976322,36666037,0,0,1,32,44561,4041823,0,0,0,559.5,17.5,0,0.0,7224,32.1,1020883,40707860
424683,13589856,2026-01-31 23:31,976322,36666040,0,0,1,32,44561,4041823,0,0,0,559.5,17.5,0,0.0,7224,32.1,1020883,40707863
424684,13589888,2026-01-31 23:37,976322,36666042,0,0,0,0,44562,4041855,0,-1,0,559.5,17.5,0,0.0,7224,32.1,1020884,40707897
424685,13589920,2026-01-31 23:44,976322,36666042,0,0,0,0,44562,4041855,0,0,0,559.5,17.5,0,0.0,7224,32.1,1020884,40707897
424686,13589952,2026-01-31 23:50,976319,36665948,0,0,3,96,44563,4041865,-3,3,0,559.5,17.5,0,0.0,7224,32.1,1020882,40707813
424687,13589984,2026-01-31 23:57,976319,36665949,0,0,3,96,44563,4041865,0,0,0,559.5,17.5,0,0.0,7224,32.1,1020882,40707814
424688,13590016,2026-02-01 00:03,976319,36665949,0,0,3,96,44563,4041865,0,0,0,559.5,17.5,0,0.0,7224,32.1,1020882,40707814
424689,13590048,2026-02-01 00:09,976318,36667919,0,0,4,128,44562,4039865,-1,1,0,559.5,17.5,0,0.0,7220,32.1,1020880,40707784
424690,13590080,2026-02-01 00:16,976308,36667601,0,0,11,352,44569,4040089,-10,7,0,559.5,17.5,1,0.0,7221,32.1,1020877,40707690
424691,13590112,2026-02-01 00:22,976307,36667571,0,0,12,384,44570,4040121,-1,1,0,559.5,17.5,2,0.0,7221,32.1,1020877,40707692
424692,13590144,2026-02-01 00:29,976306,36667543,0,0,13,416,44570,4040121,-1,1,0,559.5,17.5,2,0.0,7221,32.1,1020876,40707664
424693,13590176,2026-02-01 00:35,976282,36666778,0,0,36,1152,44570,4040121,-24,23,0,559.5,17.5,4,0.0,7221,32.1,1020852,40706899
424694,13590208,2026-02-01 00:41,976281,36666749,0,0,29,928,44573,4040237,-1,-7,0,559.5,17.5,4,0.0,7221,32.1,1020854,40706986
424695,13590240,2026-02-01 00:48,976281,36666752,0,0,26,832,44573,4040237,0,-3,0,559.5,17.5,3,0.0,7221,32.1,1020854,40706989
424696,13590272,2026-02-01 00:54,976281,36666752,0,0,25,800,44578,4040397,0,-1,0,559.5,17.5,3,0.0,7222,32.1,1020859,40707149
424697,13590304,2026-02-01 01:01,976281,36668753,0,0,17,544,44577,4038397,0,-8,0,559.5,17.5,2,0.0,7218,32.1,1020858,40707150
424698,13590336,2026-02-01 01:07,976281,36668755,0,0,9,288,44577,4038397,0,-8,0,559.5,17.5,1,0.0,7218,32.1,1020858,40707152
424699,13590368,2026-02-01 01:13,976281,36668758,0,0,1,32,44578,4038429,0,-8,0,559.5,17.5,0,0.0,7218,32.1,1020859,40707187
424700,13590400,2026-02-01 01:20,976281,36668758,0,0,0,0,44579,4038461,0,-1,0,559.5,17.5,0,0.0,7218,32.1,1020860,40707219
424701,13590432,2026-02-01 01:26,976281,36668759,0,0,0,0,44579,4038461,0,0,0,559.5,17.5,0,0.0,7218,32.1,1020860,40707220
424702,13590464,2026-02-01 01:33,976281,36668760,0,0,0,0,44579,4038461,0,0,0,559.5,17.5,0,0.0,7218,32.1,1020860,40707221
424703,13590496,2026-02-01 01:39,976275,36668572,0,0,6,192,44580,4038493,-6,6,0,559.5,17.5,1,0.0,7218,32.1,1020855,40707065
424704,13590528,2026-02-01 01:45,976218,36668749,0,0,63,2016,44579,4036493,-57,57,0,559.5,17.5,8,0.0,7214,32.1,1020797,40705242
424705,13590560,2026-02-01 01:52,976175,36667374,0,0,106,3392,44579,4036493,-43,43,0,559.5,17.5,13,0.1,7214,32.1,1020754,40703867
424706,13590592,2026-02-01 01:58,976175,36667376,0,0,106,3392,44588,4036781,0,0,0,559.5,17.5,13,0.1,7215,32.1,1020763,40704157
424707,13590624,2026-02-01 02:05,976175,36667376,0,0,101,3232,44594,4036973,0,-5,0,559.5,17.5,13,0.1,7215,32.1,1020769,40704349
424708,13590656,2026-02-01 02:11,976175,36667378,0,0,93,2976,44594,4036973,0,-8,0,559.5,17.5,12,0.1,7215,32.1,1020769,40704351
424709,13590688,2026-02-01 02:17,976175,36667378,0,0,85,2720,44594,4036973,0,-8,0,559.5,17.5,11,0.0,7215,32.1,1020769,40704351
424710,13590720,2026-02-01 02:24,976175,36667379,0,0,77,2464,44603,4037261,0,-8,0,559.5,17.5,10,0.0,7216,32.1,1020778,40704640
424711,13590752,2026-02-01 02:30,976175,36667380,0,0,69,2208,44603,4037261,0,-8,0,559.5,17.5,9,0.0,7216,32.1,1020778,40704641
424712,13590784,2026-02-01 02:37,976175,36669381,0,0,61,1952,44602,4035261,0,-8,0,559.5,17.5,8,0.0,7212,32.1,1020777,40704642
424713,13590816,2026-02-01 02:43,976175,36669381,0,0,53,1696,44602,4035261,0,-8,0,559.5,17.5,7,0.0,7212,32.1,1020777,40704642
424714,13590848,2026-02-01 02:49,976175,36669382,0,0,45,1440,44603,4035293,0,-8,0,559.5,17.5,6,0.0,7212,32.1,1020778,40704675
424715,13590880,2026-02-01 02:56,976175,36669384,0,0,37,1184,44603,4035293,0,-8,0,559.5,17.5,5,0.0,7212,32.1,1020778,40704677
424716,13590912,2026-02-01 03:02,976173,36669321,0,0,31,992,44603,4035293,-2,-6,0,559.5,17.5,4,0.0,7212,32.1,1020776,40704614
424717,13590944,2026-02-01 03:09,976173,36669321,0,0,23,736,44603,4035293,0,-8,0,559.5,17.5,3,0.0,7212,32.1,1020776,40704614
424718,13590976,2026-02-01 03:15,976173,36669322,0,0,15,480,44603,4035293,0,-8,0,559.5,17.5,2,0.0,7212,32.1,1020776,40704615
424719,13591008,2026-02-01 03:21,976173,36669322,0,0,7,224,44614,4035645,0,-8,0,559.5,17.5,1,0.0,7213,32.1,1020787,40704967
424720,13591040,2026-02-01 03:28,976173,36671324,0,0,0,0,44613,4033645,0,-7,0,559.6,17.5,0,0.0,7209,32.0,1020786,40704969
424721,13591072,2026-02-01 03:34,976173,36671324,0,0,0,0,44613,4033645,0,0,0,559.6,17.5,0,0.0,7209,32.0,1020786,40704969
424722,13591104,2026-02-01 03:41,976173,36671327,0,0,0,0,44617,4033773,0,0,0,559.6,17.5,0,0.0,7209,32.0,1020790,40705100
424723,13591136,2026-02-01 03:47,976173,36671327,0,0,0,0,44617,4033773,0,0,0,559.6,17.5,0,0.0,7209,32.0,1020790,40705100
424724,13591168,2026-02-01 03:53,976173,36671329,0,0,0,0,44618,4034106,0,0,0,559.6,17.5,0,0.0,7209,32.0,1020791,40705435
424725,13591200,2026-02-01 04:00,976173,36671330,0,0,0,0,44620,4034163,0,0,0,559.6,17.5,0,0.0,7210,32.0,1020793,40705493
424726,13591232,2026-02-01 04:06,976173,36671333,0,0,0,0,44620,4034163,0,0,0,559.6,17.5,0,0.0,7210,32.0,1020793,40705496
424727,13591264,2026-02-01 04:13,976173,36671336,0,0,0,0,44621,4034163,0,0,0,559.6,17.5,0,0.0,7210,32.0,1020794,40705499
424728,13591296,2026-02-01 04:19,976173,36673338,0,0,0,0,44621,4034163,0,0,0,559.6,17.5,0,0.0,7209,32.0,1020794,40707501
424729,13591328,2026-02-01 04:25,976173,36673339,0,0,0,0,44621,4032199,0,0,0,559.6,17.5,0,0.0,7206,32.0,1020794,40705538
424730,13591360,2026-02-01 04:32,976159,36672893,0,0,14,448,44621,4032199,-14,14,0,559.6,17.5,2,0.0,7206,32.0,1020780,40705092
424731,13591392,2026-02-01 04:38,976158,36672863,0,0,15,480,44621,4032199,-1,1,0,559.6,17.5,2,0.0,7206,32.0,1020779,40705062
424732,13591424,2026-02-01 04:45,976158,36672865,0,0,15,480,44621,4032199,0,0,0,559.6,17.5,2,0.0,7206,32.0,1020779,40705064
424733,13591456,2026-02-01 04:51,976158,36672868,0,0,15,480,44621,4032199,0,0,0,559.6,17.5,2,0.0,7206,32.0,1020779,40705067
424734,13591488,2026-02-01 04:57,976157,36672840,0,0,8,256,44622,4032231,-1,-7,0,559.6,17.5,1,0.0,7206,32.0,1020779,40705071
424735,13591520,2026-02-01 05:04,976157,36672843,0,0,1,32,44622,4032231,0,-7,0,559.6,17.5,0,0.0,7206,32.0,1020779,40705074
424736,13591552,2026-02-01 05:10,976157,36674843,0,0,1,32,44621,4030231,0,0,0,559.6,17.5,0,0.0,7202,32.0,1020778,40705074
424737,13591584,2026-02-01 05:17,976157,36674843,0,0,1,32,44625,4030359,0,0,0,559.6,17.5,0,0.0,7202,32.0,1020782,40705202
424738,13591616,2026-02-01 05:23,976157,36674846,0,0,1,32,44628,4030455,0,0,0,559.6,17.5,0,0.0,7202,32.0,1020785,40705301
424739,13591648,2026-02-01 05:29,976157,36674846,0,0,0,0,44628,4030455,0,-1,0,559.6,17.5,0,0.0,7202,32.0,1020785,40705301
424740,13591680,2026-02-01 05:36,976157,36674847,0,0,0,0,44629,4030487,0,0,0,559.6,17.5,0,0.0,7202,32.0,1020786,40705334
424741,13591712,2026-02-01 05:42,976157,36674849,0,0,0,0,44629,4030487,0,0,0,559.6,17.5,0,0.0,7202,32.0,1020786,40705336
424742,13591744,2026-02-01 05:49,976157,36674851,0,0,0,0,44629,4030487,0,0,0,559.6,17.5,0,0.0,7202,32.0,1020786,40705338
424743,13591776,2026-02-01 05:55,976157,36674854,0,0,0,0,44629,4030487,0,0,0,559.6,17.5,0,0.0,7202,32.0,1020786,40705341
424744,13591808,2026-02-01 06:01,976157,36676856,0,0,0,0,44629,4030487,0,0,0,559.6,17.5,0,0.0,7202,32.0,1020786,40707343
424745,13591840,2026-02-01 06:08,976157,36676859,0,0,0,0,44630,4028551,0,0,0,559.6,17.5,0,0.0,7198,32.0,1020787,40705410
424746,13591872,2026-02-01 06:14,976156,36676830,0,0,1,32,44644,4028999,-1,1,0,559.6,17.5,0,0.0,7199,32.0,1020800,40705829
424747,13591904,2026-02-01 06:21,976146,36676510,0,0,11,352,44646,4029063,-10,10,0,559.6,17.5,1,0.0,7199,32.0,1020792,40705573
424748,13591936,2026-02-01 06:27,976146,36676512,0,0,11,352,44646,4029063,0,0,0,559.6,17.5,1,0.0,7199,32.0,1020792,40705575
424749,13591968,2026-02-01 06:33,976146,36676515,0,0,11,352,44646,4029063,0,0,0,559.6,17.5,1,0.0,7199,32.0,1020792,40705578
424750,13592000,2026-02-01 06:40,976146,36676515,0,0,10,320,44648,4029259,0,-1,0,559.6,17.5,1,0.0,7200,32.0,1020794,40705774
424751,13592032,2026-02-01 06:46,976146,36678516,0,0,2,64,44646,4027227,0,-8,0,559.7,17.5,0,0.0,7196,32.0,1020792,40705743
424752,13592064,2026-02-01 06:53,976145,36678481,1,32,1,32,44639,4027003,-1,-1,1,559.7,17.5,0,0.0,7195,32.0,1020784,40705484
424753,13592096,2026-02-01 06:59,976145,36678403,9,288,1,32,44631,4026745,0,0,8,559.7,17.5,0,0.0,7195,32.0,1020776,40705148
424754,13592128,2026-02-01 07:05,976143,36678342,17,546,3,96,44623,4026489,-2,2,8,559.7,17.5,0,0.0,7194,32.0,1020766,40704831
424755,13592160,2026-02-01 07:12,976143,36678342,25,802,3,96,44615,4026233,0,0,8,559.7,17.5,0,0.0,7194,32.0,1020758,40704575
424756,13592192,2026-02-01 07:18,976143,36678344,33,1058,2,64,44617,4026297,0,-1,8,559.7,17.5,0,0.0,7194,32.0,1020760,40704641
424757,13592224,2026-02-01 07:25,976143,36678347,41,1314,2,64,44616,4026265,0,0,8,559.7,17.5,0,0.0,7194,32.0,1020759,40704612
424758,13592256,2026-02-01 07:31,976144,36678423,48,1538,0,0,44609,4030500,1,-2,7,559.7,17.5,0,0.0,7202,32.0,1020753,40708923
424759,13592288,2026-02-01 07:37,976152,36678685,47,1506,0,0,44602,4031744,8,0,-1,559.7,17.5,0,0.0,7204,32.0,1020754,40710429
424760,13592320,2026-02-01 07:44,976160,36678945,47,1504,0,0,44599,4038988,8,0,0,559.7,17.5,0,0.0,7217,32.1,1020759,40717933
424761,13592352,2026-02-01 07:50,976168,36679202,47,1504,0,0,44594,4041764,8,0,0,559.7,17.5,0,0.0,7222,32.1,1020762,40720966
424762,13592384,2026-02-01 07:57,976176,36679461,47,1504,0,0,44587,4041540,8,0,0,559.7,17.5,0,0.0,7221,32.1,1020763,40721001
424763,13592416,2026-02-01 08:03,976184,36679718,47,1504,0,0,44579,4041284,8,0,0,559.7,17.5,0,0.0,7221,32.1,1020763,40721002
424764,13592448,2026-02-01 08:09,976192,36679974,47,1504,0,0,44571,4041028,8,0,0,559.7,17.5,0,0.0,7220,32.1,1020763,40721002
424765,13592480,2026-02-01 08:16,976199,36680200,48,1536,0,0,44564,4040804,7,0,1,559.7,17.5,0,0.0,7220,32.1,1020763,40721004
424766,13592512,2026-02-01 08:22,976207,36680459,48,1536,0,0,44560,4040676,8,0,0,559.7,17.5,0,0.0,7219,32.1,1020767,40721135
424767,13592544,2026-02-01 08:29,976215,36680716,48,1536,0,0,44552,4040420,8,0,0,559.7,17.5,0,0.0,7219,32.1,1020767,40721136
424768,13592576,2026-02-01 08:35,976217,36680780,48,1536,6,192,44545,4040263,2,6,0,559.7,17.5,1,0.0,7219,32.1,1020762,40721043
424769,13592608,2026-02-01 08:41,976225,36681036,48,1536,6,192,44538,4040039,8,0,0,559.7,17.5,1,0.0,7218,32.1,1020763,40721075
424770,13592640,2026-02-01 08:48,976232,36681263,48,1536,7,224,44530,4039783,7,1,0,559.7,17.5,1,0.0,7218,32.1,1020762,40721046
424771,13592672,2026-02-01 08:54,976240,36681521,48,1536,7,224,44522,4039527,8,0,0,559.7,17.5,1,0.0,7217,32.1,1020762,40721048
424772,13592704,2026-02-01 09:01,976246,36681713,48,1536,3,96,44514,4039271,6,-4,0,559.7,17.5,0,0.0,7217,32.1,1020760,40720984
424773,13592736,2026-02-01 09:07,976254,36681977,48,1536,3,96,44506,4039038,8,0,0,559.7,17.5,0,0.0,7216,32.1,1020760,40721015
424774,13592768,2026-02-01 09:13,976262,36682235,47,1504,2,64,44499,4038814,8,-1,-1,559.7,17.5,0,0.0,7216,32.1,1020761,40721049
424775,13592800,2026-02-01 09:20,976269,36682459,47,1504,3,96,44502,4038910,7,1,0,559.7,17.5,0,0.0,7216,32.1,1020771,40721369
424776,13592832,2026-02-01 09:26,976277,36682718,47,1504,1,32,44496,4038718,8,-2,0,559.7,17.5,0,0.0,7215,32.1,1020773,40721436
424777,13592864,2026-02-01 09:33,976285,36682975,47,1504,1,32,44489,4038494,8,0,0,559.7,17.5,0,0.0,7215,32.1,1020774,40721469
424778,13592896,2026-02-01 09:39,976293,36683231,47,1504,1,32,44482,4038270,8,0,0,559.7,17.5,0,0.0,7215,32.1,1020775,40721501
424779,13592928,2026-02-01 09:45,976301,36683488,47,1504,0,0,44475,4038046,8,-1,0,559.7,17.5,0,0.0,7214,32.1,1020776,40721534
424780,13592960,2026-02-01 09:52,976308,36683712,48,1536,0,0,44468,4037822,7,0,1,559.7,17.5,0,0.0,7214,32.1,1020776,40721534
424781,13592992,2026-02-01 09:58,976316,36683971,48,1536,0,0,44462,4041086,8,0,0,559.8,17.5,0,0.0,7219,32.1,1020778,40725057
424782,13593024,2026-02-01 10:05,976324,36684227,48,1536,0,0,44455,4040862,8,0,0,559.8,17.5,0,0.0,7219,32.1,1020779,40725089
424783,13593056,2026-02-01 10:11,976332,36684483,48,1536,0,0,44449,4040670,8,0,0,559.8,17.5,0,0.0,7219,32.1,1020781,40725153
424784,13593088,2026-02-01 10:17,976340,36684742,48,1536,0,0,44441,4040414,8,0,0,559.8,17.5,0,0.0,7218,32.1,1020781,40725156
424785,13593120,2026-02-01 10:24,976348,36685000,48,1536,0,0,44434,4040190,8,0,0,559.8,17.5,0,0.0,7218,32.1,1020782,40725190
424786,13593152,2026-02-01 10:30,976356,36685256,48,1536,0,0,44428,4040021,8,0,0,559.8,17.5,0,0.0,7217,32.1,1020784,40725277
424787,13593184,2026-02-01 10:37,976364,36685513,48,1536,0,0,44420,4039765,8,0,0,559.8,17.5,0,0.0,7217,32.1,1020784,40725278
424788,13593216,2026-02-01 10:43,976372,36685771,48,1536,0,0,44415,4039605,8,0,0,559.8,17.5,0,0.0,7216,32.1,1020787,40725376
424789,13593248,2026-02-01 10:49,976380,36686028,48,1536,0,0,44407,4039349,8,0,0,559.8,17.5,0,0.0,7216,32.1,1020787,40725377
424790,13593280,2026-02-01 10:56,976388,36686288,48,1536,0,0,44399,4039093,8,0,0,559.8,17.5,0,0.0,7215,32.1,1020787,40725381
424791,13593312,2026-02-01 11:02,976396,36686545,48,1536,0,0,44391,4038837,8,0,0,559.8,17.5,0,0.0,7215,32.1,1020787,40725382
424792,13593344,2026-02-01 11:09,976404,36686802,48,1536,0,0,44383,4038581,8,0,0,559.8,17.5,0,0.0,7214,32.1,1020787,40725383
424793,13593376,2026-02-01 11:15,976402,36686738,48,1536,10,320,44375,4038325,-2,10,0,559.8,17.5,1,0.0,7214,32.1,1020777,40725063
424794,13593408,2026-02-01 11:21,976410,36686994,48,1536,10,320,44395,4038965,8,0,0,559.8,17.5,1,0.0,7215,32.1,1020805,40725959
424795,13593440,2026-02-01 11:28,976418,36687251,48,1536,10,320,44388,4038741,8,0,0,559.8,17.5,1,0.0,7215,32.1,1020806,40725992
424796,13593472,2026-02-01 11:34,976426,36687510,48,1536,10,320,44380,4038485,8,0,0,559.8,17.5,1,0.0,7214,32.1,1020806,40725995
424797,13593504,2026-02-01 11:41,976434,36687768,48,1536,2,64,44372,4038229,8,-8,0,559.8,17.5,0,0.0,7214,32.1,1020806,40725997
424798,13593536,2026-02-01 11:47,976442,36688027,48,1536,0,0,44364,4037973,8,-2,0,559.8,17.5,0,0.0,7213,32.1,1020806,40726000
424799,13593568,2026-02-01 11:53,976450,36688286,48,1536,0,0,44357,4037749,8,0,0,559.8,17.5,0,0.0,7213,32.1,1020807,40726035
424800,13593600,2026-02-01 12:00,976458,36688544,48,1536,0,0,44349,4037493,8,0,0,559.8,17.5,0,0.0,7212,32.1,1020807,40726037
424801,13593632,2026-02-01 12:06,976466,36688801,48,1536,0,0,44342,4037269,8,0,0,559.8,17.5,0,0.0,7212,32.1,1020808,40726070
424802,13593664,2026-02-01 12:13,976474,36689057,48,1536,0,0,44343,4037301,8,0,0,559.8,17.5,0,0.0,7212,32.1,1020817,40726358
424803,13593696,2026-02-01 12:19,976482,36689379,48,1536,0,0,44335,4037045,8,0,0,559.8,17.5,0,0.0,7211,32.0,1020817,40726424
424804,13593728,2026-02-01 12:25,976490,36689636,48,1536,0,0,44327,4036789,8,0,0,559.8,17.5,0,0.0,7211,32.0,1020817,40726425
424805,13593760,2026-02-01 12:32,976495,36689798,48,1536,3,96,44351,4037557,5,3,0,559.8,17.5,0,0.0,7212,32.1,1020846,40727355
424806,13593792,2026-02-01 12:38,976503,36690054,48,1536,3,96,44345,4037365,8,0,0,559.8,17.5,0,0.0,7212,32.1,1020848,40727419
424807,13593824,2026-02-01 12:45,976511,36690311,48,1536,3,96,44388,4038741,8,0,0,559.8,17.5,0,0.0,7214,32.1,1020899,40729052
424808,13593856,2026-02-01 12:51,976507,36690186,48,1536,15,480,44383,4038581,-4,12,0,559.8,17.5,2,0.0,7214,32.1,1020890,40728767
424809,13593888,2026-02-01 12:57,976515,36690446,48,1536,12,384,44375,4038325,8,-3,0,559.9,17.5,2,0.0,7213,32.1,1020890,40728771
424810,13593920,2026-02-01 13:04,976523,36690705,48,1536,12,384,44367,4038069,8,0,0,559.9,17.5,2,0.0,7213,32.1,1020890,40728774
424811,13593952,2026-02-01 13:10,976531,36690961,48,1536,12,384,44359,4037813,8,0,0,559.9,17.5,2,0.0,7212,32.1,1020890,40728774
424812,13593984,2026-02-01 13:17,976539,36691218,48,1536,4,128,44356,4037717,8,-8,0,559.9,17.5,0,0.0,7212,32.1,1020895,40728935
424813,13594016,2026-02-01 13:23,976547,36691478,48,1536,0,0,44361,4037877,8,-4,0,559.9,17.5,0,0.0,7212,32.1,1020908,40729355
424814,13594048,2026-02-01 13:29,976555,36691737,48,1536,0,0,44354,4037653,8,0,0,559.9,17.5,0,0.0,7212,32.1,1020909,40729390
424815,13594080,2026-02-01 13:36,976563,36691994,48,1536,0,0,44348,4037432,8,0,0,559.9,17.5,0,0.0,7211,32.0,1020911,40729426
424816,13594112,2026-02-01 13:42,976571,36692253,47,1533,0,0,44340,4037176,8,0,-1,559.9,17.5,0,0.0,7211,32.0,1020911,40729429
424817,13594144,2026-02-01 13:49,976579,36692511,47,1533,0,0,44332,4036920,8,0,0,559.9,17.5,0,0.0,7210,32.0,1020911,40729431
424818,13594176,2026-02-01 13:55,976587,36692767,47,1533,0,0,44324,4036664,8,0,0,559.9,17.5,0,0.0,7210,32.0,1020911,40729431
424819,13594208,2026-02-01 14:01,976595,36693025,47,1533,0,0,44316,4036408,8,0,0,559.9,17.5,0,0.0,7209,32.0,1020911,40729433
424820,13594240,2026-02-01 14:08,976603,36693324,47,1533,0,0,44303,4036304,8,0,0,559.9,17.5,0,0.0,7209,32.0,1020906,40729628
424821,13594272,2026-02-01 14:14,976611,36693582,44,1437,0,0,44288,4036354,8,0,-3,559.9,17.5,0,0.0,7209,32.0,1020899,40729936
424822,13594304,2026-02-01 14:21,976618,36693837,37,1184,0,0,44273,4036360,7,0,-7,559.9,17.5,0,0.0,7209,32.0,1020891,40730197
424823,13594336,2026-02-01 14:27,976626,36694094,29,928,0,0,44258,4036136,8,0,-8,559.9,17.5,0,0.0,7209,32.0,1020884,40730230
424824,13594368,2026-02-01 14:33,976634,36694351,28,896,0,0,44258,4036136,8,0,-1,559.9,17.5,0,0.0,7209,32.0,1020892,40730487
424825,13594400,2026-02-01 14:40,976642,36694609,22,872,0,0,44258,4035906,8,0,-6,559.9,17.5,0,0.0,7208,32.0,1020900,40730515
424826,13594432,2026-02-01 14:46,976650,36694865,15,816,0,0,44257,4035512,8,0,-7,559.9,17.5,0,0.0,7207,32.0,1020907,40730377
424827,13594464,2026-02-01 14:53,976655,36695026,11,856,0,0,44257,4035512,5,0,-4,559.9,17.5,0,0.0,7207,32.0,1020912,40730538
424828,13594496,2026-02-01 14:59,976655,36695028,13,1256,0,0,44256,4034974,0,0,2,559.9,17.5,0,0.0,7206,32.0,1020911,40730002
424829,13594528,2026-02-01 15:05,976655,36695029,14,1456,0,0,44255,4034774,0,0,1,559.9,17.5,0,0.0,7206,32.0,1020910,40729803
424830,13594560,2026-02-01 15:12,976612,36693656,8,1432,50,1600,44256,4034806,-43,50,-6,559.9,17.5,6,0.0,7206,32.0,1020868,40728462
424831,13594592,2026-02-01 15:18,976614,36693890,7,1400,50,1600,44261,4034462,2,0,-1,559.9,17.5,6,0.0,7206,32.0,1020875,40728352
424832,13594624,2026-02-01 15:25,976615,36694091,8,1600,50,1600,44267,4034486,1,0,1,559.9,17.5,6,0.0,7206,32.0,1020882,40728577
424833,13594656,2026-02-01 15:31,976616,36694292,8,1600,50,1600,44266,4034286,1,0,0,559.9,17.5,6,0.0,7205,32.0,1020882,40728578
424834,13594688,2026-02-01 15:37,976618,36694693,7,1400,42,1344,44266,4033950,2,-8,-1,559.9,17.5,5,0.0,7205,32.0,1020884,40728643
424835,13594720,2026-02-01 15:44,976617,36694831,8,1600,36,1152,44270,4034078,-1,-6,1,559.9,17.5,4,0.0,7205,32.0,1020887,40728909
424836,13594752,2026-02-01 15:50,976617,36695000,8,1600,29,928,44269,4033710,0,-7,0,559.9,17.5,4,0.0,7204,32.0,1020886,40728710
424837,13594784,2026-02-01 15:57,976617,36695171,8,1600,22,704,44269,4033710,0,-7,0,559.9,17.5,3,0.0,7204,32.0,1020886,40728881
424838,13594816,2026-02-01 16:03,976619,36695572,7,1400,14,448,44267,4033174,2,-8,-1,559.9,17.5,2,0.0,7203,32.0,1020886,40728746
424839,13594848,2026-02-01 16:09,976620,36695773,8,1600,6,192,44267,4033174,1,-8,1,559.9,17.5,1,0.0,7203,32.0,1020887,40728947
424840,13594880,2026-02-01 16:16,976621,36695976,8,1600,2,64,44267,4033006,1,-4,0,559.9,17.5,0,0.0,7203,32.0,1020888,40728982
424841,13594912,2026-02-01 16:22,976623,36696379,7,1400,0,0,44265,4032439,2,-2,-1,559.9,17.5,0,0.0,7202,32.0,1020888,40728818
424842,13594944,2026-02-01 16:29,976624,36696581,8,1600,0,0,44266,4032581,1,0,1,559.9,17.5,0,0.0,7202,32.0,1020890,40729162
424843,13594976,2026-02-01 16:35,976607,36696207,8,1600,18,576,44265,4032213,-17,18,0,559.9,17.5,2,0.0,7201,32.0,1020872,40728420
424844,13595008,2026-02-01 16:41,976558,36694809,8,1600,68,2176,44264,4032013,-49,50,0,559.9,17.5,8,0.0,7201,32.0,1020822,40726822
424845,13595040,2026-02-01 16:48,976510,36693610,7,1400,118,3776,44262,4031613,-48,50,-1,559.9,17.5,15,0.1,7201,32.0,1020772,40725223
424846,13595072,2026-02-01 16:54,976511,36693813,8,1600,118,3776,44261,4031413,1,0,1,559.9,17.5,15,0.1,7200,32.0,1020772,40725226
424847,13595104,2026-02-01 17:01,976512,36694014,8,1600,110,3520,44263,4031309,1,-8,0,559.9,17.5,14,0.1,7200,32.0,1020775,40725323
424848,13595136,2026-02-01 17:07,976498,36693904,7,1400,118,3776,44263,4031141,-14,8,-1,559.9,17.5,15,0.1,7200,32.0,1020761,40725045
424849,13595168,2026-02-01 17:13,976499,36694106,7,1400,110,3520,44262,4030773,1,-8,0,559.9,17.5,14,0.1,7199,32.0,1020761,40724879
424850,13595200,2026-02-01 17:20,976498,36694245,8,1600,104,3328,44272,4031093,-1,-6,1,559.9,17.5,13,0.1,7200,32.0,1020770,40725338
424851,13595232,2026-02-01 17:26,976499,36694448,8,1600,96,3072,44276,4030885,1,-8,0,559.9,17.5,12,0.1,7199,32.0,1020775,40725333
424852,13595264,2026-02-01 17:33,976501,36694849,7,1400,88,2816,44274,4030485,2,-8,-1,559.9,17.5,11,0.0,7198,32.0,1020775,40725334
424853,13595296,2026-02-01 17:39,976502,36695050,8,1600,80,2560,44274,4030485,1,-8,1,559.9,17.5,10,0.0,7198,32.0,1020776,40725535
424854,13595328,2026-02-01 17:45,976503,36695252,8,1600,72,2304,44273,4030117,1,-8,0,559.9,17.5,9,0.0,7198,32.0,1020776,40725369
424855,13595360,2026-02-01 17:52,976504,36695455,8,1600,64,2048,44276,4030045,1,-8,0,559.9,17.5,8,0.0,7197,32.0,1020780,40725500
424856,13595392,2026-02-01 17:58,976506,36695855,7,1400,56,1792,44275,4029677,2,-8,-1,559.9,17.5,7,0.0,7197,32.0,1020781,40725532
424857,13595424,2026-02-01 18:05,976507,36696056,8,1600,48,1536,44275,4029677,1,-8,1,559.9,17.5,6,0.0,7197,32.0,1020782,40725733
424858,13595456,2026-02-01 18:11,976508,36696259,8,1600,40,1280,44278,4029437,1,-8,0,559.9,17.5,5,0.0,7196,32.0,1020786,40725696
424859,13595488,2026-02-01 18:17,976506,36696533,11,1528,36,1152,44277,4029237,-2,-4,3,559.9,17.5,4,0.0,7196,32.0,1020783,40725770
424860,13595520,2026-02-01 18:24,976499,36696478,11,1528,36,1152,44276,4029037,-7,0,0,559.9,17.5,4,0.0,7195,32.0,1020775,40725515
424861,13595552,2026-02-01 18:30,976500,36696679,11,1528,29,928,44309,4028871,1,-7,0,559.9,17.5,4,0.0,7195,32.0,1020809,40725550
424862,13595584,2026-02-01 18:37,976501,36696881,11,1528,21,672,44310,4028879,1,-8,0,559.9,17.5,3,0.0,7195,32.0,1020811,40725760
424863,13595616,2026-02-01 18:43,976503,36697281,11,1528,9,288,44310,4028543,2,-12,0,560.0,17.5,1,0.0,7194,32.0,1020813,40725824
424864,13595648,2026-02-01 18:49,976504,36697483,11,1528,1,32,44309,4028175,1,-8,0,560.0,17.5,0,0.0,7194,32.0,1020813,40725658
424865,13595680,2026-02-01 18:56,976509,36697813,7,1400,0,0,44307,4027775,5,-1,-4,560.0,17.5,0,0.0,7193,32.0,1020816,40725588
424866,13595712,2026-02-01 19:02,976510,36698016,8,1600,0,0,44306,4027575,1,0,1,560.0,17.5,0,0.0,7193,32.0,1020816,40725591
424867,13595744,2026-02-01 19:09,976511,36698216,8,1600,0,0,44305,4027375,1,0,0,560.0,17.5,0,0.0,7192,32.0,1020816,40725591
424868,13595776,2026-02-01 19:15,976512,36698416,8,1600,0,0,44304,4027175,1,0,0,560.0,17.5,0,0.0,7192,32.0,1020816,40725591
424869,13595808,2026-02-01 19:21,976514,36698817,7,1400,0,0,44302,4026775,2,0,-1,560.0,17.5,0,0.0,7191,32.0,1020816,40725592
424870,13595840,2026-02-01 19:28,976515,36699019,8,1600,0,0,44302,4026775,1,0,1,560.0,17.5,0,0.0,7191,32.0,1020817,40725794
424871,13595872,2026-02-01 19:34,976516,36699219,8,1600,0,0,44301,4026407,1,0,0,560.0,17.5,0,0.0,7190,32.0,1020817,40725626
424872,13595904,2026-02-01 19:41,976518,36699624,7,1400,0,0,44299,4026007,2,0,-1,560.0,17.5,0,0.0,7189,32.0,1020817,40725631
424873,13595936,2026-02-01 19:47,976519,36699826,8,1600,0,0,44296,4025743,1,0,1,560.0,17.5,0,0.0,7189,32.0,1020815,40725569
424874,13595968,2026-02-01 19:53,976519,36699938,10,1664,1,89,44294,4025650,0,1,2,560.0,17.5,0,0.0,7189,32.0,1020813,40725588
424875,13596000,2026-02-01 20:00,976519,36700107,12,1560,2,121,44294,4025650,0,1,2,560.0,17.5,0,0.0,7189,32.0,1020813,40725757
424876,13596032,2026-02-01 20:06,976519,36700871,10,1160,4,185,44293,4025224,0,2,-2,560.0,17.5,0,0.0,7188,31.9,1020812,40726095
424877,13596064,2026-02-01 20:13,976520,36701499,10,992,4,185,44294,4024863,1,0,0,560.0,17.5,0,0.0,7187,31.9,1020814,40726362
424878,13596096,2026-02-01 20:19,976521,36701700,9,792,3,96,44294,4024863,1,-1,-1,560.0,17.5,0,0.0,7187,31.9,1020815,40726563
424879,13596128,2026-02-01 20:25,976523,36702525,7,392,2,64,44293,4024437,2,-1,-2,560.0,17.5,0,0.0,7186,31.9,1020816,40726962
424880,13596160,2026-02-01 20:32,976510,36702279,4,128,16,512,44293,4024437,-13,14,-3,560.0,17.5,2,0.0,7186,31.9,1020803,40726716
424881,13596192,2026-02-01 20:38,976400,36699188,1,32,129,4128,44292,4024011,-110,113,-3,560.0,17.5,16,0.1,7186,31.9,1020692,40723199
424882,13596224,2026-02-01 20:45,976395,36699454,1,32,134,4288,44291,4023586,-5,5,0,560.0,17.5,17,0.1,7185,31.9,1020686,40723040
424883,13596256,2026-02-01 20:51,976382,36699041,0,0,148,4736,44293,4023650,-13,14,-1,560.0,17.5,18,0.1,7185,31.9,1020675,40722691
424884,13596288,2026-02-01 20:57,976382,36699467,0,0,140,4480,44294,4023682,0,-8,0,560.0,17.5,18,0.1,7185,31.9,1020676,40723149
424885,13596320,2026-02-01 21:04,976377,36699207,1,32,137,4384,44295,4023320,-5,-3,1,560.0,17.5,17,0.1,7185,31.9,1020672,40722527
424886,13596352,2026-02-01 21:10,976377,36699632,1,32,129,4128,44294,4022894,0,-8,0,560.0,17.5,16,0.1,7184,31.9,1020671,40722526
424887,13596384,2026-02-01 21:17,976377,36700057,1,32,121,3872,44297,4022990,0,-8,0,560.0,17.5,15,0.1,7184,31.9,1020674,40723047
424888,13596416,2026-02-01 21:23,976377,36700057,1,32,113,3616,44297,4022597,0,-8,0,560.0,17.5,14,0.1,7183,31.9,1020674,40722654
424889,13596448,2026-02-01 21:29,976377,36700486,2,64,105,3360,44294,4022107,0,-8,1,560.0,17.5,13,0.1,7182,31.9,1020671,40722593
424890,13596480,2026-02-01 21:36,976377,36700487,4,128,97,3104,44294,4022107,0,-8,2,560.0,17.5,12,0.1,7182,31.9,1020671,40722594
424891,13596512,2026-02-01 21:42,976378,36700768,7,224,89,2848,44289,4021731,1,-8,3,560.0,17.5,11,0.0,7182,31.9,1020667,40722499
424892,13596544,2026-02-01 21:49,976377,36700737,11,352,82,2624,44281,4021475,-1,-7,4,560.0,17.5,10,0.0,7181,31.9,1020658,40722212
424893,13596576,2026-02-01 21:55,976375,36700680,19,608,76,2432,44273,4021248,-2,-6,8,560.0,17.5,10,0.0,7181,31.9,1020648,40721928
424894,13596608,2026-02-01 22:01,976375,36700681,27,864,68,2176,44265,4020992,0,-8,8,560.0,17.5,8,0.0,7180,31.9,1020640,40721673
424895,13596640,2026-02-01 22:08,976376,36700716,34,1088,60,1920,44304,4022240,1,-8,7,560.0,17.5,8,0.0,7182,31.9,1020680,40722956
424896,13596672,2026-02-01 22:14,976378,36700782,40,1280,52,1664,44329,4023040,2,-8,6,560.0,17.5,6,0.0,7184,31.9,1020707,40723822
424897,13596704,2026-02-01 22:21,976382,36701338,37,1184,44,1408,44372,4024023,4,-8,-3,560.0,17.5,6,0.0,7186,31.9,1020754,40725361
424898,13596736,2026-02-01 22:27,976386,36701467,35,1120,36,1152,44392,4024663,4,-8,-2,560.0,17.5,4,0.0,7187,31.9,1020778,40726130
424899,13596768,2026-02-01 22:33,976394,36701726,35,1120,28,896,44417,4025463,8,-8,0,560.0,17.5,4,0.0,7188,31.9,1020811,40727189
424900,13596800,2026-02-01 22:40,976402,36701986,35,1120,20,640,44430,4025879,8,-8,0,560.0,17.5,2,0.0,7189,32.0,1020832,40727865
424901,13596832,2026-02-01 22:46,976410,36702672,27,864,12,384,44467,4095338,8,-8,-8,560.0,17.5,2,0.0,7313,32.5,1020877,40798010
424902,13596864,2026-02-01 22:53,976416,36702865,19,608,6,192,44471,4095188,6,-6,-8,560.0,17.5,1,0.0,7312,32.5,1020887,40798053
424903,13596896,2026-02-01 22:59,976417,36703176,18,576,2,64,44472,4095220,1,-4,-1,560.0,17.5,0,0.0,7312,32.5,1020889,40798396
424904,13596928,2026-02-01 23:05,976419,36703667,16,512,2,64,44471,4094431,2,0,-2,560.1,17.5,0,0.0,7311,32.5,1020890,40798098
424905,13596960,2026-02-01 23:12,976427,36703926,8,256,2,64,44471,4094431,8,0,-8,560.1,17.5,0,0.0,7311,32.5,1020898,40798357
424906,13596992,2026-02-01 23:18,976435,36704609,0,0,0,0,44473,4094102,8,-2,-8,560.1,17.5,0,0.0,7310,32.5,1020908,40798711
424907,13597024,2026-02-01 23:25,976435,36704609,2,64,0,0,44473,4094102,0,0,2,560.1,17.5,0,0.0,7310,32.5,1020908,40798711
424908,13597056,2026-02-01 23:31,976435,36705037,2,64,0,0,44472,4093676,0,0,0,560.1,17.5,0,0.0,7309,32.5,1020907,40798713
424909,13597088,2026-02-01 23:37,976435,36705020,2,64,0,0,44472,4093676,0,0,0,560.1,17.5,0,0.0,7309,32.5,1020907,40798696
424910,13597120,2026-02-01 23:44,976435,36705449,2,64,0,0,44471,4093251,0,0,0,560.1,17.5,0,0.0,7308,32.5,1020906,40798700
424911,13597152,2026-02-01 23:50,976433,36705812,2,64,2,64,44470,4092825,-2,2,0,560.1,17.5,0,0.0,7307,32.5,1020903,40798637
424912,13597184,2026-02-01 23:57,976431,36705751,2,64,4,128,44470,4092825,-2,2,0,560.1,17.5,0,0.0,7308,32.5,1020901,40798576
424913,13597216,2026-02-02 00:03,976426,36706018,0,0,11,352,44469,4092399,-5,7,-2,560.1,17.5,1,0.0,7307,32.5,1020895,40798417
424914,13597248,2026-02-02 00:09,976420,36705828,0,0,17,544,44469,4092399,-6,6,0,560.1,17.5,2,0.0,7307,32.5,1020889,40798227
424915,13597280,2026-02-02 00:16,976416,36705936,0,0,19,608,44478,4092294,-4,2,0,560.1,17.5,2,0.0,7307,32.5,1020894,40798230
424917,13597344,2026-02-02 00:29,976400,36705928,1,32,26,832,44470,4091579,-16,7,1,560.1,17.5,3,0.0,7305,32.5,1020870,40797507
424918,13597376,2026-02-02 00:35,976383,36705386,6,220,37,1184,44462,4091323,-17,11,5,560.1,17.5,5,0.0,7305,32.5,1020845,40796709
424919,13597408,2026-02-02 00:41,976383,36705409,14,476,33,1056,44461,4091285,0,-4,8,560.1,17.5,4,0.0,7305,32.5,1020844,40796694
424920,13597440,2026-02-02 00:48,976383,36705490,20,668,25,800,44455,4091045,0,-8,6,560.1,17.5,3,0.0,7304,32.5,1020838,40796535
424921,13597472,2026-02-02 00:54,976383,36705492,26,860,17,544,44457,4091150,0,-8,6,560.1,17.5,2,0.0,7305,32.5,1020840,40796642
424922,13597504,2026-02-02 01:01,976383,36705493,34,1116,9,288,44457,4091150,0,-8,8,560.1,17.5,1,0.0,7305,32.5,1020840,40796643
424923,13597536,2026-02-02 01:07,976384,36705527,33,1084,1,32,44457,4091150,1,-8,-1,560.1,17.5,0,0.0,7305,32.5,1020841,40796677
424924,13597568,2026-02-02 01:13,976389,36705718,28,896,0,0,44457,4091150,5,-1,-5,560.1,17.5,0,0.0,7305,32.5,1020846,40796868
424925,13597600,2026-02-02 01:20,976397,36705974,20,640,0,0,44471,4091598,8,0,-8,560.1,17.5,0,0.0,7305,32.5,1020868,40797572
424926,13597632,2026-02-02 01:26,976403,36706168,14,448,0,0,44474,4091694,6,0,-6,560.1,17.5,0,0.0,7305,32.5,1020877,40797862
424927,13597664,2026-02-02 01:33,976409,36706361,8,256,0,0,44476,4091729,6,0,-6,560.1,17.5,0,0.0,7305,32.5,1020885,40798090
424928,13597696,2026-02-02 01:39,976417,36706619,0,0,0,0,44476,4091729,8,0,-8,560.1,17.5,0,0.0,7305,32.5,1020893,40798348
424929,13597728,2026-02-02 01:45,976417,36706672,0,0,0,0,44473,4089677,0,0,0,560.1,17.5,0,0.0,7302,32.5,1020890,40796349
424930,13597760,2026-02-02 01:52,976416,36706736,2,2032,1,32,44470,4089581,-1,1,2,560.1,17.5,0,0.0,7302,32.5,1020886,40796317
424931,13597792,2026-02-02 01:58,976416,36706946,5,2128,1,32,44469,4089242,0,0,3,560.1,17.5,0,0.0,7301,32.4,1020885,40796188
424932,13597824,2026-02-02 02:05,976416,36707139,6,2319,1,32,44468,4089437,0,0,1,560.1,17.5,0,0.0,7301,32.4,1020884,40796576
424933,13597856,2026-02-02 02:11,976416,36707140,14,2575,1,32,44462,4089158,0,0,8,560.1,17.5,0,0.0,7301,32.4,1020878,40796298
424934,13597888,2026-02-02 02:17,976416,36707142,21,2854,0,0,44460,4089036,0,-1,7,560.1,17.5,0,0.0,7300,32.4,1020876,40796178
424935,13597920,2026-02-02 02:24,976415,36707127,23,2976,1,32,44458,4088770,-1,1,2,560.1,17.5,0,0.0,7300,32.4,1020873,40795897
424936,13597952,2026-02-02 02:30,976417,36709161,22,1194,1,32,44456,4088410,2,0,-1,560.1,17.5,0,0.0,7299,32.4,1020873,40797571
424937,13597984,2026-02-02 02:37,976420,36709258,21,1457,1,32,44456,4088379,3,0,-1,560.1,17.5,0,0.0,7299,32.4,1020876,40797637
424938,13598016,2026-02-02 02:43,976417,36709323,21,1298,5,160,44456,4088379,-3,4,0,560.1,17.5,1,0.0,7299,32.4,1020873,40797702
424939,13598048,2026-02-02 02:49,976393,36708561,13,1042,36,1152,44451,4087676,-24,31,-8,560.1,17.5,4,0.0,7298,32.4,1020844,40796237
424940,13598080,2026-02-02 02:56,976381,36708233,11,1492,55,1760,44444,4087438,-12,19,-2,560.1,17.5,7,0.0,7297,32.4,1020825,40795671
424941,13598112,2026-02-02 03:02,976379,36708228,17,1626,59,1888,44439,4087278,-2,4,6,560.1,17.5,7,0.0,7297,32.4,1020818,40795506
424942,13598144,2026-02-02 03:09,976375,36708469,21,1536,60,1920,44433,4086968,-4,1,4,560.1,17.5,8,0.0,7297,32.4,1020808,40795437
424943,13598176,2026-02-02 03:15,976377,36708978,24,1337,52,1664,44427,4086658,2,-8,3,560.1,17.5,6,0.0,7296,32.4,1020804,40795636
424944,13598208,2026-02-02 03:21,976378,36709011,28,1465,44,1408,44432,4086818,1,-8,4,560.1,17.5,6,0.0,7296,32.4,1020810,40795829
424945,13598240,2026-02-02 03:28,976374,36708883,36,1721,40,1280,44424,4086562,-4,-4,8,560.1,17.5,5,0.0,7296,32.4,1020798,40795445
424946,13598272,2026-02-02 03:34,976379,36709612,39,1248,32,1024,44416,4086306,5,-8,3,560.1,17.5,4,0.0,7295,32.4,1020795,40795918
424947,13598304,2026-02-02 03:41,976386,36709836,39,1248,25,800,44409,4086082,7,-7,0,560.1,17.5,3,0.0,7295,32.4,1020795,40795918
424948,13598336,2026-02-02 03:47,976386,36709836,42,1344,22,704,44401,4085826,0,-3,3,560.1,17.5,3,0.0,7294,32.4,1020787,40795662
424949,13598368,2026-02-02 03:53,976389,36709934,45,1440,17,544,44395,4086633,3,-5,3,560.1,17.5,2,0.0,7296,32.4,1020784,40796567
424950,13598400,2026-02-02 04:00,976394,36710096,48,1536,9,288,44388,4086409,5,-8,3,560.2,17.5,1,0.0,7295,32.4,1020782,40796505
424951,13598432,2026-02-02 04:06,976397,36710194,48,1536,12,384,44380,4086153,3,3,0,560.2,17.5,2,0.0,7295,32.4,1020777,40796347
424952,13598464,2026-02-02 04:13,976309,36707378,48,1536,103,3296,44372,4085897,-88,91,0,560.1,17.5,13,0.1,7295,32.4,1020681,40793275
424953,13598496,2026-02-02 04:19,976317,36707636,48,1536,101,3232,44364,4085641,8,-2,0,560.1,17.5,13,0.1,7294,32.4,1020681,40793277
424954,13598528,2026-02-02 04:25,976325,36707892,48,1536,101,3232,44357,4085417,8,0,0,560.1,17.5,13,0.1,7294,32.4,1020682,40793309
424955,13598560,2026-02-02 04:32,976317,36707637,48,1536,116,3712,44349,4085161,-8,15,0,560.1,17.5,14,0.1,7293,32.4,1020666,40792798
424956,13598592,2026-02-02 04:38,976295,36706936,48,1536,138,4416,44343,4084969,-22,22,0,560.1,17.5,17,0.1,7293,32.4,1020638,40791905
424957,13598624,2026-02-02 04:45,976298,36707034,48,1536,135,4320,44337,4084777,3,-3,0,560.1,17.5,17,0.1,7293,32.4,1020635,40791811
424958,13598656,2026-02-02 04:51,976302,36707163,46,1472,131,4192,44337,4084777,4,-4,-2,560.1,17.5,16,0.1,7293,32.4,1020639,40791940
424959,13598688,2026-02-02 04:57,976310,36707421,38,1216,123,3936,44337,4084777,8,-8,-8,560.1,17.5,15,0.1,7293,32.4,1020647,40792198
424960,13598720,2026-02-02 05:04,976316,36707614,30,960,117,3744,44335,4083945,6,-6,-8,560.1,17.5,15,0.1,7291,32.4,1020651,40791559
424961,13598752,2026-02-02 05:10,976324,36707871,24,1536,109,3488,44327,4083689,8,-8,-6,560.1,17.5,14,0.1,7291,32.4,1020651,40791560
424962,13598784,2026-02-02 05:17,976329,36708033,24,1536,104,3328,44328,4083721,5,-5,0,560.1,17.5,13,0.1,7291,32.4,1020657,40791754
424963,13598816,2026-02-02 05:23,976166,36702819,24,1536,267,8544,44333,4083881,-163,163,0,560.0,17.5,33,0.1,7292,32.4,1020499,40786700
424964,13598848,2026-02-02 05:29,975954,36696040,26,1600,477,15264,44325,4083625,-212,210,2,559.9,17.5,60,0.3,7293,32.4,1020279,40779665
424965,13598880,2026-02-02 05:36,975808,36691371,34,1856,615,19680,44317,4083369,-146,138,8,559.9,17.5,77,0.3,7293,32.4,1020125,40774740
424966,13598912,2026-02-02 05:42,975687,36687502,42,2112,728,23296,44310,4083145,-121,113,8,559.8,17.5,91,0.4,7294,32.4,1019997,40770647
424967,13598944,2026-02-02 05:49,975570,36684528,48,1536,839,26848,44302,4082889,-117,111,6,559.8,17.5,105,0.5,7294,32.4,1019872,40767417
424968,13598976,2026-02-02 05:55,975465,36681168,48,1536,944,30208,44294,4082633,-105,105,0,559.7,17.5,118,0.5,7294,32.4,1019759,40763801
424969,13599008,2026-02-02 06:01,975354,36677617,48,1536,1055,33760,44291,4082537,-111,111,0,559.7,17.5,132,0.6,7295,32.4,1019645,40760154
424970,13599040,2026-02-02 06:08,975242,36674034,43,1376,1167,37344,44291,4082537,-112,112,-5,559.6,17.5,146,0.6,7295,32.4,1019533,40756571
424971,13599072,2026-02-02 06:14,975126,36670323,35,1120,1283,41056,44295,4082098,-116,116,-8,559.5,17.5,160,0.7,7295,32.4,1019421,40752421
424972,13599104,2026-02-02 06:21,975021,36666963,30,1527,1388,44416,44295,4082098,-105,105,-5,559.5,17.5,174,0.8,7296,32.4,1019316,40749061
424973,13599136,2026-02-02 06:27,975028,36667189,22,1271,1382,44224,44296,4082130,7,-6,-8,559.5,17.5,173,0.8,7296,32.4,1019324,40749319
424974,13599168,2026-02-02 06:33,975036,36667446,14,1015,1374,43968,44296,4082130,8,-8,-8,559.5,17.5,172,0.8,7296,32.4,1019332,40749576
424975,13599200,2026-02-02 06:40,975044,36667703,6,759,1366,43712,44301,4082290,8,-8,-8,559.5,17.5,171,0.8,7296,32.4,1019345,40749993
424976,13599232,2026-02-02 06:46,975047,36667799,3,663,1358,43456,44301,4082290,3,-8,-3,559.5,17.5,170,0.8,7296,32.4,1019348,40750089
424977,13599264,2026-02-02 06:53,975047,36667802,3,663,1350,43200,44302,4082322,0,-8,0,559.5,17.5,169,0.8,7296,32.4,1019349,40750124
424978,13599296,2026-02-02 06:59,975050,36668370,0,0,1342,42944,44302,4082322,3,-8,-3,559.5,17.5,168,0.7,7296,32.4,1019352,40750692
424979,13599328,2026-02-02 07:05,975050,36668371,0,0,1334,42688,44303,4080413,0,-8,0,559.5,17.5,167,0.7,7293,32.4,1019353,40748784
424980,13599360,2026-02-02 07:12,975050,36668373,1,1920,1326,42432,44305,4080477,0,-8,1,559.5,17.5,166,0.7,7293,32.4,1019355,40748850
424981,13599392,2026-02-02 07:18,975033,36667832,1,1920,1335,42720,44360,4082305,-17,9,0,559.5,17.5,167,0.7,7296,32.4,1019393,40750137
424982,13599424,2026-02-02 07:25,975032,36667802,1,1920,1328,42496,44360,4082305,-1,-7,0,559.5,17.5,166,0.7,7296,32.4,1019392,40750107
424983,13599456,2026-02-02 07:31,975028,36667675,1,1920,1324,42368,44370,4082625,-4,-4,0,559.5,17.5,166,0.7,7297,32.4,1019398,40750300
424984,13599488,2026-02-02 07:37,975027,36667646,1,1920,1317,42144,44370,4082625,-1,-7,0,559.5,17.5,165,0.7,7297,32.4,1019397,40750271
424985,13599520,2026-02-02 07:44,975027,36667637,1,1920,1309,41888,44370,4082625,0,-8,0,559.5,17.5,164,0.7,7297,32.4,1019397,40750262
424986,13599552,2026-02-02 07:50,975013,36669079,0,0,1316,42112,44370,4082625,-14,7,-1,559.5,17.5,164,0.7,7297,32.4,1019383,40751704
424987,13599584,2026-02-02 07:57,975013,36669081,1,1920,1308,41856,44371,4080738,0,-8,1,559.5,17.5,164,0.7,7293,32.4,1019384,40749819
424988,13599616,2026-02-02 08:03,975006,36668851,1,1920,1307,41834,44371,4080738,-7,-1,0,559.5,17.5,163,0.7,7293,32.4,1019377,40749589
424989,13599648,2026-02-02 08:09,975004,36668790,1,1920,1301,41642,44371,4080738,-2,-6,0,559.5,17.5,163,0.7,7293,32.4,1019375,40749528
424990,13599680,2026-02-02 08:16,975004,36668790,1,1920,1293,41386,44371,4080738,0,-8,0,559.5,17.5,162,0.7,7293,32.4,1019375,40749528
424991,13599712,2026-02-02 08:22,975004,36668793,1,1920,1285,41130,44371,4080738,0,-8,0,559.5,17.5,161,0.7,7293,32.4,1019375,40749531
424992,13599744,2026-02-02 08:29,975004,36668795,1,1920,1277,40874,44372,4080770,0,-8,0,559.5,17.5,160,0.7,7293,32.4,1019376,40749565
424993,13599776,2026-02-02 08:35,974978,36669852,0,0,1296,41482,44373,4080802,-26,19,-1,559.5,17.5,162,0.7,7293,32.4,1019351,40750654
424994,13599808,2026-02-02 08:41,974978,36669855,0,0,1288,41226,44372,4078882,0,-8,0,559.5,17.5,161,0.7,7290,32.4,1019350,40748737
424995,13599840,2026-02-02 08:48,974978,36669855,1,1920,1280,40970,44373,4078914,0,-8,1,559.5,17.5,160,0.7,7290,32.4,1019351,40748769
424996,13599872,2026-02-02 08:54,974978,36669856,1,1920,1272,40714,44373,4078914,0,-8,0,559.5,17.5,159,0.7,7290,32.4,1019351,40748770
424997,13599904,2026-02-02 09:01,974976,36669796,1,1920,1266,40522,44373,4078914,-2,-6,0,559.5,17.5,158,0.7,7290,32.4,1019349,40748710
424998,13599936,2026-02-02 09:07,974976,36669797,1,1920,1258,40266,44373,4078914,0,-8,0,559.5,17.5,157,0.7,7290,32.4,1019349,40748711
424999,13599968,2026-02-02 09:13,974975,36669767,1,1920,1251,40042,44373,4078914,-1,-7,0,559.5,17.5,156,0.7,7290,32.4,1019348,40748681
425000,13600000,2026-02-02 09:20,974876,36666590,1,1920,1342,42963,44381,4079170,-99,91,0,559.5,17.5,168,0.7,7291,32.4,1019257,40745760
425001,13600032,2026-02-02 09:26,974716,36663360,0,0,1495,47859,44380,4077250,-160,153,-1,559.4,17.5,187,0.8,7288,32.4,1019096,40740610
425002,13600064,2026-02-02 09:33,974561,36658403,1,1920,1642,52563,44380,4077250,-155,147,1,559.4,17.5,205,0.9,7289,32.4,1018941,40735653
425003,13600096,2026-02-02 09:39,974449,36654819,1,1920,1746,55891,44384,4077378,-112,104,0,559.3,17.5,218,1.0,7290,32.4,1018833,40732197
425004,13600128,2026-02-02 09:45,974369,36652262,1,1920,1816,58131,44385,4077410,-80,70,0,559.3,17.5,227,1.0,7291,32.4,1018754,40729672
425005,13600160,2026-02-02 09:52,974303,36650151,1,1920,1868,59795,44388,4077506,-66,52,0,559.2,17.5,234,1.0,7291,32.4,1018691,40727657
425006,13600192,2026-02-02 09:58,974303,36650151,1,1920,1855,59379,44390,4077538,0,-13,0,559.2,17.5,232,1.0,7291,32.4,1018693,40727689
425007,13600224,2026-02-02 10:05,974303,36650152,1,1920,1841,58931,44390,4077538,0,-14,0,559.2,17.5,230,1.0,7291,32.4,1018693,40727690
425008,13600256,2026-02-02 10:11,974304,36652074,0,0,1825,58419,44391,4077570,1,-16,-1,559.3,17.5,228,1.0,7291,32.4,1018695,40729644
425009,13600288,2026-02-02 10:17,974304,36652074,0,0,1812,58003,44390,4075650,0,-13,0,559.3,17.5,226,1.0,7287,32.4,1018694,40727724
425010,13600320,2026-02-02 10:24,974302,36652011,1,1920,1806,57811,44390,4075650,-2,-6,1,559.3,17.5,226,1.0,7288,32.4,1018692,40727661
425011,13600352,2026-02-02 10:30,974276,36651181,1,1920,1824,58387,44393,4075746,-26,18,0,559.3,17.5,228,1.0,7288,32.4,1018669,40726927
425012,13600384,2026-02-02 10:37,974254,36650481,1,1920,1838,58835,44394,4075938,-22,14,0,559.2,17.5,230,1.0,7288,32.4,1018648,40726419
425013,13600416,2026-02-02 10:43,974254,36650483,1,1920,1830,58579,44395,4075970,0,-8,0,559.2,17.5,229,1.0,7288,32.4,1018649,40726453
425014,13600448,2026-02-02 10:49,974254,36650483,1,1920,1822,58323,44395,4075970,0,-8,0,559.2,17.5,228,1.0,7288,32.4,1018649,40726453
425015,13600480,2026-02-02 10:56,974254,36650484,1,1920,1814,58067,44395,4075970,0,-8,0,559.2,17.5,227,1.0,7288,32.4,1018649,40726454
425016,13600512,2026-02-02 11:02,974255,36652406,0,0,1806,57811,44395,4075970,1,-8,-1,559.3,17.5,226,1.0,7288,32.4,1018650,40728376
425017,13600544,2026-02-02 11:09,974232,36651675,1,1920,1821,58291,44395,4074082,-23,15,1,559.3,17.5,228,1.0,7285,32.4,1018627,40725757
425018,13600576,2026-02-02 11:15,974224,36651421,1,1920,1821,58291,44395,4074082,-8,0,0,559.3,17.5,228,1.0,7285,32.4,1018619,40725503
425019,13600608,2026-02-02 11:21,974224,36651422,1,1920,1813,58035,44406,4074434,0,-8,0,559.3,17.5,227,1.0,7285,32.4,1018630,40725856
425020,13600640,2026-02-02 11:28,974224,36651422,1,1920,1805,57779,44406,4074434,0,-8,0,559.3,17.5,226,1.0,7285,32.4,1018630,40725856
425021,13600672,2026-02-02 11:34,974224,36651422,1,1920,1797,57523,44406,4074434,0,-8,0,559.3,17.5,225,1.0,7285,32.4,1018630,40725856
425022,13600704,2026-02-02 11:41,974223,36651393,1,1920,1790,57299,44406,4074434,-1,-7,0,559.3,17.5,224,1.0,7285,32.4,1018629,40725827
425023,13600736,2026-02-02 11:47,974224,36653315,0,0,1782,57043,44406,4074434,1,-8,-1,559.3,17.5,223,1.0,7285,32.4,1018630,40727749
425024,13600768,2026-02-02 11:53,974224,36653315,0,0,1774,56787,44406,4072546,0,-8,0,559.3,17.5,222,1.0,7282,32.4,1018630,40725861
425025,13600800,2026-02-02 12:00,974218,36653125,1,1920,1772,56723,44406,4072546,-6,-2,1,559.3,17.5,222,1.0,7282,32.4,1018624,40725671
425026,13600832,2026-02-02 12:06,974218,36653126,1,1920,1764,56467,44406,4072546,0,-8,0,559.3,17.5,220,1.0,7282,32.4,1018624,40725672
425027,13600864,2026-02-02 12:13,974218,36653130,1,1920,1756,56211,44410,4072674,0,-8,0,559.3,17.5,220,1.0,7282,32.4,1018628,40725804
425028,13600896,2026-02-02 12:19,974218,36653133,1,1920,1748,55955,44410,4072674,0,-8,0,559.3,17.5,218,1.0,7282,32.4,1018628,40725807
425029,13600928,2026-02-02 12:25,974216,36653072,1,1920,1742,55763,44410,4072674,-2,-6,0,559.3,17.5,218,1.0,7282,32.4,1018626,40725746
425030,13600960,2026-02-02 12:32,974208,36652818,1,1920,1742,55763,44415,4072834,-8,0,0,559.3,17.5,218,1.0,7282,32.4,1018623,40725652
425031,13600992,2026-02-02 12:38,974209,36654739,0,0,1734,55507,44415,4072834,1,-8,-1,559.3,17.5,217,1.0,7282,32.4,1018624,40727573
425032,13601024,2026-02-02 12:45,974209,36654742,1,1920,1726,55251,44424,4071234,0,-8,1,559.3,17.5,216,1.0,7279,32.4,1018633,40725976
425033,13601056,2026-02-02 12:51,974209,36654743,1,1920,1718,54995,44429,4071362,0,-8,0,559.3,17.5,215,1.0,7279,32.4,1018638,40726105
425034,13601088,2026-02-02 12:57,974209,36654744,1,1920,1710,54739,44430,4071394,0,-8,0,559.3,17.5,214,1.0,7279,32.4,1018639,40726138
425035,13601120,2026-02-02 13:04,974209,36654744,1,1920,1702,54483,44431,4071400,0,-8,0,559.3,17.5,213,0.9,7279,32.4,1018640,40726144
425036,13601152,2026-02-02 13:10,974209,36654745,1,1920,1694,54227,44431,4071400,0,-8,0,559.3,17.5,212,0.9,7279,32.4,1018640,40726145
425037,13601184,2026-02-02 13:17,974209,36654746,1,1920,1686,53971,44436,4071560,0,-8,0,559.3,17.5,211,0.9,7280,32.4,1018645,40726306
425038,13601216,2026-02-02 13:23,974210,36656666,0,0,1678,53715,44437,4071660,1,-8,-1,559.3,17.5,210,0.9,7279,32.4,1018647,40728326
425039,13601248,2026-02-02 13:29,974203,36656443,0,0,1677,53683,44436,4069740,-7,-1,0,559.3,17.5,210,0.9,7276,32.3,1018639,40726183
425040,13601280,2026-02-02 13:36,974203,36656445,1,1920,1669,53427,44437,4069772,0,-8,1,559.3,17.5,209,0.9,7276,32.3,1018640,40726217
425041,13601312,2026-02-02 13:42,974203,36656450,1,1920,1661,53171,44437,4069772,0,-8,0,559.3,17.5,208,0.9,7276,32.3,1018640,40726222
425042,13601344,2026-02-02 13:49,974203,36656451,1,1920,1653,52915,44437,4069772,0,-8,0,559.3,17.5,207,0.9,7276,32.3,1018640,40726223
425043,13601376,2026-02-02 13:55,974203,36656453,1,1920,1645,52659,44437,4069772,0,-8,0,559.3,17.5,206,0.9,7276,32.3,1018640,40726225
425044,13601408,2026-02-02 14:01,974203,36656455,1,1920,1637,52403,44438,4069796,0,-8,0,559.3,17.5,205,0.9,7276,32.3,1018641,40726251
425045,13601440,2026-02-02 14:08,974203,36656457,1,1920,1629,52147,44438,4069796,0,-8,0,559.3,17.5,204,0.9,7276,32.3,1018641,40726253
425046,13601472,2026-02-02 14:14,974204,36658380,0,0,1621,51891,44439,4069796,1,-8,-1,559.4,17.5,203,0.9,7276,32.3,1018643,40728176
425047,13601504,2026-02-02 14:21,974204,36658396,1,1920,1613,51635,44428,4067646,0,-8,1,559.4,17.5,202,0.9,7272,32.3,1018632,40726042
425048,13601536,2026-02-02 14:27,974204,36658397,8,2165,1605,51379,44434,4067873,0,-8,7,559.4,17.5,201,0.9,7272,32.3,1018638,40726270
425049,13601568,2026-02-02 14:33,974204,36658591,15,2389,1597,51123,44432,4067651,0,-8,7,559.4,17.5,200,0.9,7272,32.3,1018636,40726242
425050,13601600,2026-02-02 14:40,974204,36658622,16,2421,1589,50867,44427,4067416,0,-8,1,559.4,17.5,199,0.9,7271,32.3,1018631,40726038
425051,13601632,2026-02-02 14:46,974204,36658625,21,2723,1581,50611,44419,4067160,0,-8,5,559.4,17.5,198,0.9,7271,32.3,1018623,40725785
425052,13601664,2026-02-02 14:53,974204,36658625,29,2979,1573,50355,44412,4066936,0,-8,8,559.4,17.5,197,0.9,7271,32.3,1018616,40725561
425053,13601696,2026-02-02 14:59,974205,36660546,36,1315,1565,50099,44404,4066680,1,-8,7,559.4,17.5,196,0.9,7270,32.3,1018609,40727226
425054,13601728,2026-02-02 15:05,974212,36660791,37,1326,1557,49843,44398,4066488,7,-8,1,559.4,17.5,195,0.9,7269,32.3,1018610,40727279
425055,13601760,2026-02-02 15:12,974219,36661015,38,1358,1549,49587,44396,4066398,7,-8,1,559.4,17.5,194,0.9,7269,32.3,1018615,40727413
425056,13601792,2026-02-02 15:18,974220,36661049,45,1582,1541,49331,44407,4066750,1,-8,7,559.4,17.5,193,0.9,7270,32.3,1018627,40727799
425057,13601824,2026-02-02 15:25,974225,36661352,41,1340,1533,49075,44419,4067106,5,-8,-4,559.4,17.5,192,0.9,7270,32.3,1018644,40728458
425058,13601856,2026-02-02 15:31,974233,36661610,33,1084,1525,48819,44421,4067170,8,-8,-8,559.4,17.5,191,0.8,7270,32.3,1018654,40728780
425059,13601888,2026-02-02 15:37,974241,36661867,25,828,1517,48563,44426,4067330,8,-8,-8,559.4,17.5,190,0.8,7271,32.3,1018667,40729197
425060,13601920,2026-02-02 15:44,974248,36662095,17,572,1510,48339,44429,4067493,7,-7,-8,559.4,17.5,189,0.8,7271,32.3,1018677,40729588
425061,13601952,2026-02-02 15:50,974256,36662352,9,316,1502,48083,44432,4067589,8,-8,-8,559.4,17.5,188,0.8,7271,32.3,1018688,40729941
425062,13601984,2026-02-02 15:57,974263,36662576,1,60,1495,47859,44444,4067973,7,-7,-8,559.4,17.5,187,0.8,7272,32.3,1018707,40730549
425063,13602016,2026-02-02 16:03,974263,36662609,0,0,1488,47635,44447,4068083,0,-7,-1,559.4,17.5,186,0.8,7272,32.3,1018710,40730692
425064,13602048,2026-02-02 16:09,974263,36662611,1,1888,1480,47379,44450,4066342,0,-8,1,559.4,17.5,185,0.8,7269,32.3,1018713,40728953
425065,13602080,2026-02-02 16:16,974263,36662612,1,1888,1472,47123,44452,4066406,0,-8,0,559.4,17.5,184,0.8,7269,32.3,1018715,40729018
425066,13602112,2026-02-02 16:22,974258,36662456,1,1888,1468,46995,44554,4069670,-5,-4,0,559.4,17.5,184,0.8,7275,32.3,1018812,40732126
425067,13602144,2026-02-02 16:29,974258,36662456,1,1888,1459,46707,44555,4069702,0,-9,0,559.4,17.5,182,0.8,7275,32.3,1018813,40732158
425068,13602176,2026-02-02 16:35,974245,36662042,1,1888,1464,46867,44557,4069766,-13,5,0,559.4,17.5,183,0.8,7275,32.3,1018802,40731808
425069,13602208,2026-02-02 16:41,974244,36662011,1,1888,1457,46643,44562,4069926,-1,-7,0,559.4,17.5,182,0.8,7275,32.3,1018806,40731937
425070,13602240,2026-02-02 16:48,974245,36663899,0,0,1449,46387,44563,4069958,1,-8,-1,559.4,17.5,181,0.8,7275,32.3,1018808,40733857
425071,13602272,2026-02-02 16:54,974243,36663836,1,1888,1443,46195,44563,4068102,-2,-6,1,559.4,17.5,180,0.8,7272,32.3,1018806,40731938
425072,13602304,2026-02-02 17:01,974240,36663740,1,1888,1438,46035,44736,4073638,-3,-5,0,559.4,17.5,180,0.8,7282,32.4,1018976,40737378
425073,13602336,2026-02-02 17:07,974238,36663678,1,1888,1432,45843,44969,4081094,-2,-6,0,559.4,17.5,179,0.8,7295,32.4,1019207,40744772
425074,13602368,2026-02-02 17:13,974233,36663520,1,1888,1429,45747,45039,4083334,-5,-3,0,559.4,17.5,179,0.8,7299,32.4,1019272,40746854
425075,13602400,2026-02-02 17:20,974228,36663362,1,1888,1424,45587,45069,4084294,-5,-5,0,559.4,17.5,178,0.8,7301,32.4,1019297,40747656
425076,13602432,2026-02-02 17:26,974223,36663204,1,1888,1418,45395,45069,4084294,-5,-6,0,559.4,17.5,177,0.8,7301,32.4,1019292,40747498
425077,13602464,2026-02-02 17:33,974217,36664870,0,0,1415,45299,45093,4085062,-6,-3,-1,559.5,17.5,177,0.8,7302,32.5,1019310,40749932
425078,13602496,2026-02-02 17:39,974213,36664746,0,0,1407,45043,45093,4085062,-4,-8,0,559.5,17.5,176,0.8,7302,32.5,1019306,40749808
425079,13602528,2026-02-02 17:45,974213,36664747,1,1888,1394,44627,45093,4083206,0,-13,1,559.5,17.5,174,0.8,7298,32.4,1019306,40747953
425080,13602560,2026-02-02 17:52,974213,36664749,1,1888,1380,44179,45095,4083370,0,-14,0,559.5,17.5,172,0.8,7299,32.4,1019308,40748119
425081,13602592,2026-02-02 17:58,974213,36664750,1,1888,1366,43731,45095,4083370,0,-14,0,559.5,17.5,171,0.8,7299,32.4,1019308,40748120
425082,13602624,2026-02-02 18:05,974213,36664755,1,1888,1354,43347,45176,4085933,0,-12,0,559.5,17.5,169,0.8,7303,32.5,1019389,40750688
425083,13602656,2026-02-02 18:11,974213,36664755,1,1888,1346,43091,45178,4085997,0,-8,0,559.5,17.5,168,0.7,7303,32.5,1019391,40750752
425084,13602688,2026-02-02 18:17,974213,36664755,1,1888,1338,42835,45178,4085997,0,-8,0,559.5,17.5,167,0.7,7303,32.5,1019391,40750752
425085,13602720,2026-02-02 18:24,974214,36666646,0,0,1330,42579,45190,4084525,1,-8,-1,559.5,17.5,166,0.7,7300,32.4,1019404,40751171
425086,13602752,2026-02-02 18:30,974214,36666646,1,1888,1322,42323,45190,4084525,0,-8,1,559.5,17.5,165,0.7,7300,32.4,1019404,40751171
425087,13602784,2026-02-02 18:37,974214,36666648,1,1888,1314,42067,45193,4084592,0,-8,0,559.5,17.5,164,0.7,7301,32.4,1019407,40751240
425088,13602816,2026-02-02 18:43,974214,36666648,1,1888,1306,41811,45193,4084592,0,-8,0,559.5,17.5,163,0.7,7301,32.4,1019407,40751240
425089,13602848,2026-02-02 18:49,974214,36666651,1,1888,1298,41555,45193,4084592,0,-8,0,559.5,17.5,162,0.7,7301,32.4,1019407,40751243
425090,13602880,2026-02-02 18:56,974214,36666651,1,1888,1290,41299,45193,4084592,0,-8,0,559.5,17.5,161,0.7,7301,32.4,1019407,40751243
425091,13602912,2026-02-02 19:02,974214,36666653,1,1888,1282,41043,45193,4084592,0,-8,0,559.5,17.5,160,0.7,7301,32.4,1019407,40751245
425092,13602944,2026-02-02 19:09,974215,36668542,0,0,1274,40787,45193,4084592,1,-8,-1,559.5,17.5,159,0.7,7300,32.4,1019408,40753134
425093,13602976,2026-02-02 19:15,974215,36668545,0,0,1266,40531,45192,4082704,0,-8,0,559.5,17.5,158,0.7,7297,32.4,1019407,40751249
425094,13603008,2026-02-02 19:21,974215,36668547,1,1888,1258,40275,45192,4082704,0,-8,1,559.5,17.5,157,0.7,7297,32.4,1019407,40751251
425095,13603040,2026-02-02 19:28,974214,36668516,1,1888,1251,40051,45194,4082747,-1,-7,0,559.5,17.5,156,0.7,7297,32.4,1019408,40751263
425096,13603072,2026-02-02 19:34,974214,36668521,1,1888,1243,39795,45194,4082747,0,-8,0,559.5,17.5,155,0.7,7297,32.4,1019408,40751268
425097,13603104,2026-02-02 19:41,974214,36668522,1,1888,1235,39539,45195,4082779,0,-8,0,559.5,17.5,154,0.7,7297,32.4,1019409,40751301
425098,13603136,2026-02-02 19:47,974214,36668528,1,1888,1227,39283,45195,4082779,0,-8,0,559.5,17.5,153,0.7,7297,32.4,1019409,40751307
425099,13603168,2026-02-02 19:53,974214,36668530,1,1888,1219,39027,45195,4082779,0,-8,0,559.5,17.5,152,0.7,7297,32.4,1019409,40751309
425100,13603200,2026-02-02 20:00,974214,36670388,0,0,1212,38803,45195,4082779,0,-7,-1,559.5,17.5,152,0.7,7297,32.4,1019409,40753167
425101,13603232,2026-02-02 20:06,974214,36670390,1,1888,1204,38547,45195,4080923,0,-8,1,559.5,17.5,150,0.7,7293,32.4,1019409,40751313
425102,13603264,2026-02-02 20:13,974214,36670392,1,1888,1196,38291,45195,4080923,0,-8,0,559.5,17.5,150,0.7,7293,32.4,1019409,40751315
425103,13603296,2026-02-02 20:19,974214,36670393,1,1888,1188,38035,45196,4080955,0,-8,0,559.5,17.5,148,0.7,7293,32.4,1019410,40751348
425104,13603328,2026-02-02 20:25,974214,36670397,1,1888,1180,37779,45206,4081275,0,-8,0,559.5,17.5,148,0.7,7294,32.4,1019420,40751672
425105,13603360,2026-02-02 20:32,974204,36670078,1,1888,1182,37843,45206,4081275,-10,2,0,559.5,17.5,148,0.7,7294,32.4,1019410,40751353
425106,13603392,2026-02-02 20:38,974204,36670079,1,1888,1174,37587,45206,4081275,0,-8,0,559.5,17.5,147,0.7,7294,32.4,1019410,40751354
425107,13603424,2026-02-02 20:45,974111,36668960,0,0,1260,40339,45205,4079387,-93,86,-1,559.5,17.5,158,0.7,7291,32.4,1019316,40748347
425108,13603456,2026-02-02 20:51,974092,36668354,1,1888,1271,40691,45205,4079387,-19,11,1,559.5,17.5,159,0.7,7291,32.4,1019297,40747741
425109,13603488,2026-02-02 20:57,974092,36668354,1,1888,1263,40435,45205,4079387,0,-8,0,559.5,17.5,158,0.7,7291,32.4,1019297,40747741
425110,13603520,2026-02-02 21:04,974092,36668355,1,1888,1255,40179,45205,4079387,0,-8,0,559.5,17.5,157,0.7,7291,32.4,1019297,40747742
425111,13603552,2026-02-02 21:10,974084,36668101,1,1888,1255,40179,45206,4079419,-8,0,0,559.5,17.5,157,0.7,7291,32.4,1019290,40747520
425112,13603584,2026-02-02 21:17,974080,36667977,1,1888,1251,40051,45210,4079547,-4,-4,0,559.5,17.5,156,0.7,7291,32.4,1019290,40747524
425113,13603616,2026-02-02 21:23,974079,36667946,1,1888,1244,39827,45210,4079547,-1,-7,0,559.5,17.5,156,0.7,7291,32.4,1019289,40747493
425114,13603648,2026-02-02 21:29,974080,36669835,0,0,1236,39571,45210,4079547,1,-8,-1,559.5,17.5,154,0.7,7291,32.4,1019290,40749382
425115,13603680,2026-02-02 21:36,974079,36669806,0,0,1229,39347,45209,4077659,-1,-7,0,559.5,17.5,154,0.7,7288,32.4,1019288,40747465
425116,13603712,2026-02-02 21:42,974079,36669808,1,1888,1221,39091,45214,4077819,0,-8,1,559.5,17.5,153,0.7,7288,32.4,1019293,40747627
425117,13603744,2026-02-02 21:49,974079,36669810,1,1888,1213,38835,45215,4077851,0,-8,0,559.5,17.5,152,0.7,7288,32.4,1019294,40747661
425118,13603776,2026-02-02 21:55,974079,36669807,1,1888,1205,38579,45215,4077851,0,-8,0,559.5,17.5,151,0.7,7288,32.4,1019294,40747658
425119,13603808,2026-02-02 22:01,974079,36669936,1,1888,1197,38323,45215,4077851,0,-8,0,559.5,17.5,150,0.7,7288,32.4,1019294,40747787
425120,13603840,2026-02-02 22:08,974079,36669939,1,1888,1189,38067,45275,4079771,0,-8,0,559.5,17.5,149,0.7,7291,32.4,1019354,40749710
425121,13603872,2026-02-02 22:14,974079,36669942,1,1888,1181,37811,45316,4081083,0,-8,0,559.5,17.5,148,0.7,7294,32.4,1019395,40751025
425122,13603904,2026-02-02 22:21,974080,36671833,0,0,1173,37555,45396,4081787,1,-8,-1,559.6,17.5,147,0.7,7295,32.4,1019476,40753620
425123,13603936,2026-02-02 22:27,974080,36671834,1,1888,1165,37299,45470,4084155,0,-8,1,559.6,17.5,146,0.6,7299,32.4,1019550,40755989
425124,13603968,2026-02-02 22:33,974080,36671834,1,1888,1157,37043,45471,4084187,0,-8,0,559.6,17.5,145,0.6,7299,32.4,1019551,40756021
425125,13604000,2026-02-02 22:40,974080,36671836,1,1888,1149,36787,45483,4084571,0,-8,0,559.6,17.5,144,0.6,7300,32.4,1019563,40756407
425126,13604032,2026-02-02 22:46,974080,36671838,1,1888,1141,36531,45488,4084731,0,-8,0,559.6,17.5,143,0.6,7300,32.4,1019568,40756569
425127,13604064,2026-02-02 22:53,974079,36671807,1,1888,1134,36307,45495,4084955,-1,-7,0,559.6,17.5,142,0.6,7300,32.4,1019574,40756762
425128,13604096,2026-02-02 22:59,974079,36671810,1,1888,1126,36051,45500,4085115,0,-8,0,559.6,17.5,141,0.6,7300,32.4,1019579,40756925
425129,13604128,2026-02-02 23:05,974080,36673698,0,0,1118,35795,45505,4083419,1,-8,-1,559.6,17.5,140,0.6,7297,32.4,1019585,40757117
425130,13604160,2026-02-02 23:12,974080,36673699,1,1888,1110,35539,45505,4083419,0,-8,1,559.6,17.5,139,0.6,7297,32.4,1019585,40757118
425131,13604192,2026-02-02 23:18,974080,36673700,1,1888,1102,35283,45572,4085563,0,-8,0,559.6,17.5,138,0.6,7301,32.4,1019652,40759263
425132,13604224,2026-02-02 23:25,974080,36673701,1,1888,1094,35027,45572,4085563,0,-8,0,559.6,17.5,137,0.6,7301,32.4,1019652,40759264
425133,13604256,2026-02-02 23:31,974076,36673574,1,1888,1090,34899,45573,4085564,-4,-4,0,559.6,17.5,136,0.6,7301,32.4,1019649,40759138
425134,13604288,2026-02-02 23:37,974072,36673448,1,1888,1086,34771,45574,4085628,-4,-4,0,559.6,17.5,136,0.6,7301,32.4,1019646,40759076
425135,13604320,2026-02-02 23:44,974008,36671402,1,1888,1142,36563,45574,4085628,-64,56,0,559.6,17.5,143,0.6,7301,32.4,1019582,40757030
425136,13604352,2026-02-02 23:50,974009,36673292,0,0,1134,36307,45574,4085628,1,-8,-1,559.6,17.5,142,0.6,7301,32.4,1019583,40758920
425137,13604384,2026-02-02 23:57,974009,36673293,0,0,1122,35923,45574,4085628,0,-12,0,559.6,17.5,140,0.6,7301,32.4,1019583,40758921
425138,13604416,2026-02-03 00:03,974009,36673294,1,1888,1110,35539,45574,4083772,0,-12,1,559.6,17.5,139,0.6,7298,32.4,1019583,40757066
425139,13604448,2026-02-03 00:09,973997,36672911,1,1888,1112,35603,45574,4083772,-12,2,0,559.6,17.5,139,0.6,7298,32.4,1019571,40756683
425140,13604480,2026-02-03 00:16,973977,36672274,1,1888,1124,35987,45577,4083868,-20,12,0,559.6,17.5,140,0.6,7298,32.4,1019554,40756142
425141,13604512,2026-02-03 00:22,973977,36672276,1,1888,1116,35731,45592,4084348,0,-8,0,559.6,17.5,140,0.6,7299,32.4,1019569,40756624
425142,13604544,2026-02-03 00:29,973977,36672277,1,1888,1108,35475,45592,4084348,0,-8,0,559.6,17.5,138,0.6,7299,32.4,1019569,40756625
425143,13604576,2026-02-03 00:35,973967,36670778,1,1888,1110,36719,45592,4084348,-10,2,0,559.6,17.5,139,0.6,7299,32.4,1019559,40755126
425144,13604608,2026-02-03 00:41,973966,36672604,0,0,1104,36527,45596,4082620,-1,-6,-1,559.6,17.5,138,0.6,7296,32.4,1019562,40755224
425145,13604640,2026-02-03 00:48,973965,36672574,1,1888,1097,36303,45596,4082620,-1,-7,1,559.6,17.5,137,0.6,7296,32.4,1019561,40755194
425146,13604672,2026-02-03 00:54,973965,36672575,1,1888,1089,36047,45628,4083618,0,-8,0,559.6,17.5,136,0.6,7298,32.4,1019593,40756193
425147,13604704,2026-02-03 01:01,973965,36672579,1,1888,1081,35791,45628,4083618,0,-8,0,559.6,17.5,135,0.6,7298,32.4,1019593,40756197
425148,13604736,2026-02-03 01:07,973965,36672580,1,1888,1073,35535,45628,4083618,0,-8,0,559.6,17.5,134,0.6,7298,32.4,1019593,40756198
425149,13604768,2026-02-03 01:13,973965,36672582,1,1888,1065,35279,45628,4083618,0,-8,0,559.6,17.5,133,0.6,7298,32.4,1019593,40756200
425150,13604800,2026-02-03 01:20,973962,36672487,1,1888,1060,35119,45637,4083917,-3,-5,0,559.6,17.5,132,0.6,7298,32.4,1019599,40756404
425151,13604832,2026-02-03 01:26,973963,36674377,0,0,1052,34853,45648,4084269,1,-8,-1,559.6,17.5,132,0.6,7298,32.4,1019611,40758646
425152,13604864,2026-02-03 01:33,973963,36674380,0,0,1044,34597,45640,4082157,0,-8,0,559.6,17.5,130,0.6,7295,32.4,1019603,40756537
425153,13604896,2026-02-03 01:39,973963,36674382,8,2112,1036,34341,45633,4081933,0,-8,8,559.6,17.5,130,0.6,7294,32.4,1019596,40756315
425154,13604928,2026-02-03 01:45,973963,36674383,16,2368,1028,34085,45625,4081677,0,-8,8,559.6,17.5,128,0.6,7294,32.4,1019588,40756060
425155,13604960,2026-02-03 01:52,973963,36674384,24,2624,1020,33829,45617,4081421,0,-8,8,559.6,17.5,128,0.6,7293,32.4,1019580,40755805
425156,13604992,2026-02-03 01:58,973963,36674386,32,2880,1012,33573,45612,4081261,0,-8,8,559.6,17.5,126,0.6,7293,32.4,1019575,40755647
425157,13605024,2026-02-03 02:05,973962,36674356,40,3136,1005,33349,45611,4081753,-1,-7,8,559.6,17.5,126,0.6,7294,32.4,1019573,40756109
425158,13605056,2026-02-03 02:11,973962,36674359,48,3400,997,33093,45603,4081497,0,-8,8,559.6,17.5,125,0.6,7294,32.4,1019565,40755856
425159,13605088,2026-02-03 02:17,973970,36676471,48,1544,989,32837,45595,4081241,8,-8,0,559.6,17.5,124,0.6,7293,32.4,1019565,40757712
425160,13605120,2026-02-03 02:24,973978,36676729,48,1544,981,32581,45588,4081017,8,-8,0,559.6,17.5,123,0.5,7292,32.4,1019566,40757746
425161,13605152,2026-02-03 02:30,973986,36676985,48,1544,973,32325,45580,4080761,8,-8,0,559.6,17.5,122,0.5,7292,32.4,1019566,40757746
425162,13605184,2026-02-03 02:37,973991,36677145,48,1544,968,32165,45572,4080505,5,-5,0,559.6,17.5,121,0.5,7291,32.4,1019563,40757650
425163,13605216,2026-02-03 02:43,973999,36677404,48,1544,960,31909,45564,4080249,8,-8,0,559.7,17.5,120,0.5,7291,32.4,1019563,40757653
425164,13605248,2026-02-03 02:49,974007,36677669,48,1536,953,31685,45558,4080057,8,-7,0,559.7,17.5,119,0.5,7290,32.4,1019565,40757726
425165,13605280,2026-02-03 02:56,974015,36677925,48,1536,945,31429,45551,4079833,8,-8,0,559.7,17.5,118,0.5,7290,32.4,1019566,40757758
425166,13605312,2026-02-03 03:02,974023,36678184,48,1536,937,31173,45543,4079577,8,-8,0,559.7,17.5,117,0.5,7289,32.4,1019566,40757761
425167,13605344,2026-02-03 03:09,973999,36677420,48,1536,961,31932,45539,4079449,-24,24,0,559.7,17.5,120,0.5,7289,32.4,1019538,40756869
425168,13605376,2026-02-03 03:15,974007,36677676,44,1408,953,31676,45539,4079449,8,-8,-4,559.7,17.5,119,0.5,7289,32.4,1019546,40757125
425169,13605408,2026-02-03 03:21,974015,36677933,36,1152,945,31420,45544,4079183,8,-8,-8,559.7,17.5,118,0.5,7289,32.4,1019559,40757116
425170,13605440,2026-02-03 03:28,974023,36678192,34,1514,937,31164,45537,4078959,8,-8,-2,559.7,17.5,117,0.5,7288,32.4,1019560,40757151
425171,13605472,2026-02-03 03:34,974031,36678450,34,1514,929,30908,45530,4078743,8,-8,0,559.7,17.5,116,0.5,7288,32.4,1019561,40757193
425172,13605504,2026-02-03 03:41,974039,36678708,34,1514,921,30652,45523,4078519,8,-8,0,559.7,17.5,115,0.5,7287,32.4,1019562,40757227
425173,13605536,2026-02-03 03:47,974047,36678965,34,1514,913,30396,45515,4078263,8,-8,0,559.7,17.5,114,0.5,7287,32.4,1019562,40757228
425174,13605568,2026-02-03 03:53,974050,36679063,38,1642,906,30172,45512,4078167,3,-7,4,559.7,17.5,113,0.5,7287,32.4,1019562,40757230
425175,13605600,2026-02-03 04:00,974050,36679064,41,1738,898,29916,45512,4078167,0,-8,3,559.7,17.5,112,0.5,7287,32.4,1019562,40757231
425176,13605632,2026-02-03 04:06,974056,36679684,35,1120,890,29660,45519,4078391,6,-8,-6,559.7,17.5,111,0.5,7287,32.4,1019575,40758075
425177,13605664,2026-02-03 04:13,974064,36679942,27,864,882,29404,45519,4078391,8,-8,-8,559.7,17.5,110,0.5,7287,32.4,1019583,40758333
425178,13605696,2026-02-03 04:19,974072,36680198,19,608,874,29148,45520,4078423,8,-8,-8,559.7,17.5,109,0.5,7287,32.4,1019592,40758621
425179,13605728,2026-02-03 04:25,974080,36680456,11,352,866,28892,45595,4080823,8,-8,-8,559.7,17.5,108,0.5,7291,32.4,1019675,40761279
425180,13605760,2026-02-03 04:32,974079,36680425,3,96,867,28924,45595,4080823,-1,1,-8,559.7,17.5,108,0.5,7291,32.4,1019674,40761248
425181,13605792,2026-02-03 04:38,974082,36680522,0,0,859,28668,45594,4078935,3,-8,-3,559.7,17.5,107,0.5,7288,32.4,1019676,40759457
425182,13605824,2026-02-03 04:45,974081,36680492,1,1888,852,28444,45595,4078982,-1,-7,1,559.7,17.5,106,0.5,7288,32.4,1019676,40759474
425183,13605856,2026-02-03 04:51,974081,36680492,1,1888,844,28188,45621,4079814,0,-8,0,559.7,17.5,106,0.5,7289,32.4,1019702,40760306
425184,13605888,2026-02-03 04:57,974081,36680494,1,1888,836,27932,45621,4079814,0,-8,0,559.7,17.5,104,0.5,7289,32.4,1019702,40760308
425185,13605920,2026-02-03 05:04,974080,36680463,1,1888,829,27708,45622,4079819,-1,-7,0,559.7,17.5,104,0.5,7289,32.4,1019702,40760282
425186,13605952,2026-02-03 05:10,974080,36680464,1,1888,821,27452,45622,4079819,0,-8,0,559.7,17.5,103,0.5,7289,32.4,1019702,40760283
425187,13605984,2026-02-03 05:17,974080,36680467,1,1888,813,27196,45627,4079979,0,-8,0,559.7,17.5,102,0.5,7290,32.4,1019707,40760446
425188,13606016,2026-02-03 05:23,974055,36681524,0,0,831,27772,45805,4085675,-25,18,-1,559.7,17.5,104,0.5,7300,32.4,1019860,40767199
425189,13606048,2026-02-03 05:29,974055,36681525,0,0,823,27516,45805,4083808,0,-8,0,559.7,17.5,103,0.5,7296,32.4,1019860,40765333
425190,13606080,2026-02-03 05:36,974055,36681527,1,1888,815,27260,45806,4083840,0,-8,1,559.7,17.5,102,0.5,7296,32.4,1019861,40765367
425191,13606112,2026-02-03 05:42,974055,36681528,1,1888,807,27004,45808,4084487,0,-8,0,559.7,17.5,101,0.4,7297,32.4,1019863,40766015
425192,13606144,2026-02-03 05:49,974055,36681529,1,1888,799,26748,45811,4084584,0,-8,0,559.7,17.5,100,0.4,7298,32.4,1019866,40766113
425193,13606176,2026-02-03 05:55,974055,36681532,1,1888,791,26492,45811,4084584,0,-8,0,559.7,17.5,99,0.4,7298,32.4,1019866,40766116
425194,13606208,2026-02-03 06:01,974055,36681481,1,1888,783,26236,45811,4084584,0,-8,0,559.7,17.5,98,0.4,7298,32.4,1019866,40766065
425195,13606240,2026-02-03 06:08,974055,36681515,1,1888,775,25980,45811,4084584,0,-8,0,559.7,17.5,97,0.4,7298,32.4,1019866,40766099
425196,13606272,2026-02-03 06:14,974056,36683403,0,0,767,25724,45822,4083110,1,-8,-1,559.7,17.5,96,0.4,7295,32.4,1019878,40766513
425197,13606304,2026-02-03 06:21,974056,36683405,1,1888,759,25468,45908,4085862,0,-8,1,559.7,17.5,95,0.4,7300,32.4,1019964,40769267
425198,13606336,2026-02-03 06:27,974056,36683406,1,1888,751,25212,45908,4085862,0,-8,0,559.7,17.5,94,0.4,7300,32.4,1019964,40769268
425199,13606368,2026-02-03 06:33,974056,36683408,1,1888,743,24956,45908,4085862,0,-8,0,559.7,17.5,93,0.4,7300,32.4,1019964,40769270
425200,13606400,2026-02-03 06:40,974056,36683409,1,1888,735,24700,45913,4086022,0,-8,0,559.7,17.5,92,0.4,7300,32.4,1019969,40769431
425201,13606432,2026-02-03 06:46,974056,36683409,1,1888,727,24444,45914,4086054,0,-8,0,559.7,17.5,91,0.4,7300,32.4,1019970,40769463
425202,13606464,2026-02-03 06:53,974056,36683410,1,1888,719,24188,45914,4086054,0,-8,0,559.7,17.5,90,0.4,7300,32.4,1019970,40769464
425203,13606496,2026-02-03 06:59,974057,36685301,0,0,711,23932,45914,4086054,1,-8,-1,559.8,17.5,89,0.4,7299,32.4,1019971,40771355
425204,13606528,2026-02-03 07:05,974057,36685301,1,1888,703,23676,45914,4085966,0,-8,1,559.8,17.5,88,0.4,7299,32.4,1019971,40771267
425205,13606560,2026-02-03 07:12,974057,36685301,1,1888,695,23420,45914,4085966,0,-8,0,559.8,17.5,87,0.4,7299,32.4,1019971,40771267
425206,13606592,2026-02-03 07:18,974056,36685273,1,1888,688,23196,45925,4086495,-1,-7,0,559.8,17.5,86,0.4,7300,32.4,1019981,40771768
425207,13606624,2026-02-03 07:25,974053,36685180,1,1888,683,23036,46075,4091295,-3,-5,0,559.8,17.5,85,0.4,7309,32.5,1020128,40776475
425208,13606656,2026-02-03 07:31,974053,36685180,1,1888,675,22780,46076,4091327,0,-8,0,559.8,17.5,84,0.4,7309,32.5,1020129,40776507
425209,13606688,2026-02-03 07:37,974053,36685181,1,1888,667,22524,46076,4091327,0,-8,0,559.8,17.5,83,0.4,7309,32.5,1020129,40776508
425210,13606720,2026-02-03 07:44,974054,36687070,0,0,659,22268,46076,4091327,1,-8,-1,559.8,17.5,82,0.4,7309,32.5,1020130,40778397
425211,13606752,2026-02-03 07:50,974054,36687071,0,0,651,22012,46075,4089439,0,-8,0,559.8,17.5,81,0.4,7305,32.5,1020129,40776510
425212,13606784,2026-02-03 07:57,974054,36687071,1,1888,643,21756,46076,4089471,0,-8,1,559.8,17.5,80,0.4,7305,32.5,1020130,40776542
425213,13606816,2026-02-03 08:03,974054,36687072,1,1888,635,21500,46076,4089471,0,-8,0,559.8,17.5,79,0.4,7305,32.5,1020130,40776543
425214,13606848,2026-02-03 08:09,974054,36687073,1,1888,627,21244,46076,4089471,0,-8,0,559.8,17.5,78,0.3,7305,32.5,1020130,40776544
425215,13606880,2026-02-03 08:16,974054,36687076,1,1888,619,20988,46077,4089503,0,-8,0,559.8,17.5,77,0.3,7305,32.5,1020131,40776579
425216,13606912,2026-02-03 08:22,974043,36686725,1,1888,622,21084,46083,4089695,-11,3,0,559.8,17.5,78,0.3,7306,32.5,1020126,40776420
425217,13606944,2026-02-03 08:29,974043,36686728,1,1888,614,20828,46083,4089695,0,-8,0,559.8,17.5,77,0.3,7306,32.5,1020126,40776423
425218,13606976,2026-02-03 08:35,974040,36688489,0,0,610,20700,46084,4089727,-3,-4,-1,559.8,17.5,76,0.3,7305,32.5,1020124,40778216
425219,13607008,2026-02-03 08:41,974039,36688457,1,1888,603,20476,46084,4087935,-1,-7,1,559.8,17.5,75,0.3,7302,32.5,1020123,40776392
425220,13607040,2026-02-03 08:48,974039,36688457,1,1888,595,20220,46085,4087967,0,-8,0,559.8,17.5,74,0.3,7302,32.5,1020124,40776424
425221,13607072,2026-02-03 08:54,974039,36688461,1,1888,587,19964,46085,4087967,0,-8,0,559.8,17.5,73,0.3,7302,32.5,1020124,40776428
425222,13607104,2026-02-03 09:01,974039,36688461,1,1888,579,19708,46085,4087967,0,-8,0,559.8,17.5,72,0.3,7302,32.5,1020124,40776428
425223,13607136,2026-02-03 09:07,974039,36688462,1,1888,571,19452,46085,4087967,0,-8,0,559.8,17.5,71,0.3,7302,32.5,1020124,40776429
425224,13607168,2026-02-03 09:13,974039,36688465,1,1888,563,19196,46085,4087967,0,-8,0,559.8,17.5,70,0.3,7302,32.5,1020124,40776432
425225,13607200,2026-02-03 09:20,974039,36690324,0,0,556,18972,46091,4086303,0,-7,-1,559.8,17.5,70,0.3,7299,32.4,1020130,40776627
425226,13607232,2026-02-03 09:26,974039,36690324,1,1888,548,18716,46242,4091135,0,-8,1,559.8,17.5,68,0.3,7308,32.5,1020281,40781459
425227,13607264,2026-02-03 09:33,974019,36689685,1,1888,560,19100,46243,4091143,-20,12,0,559.8,17.5,70,0.3,7308,32.5,1020262,40780828
425228,13607296,2026-02-03 09:39,974019,36689686,1,1888,552,18844,46244,4091175,0,-8,0,559.8,17.5,69,0.3,7308,32.5,1020263,40780861
425229,13607328,2026-02-03 09:45,974019,36689690,1,1888,544,18588,46245,4091335,0,-8,0,559.8,17.5,68,0.3,7308,32.5,1020264,40781025
425230,13607360,2026-02-03 09:52,974019,36689677,1,1888,536,18332,46246,4092435,0,-8,0,559.8,17.5,67,0.3,7310,32.5,1020265,40782112
425231,13607392,2026-02-03 09:58,974019,36689677,1,1888,528,18076,46246,4092435,0,-8,0,559.8,17.5,66,0.3,7310,32.5,1020265,40782112
425232,13607424,2026-02-03 10:05,974020,36691563,0,0,520,17820,46247,4092535,1,-8,-1,559.9,17.5,65,0.3,7310,32.5,1020267,40784098
425233,13607456,2026-02-03 10:11,974020,36691565,0,0,512,17564,46246,4090647,0,-8,0,559.9,17.5,64,0.3,7306,32.5,1020266,40782212
425234,13607488,2026-02-03 10:17,974019,36691537,1,1888,505,17340,46246,4090647,-1,-7,1,559.9,17.5,63,0.3,7306,32.5,1020265,40782184
425235,13607520,2026-02-03 10:24,974019,36691539,1,1888,497,17084,46246,4090647,0,-8,0,559.9,17.5,62,0.3,7306,32.5,1020265,40782186
425236,13607552,2026-02-03 10:30,974019,36691540,1,1888,489,16828,46246,4090647,0,-8,0,559.9,17.5,61,0.3,7306,32.5,1020265,40782187
425237,13607584,2026-02-03 10:37,974019,36691541,1,1888,481,16572,46246,4090647,0,-8,0,559.9,17.5,60,0.3,7306,32.5,1020265,40782188
425238,13607616,2026-02-03 10:43,974019,36691542,1,1888,473,16316,46246,4090647,0,-8,0,559.9,17.5,59,0.3,7306,32.5,1020265,40782189
425239,13607648,2026-02-03 10:49,974019,36691544,1,1888,465,16060,46247,4090679,0,-8,0,559.9,17.5,58,0.3,7306,32.5,1020266,40782223
425240,13607680,2026-02-03 10:56,974020,36693434,0,0,457,15804,46247,4090679,1,-8,-1,559.9,17.5,57,0.3,7306,32.5,1020267,40784113
425241,13607712,2026-02-03 11:02,974020,36693435,1,1888,449,15548,46247,4088823,0,-8,1,559.9,17.5,56,0.2,7303,32.5,1020267,40782258
425242,13607744,2026-02-03 11:09,974020,36693438,1,1888,441,15292,46249,4088856,0,-8,0,559.9,17.5,55,0.2,7303,32.5,1020269,40782294
425243,13607776,2026-02-03 11:15,974019,36693407,1,1888,434,15068,46249,4088856,-1,-7,0,559.9,17.5,54,0.2,7303,32.5,1020268,40782263
425244,13607808,2026-02-03 11:21,974019,36693408,1,1888,426,14812,46255,4089048,0,-8,0,559.9,17.5,53,0.2,7303,32.5,1020274,40782456
425245,13607840,2026-02-03 11:28,974019,36693411,1,1888,418,14556,46255,4089048,0,-8,0,559.9,17.5,52,0.2,7303,32.5,1020274,40782459
425246,13607872,2026-02-03 11:34,974019,36693411,1,1888,410,14300,46255,4089048,0,-8,0,559.9,17.5,51,0.2,7303,32.5,1020274,40782459
425247,13607904,2026-02-03 11:41,974020,36695302,0,0,402,14044,46255,4089048,1,-8,-1,559.9,17.5,50,0.2,7303,32.5,1020275,40784350
425248,13607936,2026-02-03 11:47,974020,36695303,0,0,394,13788,46254,4087160,0,-8,0,559.9,17.5,49,0.2,7299,32.4,1020274,40782463
425249,13607968,2026-02-03 11:53,974020,36695305,1,1888,386,13532,46254,4087160,0,-8,1,559.9,17.5,48,0.2,7299,32.4,1020274,40782465
425250,13608000,2026-02-03 12:00,974019,36695274,1,1888,379,13308,46254,4087160,-1,-7,0,559.9,17.5,47,0.2,7299,32.4,1020273,40782434
425251,13608032,2026-02-03 12:06,974019,36695276,1,1888,371,13052,46255,4087192,0,-8,0,559.9,17.5,46,0.2,7300,32.4,1020274,40782468
425252,13608064,2026-02-03 12:13,974009,36694960,1,1888,378,13276,46256,4087224,-10,7,0,559.9,17.5,47,0.2,7300,32.4,1020265,40782184
425253,13608096,2026-02-03 12:19,974009,36694960,1,1888,378,13276,46256,4087224,0,0,0,559.9,17.5,47,0.2,7300,32.4,1020265,40782184
425254,13608128,2026-02-03 12:25,974009,36694962,1,1888,378,13276,46257,4087256,0,0,0,559.9,17.5,47,0.2,7300,32.4,1020266,40782218
425255,13608160,2026-02-03 12:32,974010,36696852,0,0,378,13276,46263,4085592,1,0,-1,559.9,17.5,47,0.2,7296,32.4,1020273,40782444
425256,13608192,2026-02-03 12:38,974006,36696726,1,1888,381,13372,46307,4087000,-4,3,1,559.9,17.5,48,0.2,7299,32.4,1020313,40783726
425257,13608224,2026-02-03 12:45,974006,36696726,1,1888,373,13116,46310,4087096,0,-8,0,559.9,17.5,47,0.2,7299,32.4,1020316,40783822
425258,13608256,2026-02-03 12:51,974005,36696697,1,1888,366,12892,46339,4088024,-1,-7,0,559.9,17.5,46,0.2,7301,32.4,1020344,40784721
425259,13608288,2026-02-03 12:57,974005,36696701,1,1888,358,12636,46339,4088024,0,-8,0,559.9,17.5,45,0.2,7301,32.4,1020344,40784725
425260,13608320,2026-02-03 13:04,974002,36696671,1,1888,353,12476,46339,4088024,-3,-5,0,559.9,17.5,44,0.2,7301,32.4,1020341,40784695
425261,13608352,2026-02-03 13:10,974000,36696802,1,1888,347,12284,46341,4088088,-2,-6,0,559.9,17.5,43,0.2,7301,32.4,1020341,40784890
425262,13608384,2026-02-03 13:17,974001,36698851,0,0,339,12028,46347,4086424,1,-8,-1,560.0,17.5,42,0.2,7297,32.4,1020348,40785275
425263,13608416,2026-02-03 13:23,974001,36699044,1,1888,331,11772,46392,4087864,0,-8,1,560.0,17.5,41,0.2,7300,32.4,1020393,40786908
425264,13608448,2026-02-03 13:29,973840,36694148,1,1888,484,16668,46394,4087928,-161,153,0,559.9,17.5,60,0.3,7301,32.4,1020234,40782076
425265,13608480,2026-02-03 13:36,973839,36694280,1,1888,477,16444,46395,4087960,-1,-7,0,559.9,17.5,60,0.3,7301,32.4,1020234,40782240
425266,13608512,2026-02-03 13:42,973839,36694282,1,1888,469,16188,46395,4087960,0,-8,0,559.9,17.5,59,0.3,7301,32.4,1020234,40782242
425267,13608544,2026-02-03 13:49,973836,36694187,1,1888,464,16028,46396,4087992,-3,-5,0,559.9,17.5,58,0.3,7301,32.4,1020232,40782179
425268,13608576,2026-02-03 13:55,973836,36694189,1,1888,456,15772,46398,4088056,0,-8,0,559.9,17.5,57,0.3,7301,32.4,1020234,40782245
425269,13608608,2026-02-03 14:01,973836,36696045,0,0,449,15548,46400,4088120,0,-7,-1,559.9,17.5,56,0.2,7301,32.4,1020236,40784165
425270,13608640,2026-02-03 14:08,973836,36696047,0,0,441,15292,46403,4088248,0,-8,0,559.9,17.5,55,0.2,7301,32.4,1020239,40784295
425271,13608672,2026-02-03 14:14,973835,36696016,1,1888,434,15068,46404,4086424,-1,-7,1,559.9,17.5,54,0.2,7298,32.4,1020239,40782440
425272,13608704,2026-02-03 14:21,973834,36695986,1,1888,427,14844,46405,4086456,-1,-7,0,559.9,17.5,53,0.2,7298,32.4,1020239,40782442
425273,13608736,2026-02-03 14:27,973834,36695988,1,1888,419,14588,46405,4086456,0,-8,0,559.9,17.5,52,0.2,7298,32.4,1020239,40782444
425274,13608768,2026-02-03 14:33,973834,36695990,1,1888,411,14332,46405,4086456,0,-8,0,559.9,17.5,51,0.2,7298,32.4,1020239,40782446
425275,13608800,2026-02-03 14:40,973834,36695990,1,1888,402,14044,46405,4086456,0,-9,0,559.9,17.5,50,0.2,7298,32.4,1020239,40782446
425276,13608832,2026-02-03 14:46,973834,36695991,1,1888,393,13756,46406,4086488,0,-9,0,559.9,17.5,49,0.2,7298,32.4,1020240,40782479
425277,13608864,2026-02-03 14:53,973835,36697881,0,0,385,13500,46406,4086488,1,-8,-1,560.0,17.5,48,0.2,7298,32.4,1020241,40784369
425278,13608896,2026-02-03 14:59,973835,36697882,1,1888,377,13244,46406,4084632,0,-8,1,560.0,17.5,47,0.2,7294,32.4,1020241,40782514
425279,13608928,2026-02-03 15:05,973834,36697851,1,1888,370,13020,46406,4084632,-1,-7,0,560.0,17.5,46,0.2,7294,32.4,1020240,40782483
425280,13608960,2026-02-03 15:12,973834,36697854,1,1888,362,12764,46407,4084664,0,-8,0,560.0,17.5,45,0.2,7295,32.4,1020241,40782518
425281,13608992,2026-02-03 15:18,973834,36697855,1,1888,354,12508,46409,4084727,0,-8,0,560.0,17.5,44,0.2,7295,32.4,1020243,40782582
425282,13609024,2026-02-03 15:25,973784,36696256,1,1888,396,13852,46409,4084727,-50,42,0,559.9,17.5,50,0.2,7295,32.4,1020193,40780983
425283,13609056,2026-02-03 15:31,973784,36696259,1,1888,388,13596,46410,4084759,0,-8,0,559.9,17.5,48,0.2,7295,32.4,1020194,40781018
425284,13609088,2026-02-03 15:37,973785,36698148,0,0,380,13340,46413,4082999,1,-8,-1,560.0,17.5,48,0.2,7291,32.4,1020198,40781147
425285,13609120,2026-02-03 15:44,973785,36698184,1,1888,372,13084,46413,4082999,0,-8,1,560.0,17.5,46,0.2,7291,32.4,1020198,40781183
425286,13609152,2026-02-03 15:50,973785,36698184,1,1888,364,12828,46413,4082996,0,-8,0,560.0,17.5,46,0.2,7291,32.4,1020198,40781180
425287,13609184,2026-02-03 15:57,973785,36698186,1,1888,361,12732,46413,4082996,0,-3,0,560.0,17.5,45,0.2,7291,32.4,1020198,40781182
425288,13609216,2026-02-03 16:03,973784,36698156,1,1888,362,12764,46415,4083020,-1,1,0,560.0,17.5,45,0.2,7292,32.4,1020199,40781176
425289,13609248,2026-02-03 16:09,973784,36698158,1,1888,362,12764,46416,4083052,0,0,0,560.0,17.5,45,0.2,7292,32.4,1020200,40781210
425290,13609280,2026-02-03 16:16,973784,36698160,1,1888,362,12764,46417,4083140,0,0,0,560.0,17.5,45,0.2,7292,32.4,1020201,40781300
425291,13609312,2026-02-03 16:22,973784,36698001,0,0,363,14812,46417,4083140,0,1,-1,560.0,17.5,45,0.2,7292,32.4,1020201,40781141
425292,13609344,2026-02-03 16:29,973784,36698002,0,0,361,13568,46416,4081252,0,-2,0,560.0,17.5,45,0.2,7288,32.4,1020200,40779254
425293,13609376,2026-02-03 16:35,973771,36697590,1,1888,374,13984,46416,4081252,-13,13,1,560.0,17.5,47,0.2,7288,32.4,1020187,40778842
425294,13609408,2026-02-03 16:41,973722,36696022,1,1888,416,15328,46416,4081252,-49,42,0,559.9,17.5,52,0.2,7289,32.4,1020138,40777274
425295,13609440,2026-02-03 16:48,973722,36696023,1,1888,409,15104,46419,4081348,0,-7,0,559.9,17.5,51,0.2,7289,32.4,1020141,40777371
425296,13609472,2026-02-03 16:54,973722,36696025,1,1888,401,14848,46420,4081380,0,-8,0,559.9,17.5,50,0.2,7289,32.4,1020142,40777405
425297,13609504,2026-02-03 17:01,973722,36696027,1,1888,393,14592,46420,4081380,0,-8,0,559.9,17.5,49,0.2,7289,32.4,1020142,40777407
425298,13609536,2026-02-03 17:07,973721,36695997,1,1888,385,14336,46420,4081380,-1,-8,0,559.9,17.5,48,0.2,7289,32.4,1020141,40777377
425299,13609568,2026-02-03 17:13,973722,36697888,0,0,377,14080,46435,4080004,1,-8,-1,560.0,17.5,47,0.2,7286,32.4,1020157,40777892
425301,13609632,2026-02-03 17:26,973720,36697828,1,1888,363,13632,46444,4080348,-2,-14,1,560.0,17.5,45,0.2,7287,32.4,1020164,40778176
425302,13609664,2026-02-03 17:33,973720,36697829,1,1888,354,13344,46445,4080380,0,-9,0,560.0,17.5,44,0.2,7287,32.4,1020165,40778209
425303,13609696,2026-02-03 17:39,973720,36697831,1,1888,346,13088,46445,4080380,0,-8,0,560.0,17.5,43,0.2,7287,32.4,1020165,40778211
425304,13609728,2026-02-03 17:45,973720,36697835,1,1888,338,12832,46449,4080568,0,-8,0,560.0,17.5,42,0.2,7287,32.4,1020169,40778403
425305,13609760,2026-02-03 17:52,973720,36697838,1,1888,330,12576,46449,4080568,0,-8,0,560.0,17.5,41,0.2,7287,32.4,1020169,40778406
425306,13609792,2026-02-03 17:58,973721,36699727,0,0,322,12320,46449,4080568,1,-8,-1,560.0,17.5,40,0.2,7287,32.4,1020170,40780295
425307,13609824,2026-02-03 18:05,973720,36699697,0,0,315,12096,46449,4080568,-1,-7,0,560.0,17.5,39,0.2,7287,32.4,1020169,40780265
425308,13609856,2026-02-03 18:11,973720,36699698,1,1888,307,11840,46467,4079288,0,-8,1,560.0,17.5,38,0.2,7285,32.4,1020187,40778986
425309,13609888,2026-02-03 18:17,973720,36699698,1,1888,299,11584,46467,4079288,0,-8,0,560.0,17.5,37,0.2,7285,32.4,1020187,40778986
425310,13609920,2026-02-03 18:24,973720,36699701,1,1888,291,11328,46471,4079416,0,-8,0,560.0,17.5,36,0.2,7285,32.4,1020191,40779117
425311,13609952,2026-02-03 18:30,973719,36699670,1,1888,283,11072,46471,4079416,-1,-8,0,560.0,17.5,35,0.2,7285,32.4,1020190,40779086
425312,13609984,2026-02-03 18:37,973718,36699639,1,1888,276,10848,46471,4079416,-1,-7,0,560.0,17.5,34,0.2,7285,32.4,1020189,40779055
425313,13610016,2026-02-03 18:43,973718,36699641,1,1888,268,10592,46472,4079448,0,-8,0,560.0,17.5,34,0.2,7285,32.4,1020190,40779089
425314,13610048,2026-02-03 18:49,973718,36701497,0,0,261,10368,46473,4079480,0,-7,-1,560.0,17.5,33,0.1,7285,32.4,1020191,40780977
425315,13610080,2026-02-03 18:56,973717,36701466,1,1888,253,10112,46474,4077656,-1,-8,1,560.0,17.5,32,0.1,7281,32.4,1020191,40779122
425316,13610112,2026-02-03 19:02,973717,36701466,1,1888,244,9824,46478,4077784,0,-9,0,560.0,17.5,30,0.1,7281,32.4,1020195,40779250
425317,13610144,2026-02-03 19:09,973717,36701467,1,1888,236,9568,46479,4078194,0,-8,0,560.0,17.5,30,0.1,7282,32.4,1020196,40779661
425318,13610176,2026-02-03 19:15,973717,36701468,1,1888,227,9280,46479,4078194,0,-9,0,560.0,17.5,28,0.1,7282,32.4,1020196,40779662
425319,13610208,2026-02-03 19:21,973717,36701470,1,1888,218,8992,46498,4078802,0,-9,0,560.0,17.5,27,0.1,7283,32.4,1020215,40780272
425320,13610240,2026-02-03 19:28,973717,36701474,1,1888,210,8736,46518,4079442,0,-8,0,560.0,17.5,26,0.1,7284,32.4,1020235,40780916
425321,13610272,2026-02-03 19:34,973718,36703365,0,0,202,8480,46517,4077554,1,-8,-1,560.0,17.5,25,0.1,7281,32.4,1020235,40780919
425322,13610304,2026-02-03 19:41,973718,36703398,1,1888,194,8224,46518,4077586,0,-8,1,560.0,17.5,24,0.1,7281,32.4,1020236,40780984
425323,13610336,2026-02-03 19:47,973718,36703431,1,1888,186,7968,46520,4077874,0,-8,0,560.0,17.5,23,0.1,7281,32.4,1020238,40781305
425324,13610368,2026-02-03 19:53,973716,36703369,1,1888,180,7776,46520,4077874,-2,-6,0,560.0,17.5,22,0.1,7281,32.4,1020236,40781243
425325,13610400,2026-02-03 20:00,973716,36703369,1,1888,172,7520,46522,4077938,0,-8,0,560.0,17.5,22,0.1,7281,32.4,1020238,40781307
425326,13610432,2026-02-03 20:06,973715,36703337,1,1888,165,7296,46522,4077938,-1,-7,0,560.0,17.5,21,0.1,7281,32.4,1020237,40781275
425327,13610464,2026-02-03 20:13,973715,36703338,1,1888,157,7040,46523,4077970,0,-8,0,560.0,17.5,20,0.1,7281,32.4,1020238,40781308
425328,13610496,2026-02-03 20:19,973716,36705227,0,0,149,6784,46523,4077970,1,-8,-1,560.1,17.5,19,0.1,7281,32.4,1020239,40783197
425329,13610528,2026-02-03 20:25,973714,36705165,0,0,143,6592,46522,4076082,-2,-6,0,560.1,17.5,18,0.1,7278,32.3,1020236,40781247
425330,13610560,2026-02-03 20:32,973714,36705167,1,1888,135,6336,46522,4076082,0,-8,1,560.1,17.5,17,0.1,7278,32.3,1020236,40781249
425331,13610592,2026-02-03 20:38,973565,36700463,1,1888,276,10848,46522,4076082,-149,141,0,560.0,17.5,34,0.2,7279,32.4,1020087,40776545
425332,13610624,2026-02-03 20:45,973564,36700528,1,1888,269,10624,46522,4076082,-1,-7,0,560.0,17.5,34,0.2,7279,32.4,1020086,40776610
425333,13610656,2026-02-03 20:51,973564,36700594,1,1888,261,10368,46523,4076114,0,-8,0,560.0,17.5,33,0.1,7279,32.4,1020087,40776708
425334,13610688,2026-02-03 20:57,973564,36700726,1,1888,253,10112,46523,4076114,0,-8,0,560.0,17.5,32,0.1,7279,32.4,1020087,40776840
425335,13610720,2026-02-03 21:04,973564,36700888,1,1888,245,9856,46523,4076114,0,-8,0,560.0,17.5,31,0.1,7279,32.4,1020087,40777002
425336,13610752,2026-02-03 21:10,973565,36702969,0,0,237,9600,46522,4074226,1,-8,-1,560.0,17.5,30,0.1,7275,32.3,1020087,40777195
425337,13610784,2026-02-03 21:17,973565,36703161,1,1888,229,9344,46528,4074418,0,-8,1,560.0,17.5,29,0.1,7275,32.3,1020093,40777579
425338,13610816,2026-02-03 21:23,973565,36703290,1,1888,221,9088,46530,4075040,0,-8,0,560.0,17.5,28,0.1,7276,32.3,1020095,40778330
425339,13610848,2026-02-03 21:29,973565,36703293,1,1888,219,9024,46530,4075040,0,-2,0,560.0,17.5,27,0.1,7276,32.3,1020095,40778333
425340,13610880,2026-02-03 21:36,973565,36703294,1,1888,219,9024,46531,4075104,0,0,0,560.0,17.5,27,0.1,7276,32.3,1020096,40778398
425341,13610912,2026-02-03 21:42,973565,36703296,1,1888,219,9024,46541,4075424,0,0,0,560.0,17.5,27,0.1,7277,32.3,1020106,40778720
425342,13610944,2026-02-03 21:49,973565,36703299,1,1888,219,9024,46549,4075680,0,0,0,560.0,17.5,27,0.1,7277,32.3,1020114,40778979
425343,13610976,2026-02-03 21:55,973566,36705188,0,0,219,9024,46550,4075681,1,0,-1,560.1,17.5,27,0.1,7277,32.3,1020116,40780869
425344,13611008,2026-02-03 22:01,973566,36705191,0,0,219,9024,46559,4074113,0,0,0,560.1,17.5,27,0.1,7274,32.3,1020125,40779304
425345,13611040,2026-02-03 22:08,973566,36705192,1,1888,219,9024,46594,4075442,0,0,1,560.1,17.5,27,0.1,7277,32.3,1020160,40780634
425346,13611072,2026-02-03 22:14,973566,36705194,1,1888,219,9024,46632,4076690,0,0,0,560.1,17.5,27,0.1,7279,32.4,1020198,40781884
425347,13611104,2026-02-03 22:21,973566,36705196,1,1888,212,6784,46690,4078546,0,-7,0,560.1,17.5,26,0.1,7282,32.4,1020256,40783742
425348,13611136,2026-02-03 22:27,973566,36705197,1,1888,204,6528,46714,4079314,0,-8,0,560.1,17.5,26,0.1,7283,32.4,1020280,40784511
425349,13611168,2026-02-03 22:33,973566,36705198,1,1888,196,6272,46714,4079314,0,-8,0,560.1,17.5,24,0.1,7283,32.4,1020280,40784512
425350,13611200,2026-02-03 22:40,973566,36705199,1,1888,188,6016,46729,4079794,0,-8,0,560.1,17.5,24,0.1,7284,32.4,1020295,40784993
425351,13611232,2026-02-03 22:46,973567,36707092,0,0,180,5760,46734,4078098,1,-8,-1,560.1,17.5,22,0.1,7281,32.4,1020301,40785190
425352,13611264,2026-02-03 22:53,973567,36707094,1,1888,172,5504,46739,4079971,0,-8,1,560.1,17.5,22,0.1,7284,32.4,1020306,40787065
425353,13611296,2026-02-03 22:59,973567,36707096,1,1888,164,5248,46742,4080099,0,-8,0,560.1,17.5,20,0.1,7285,32.4,1020309,40787195
425354,13611328,2026-02-03 23:05,973567,36707097,1,1888,156,4992,46750,4080355,0,-8,0,560.1,17.5,20,0.1,7285,32.4,1020317,40787452
425355,13611360,2026-02-03 23:12,973567,36707098,1,1888,155,4960,46752,4080439,0,-1,0,560.1,17.5,19,0.1,7285,32.4,1020319,40787537
425356,13611392,2026-02-03 23:18,973567,36707098,1,1888,148,4736,46760,4080695,0,-7,0,560.1,17.5,18,0.1,7286,32.4,1020327,40787793
425357,13611424,2026-02-03 23:25,973567,36707100,1,1888,140,4480,46760,4080695,0,-8,0,560.1,17.5,18,0.1,7286,32.4,1020327,40787795
425358,13611456,2026-02-03 23:31,973568,36708991,0,0,132,4224,46760,4078839,1,-8,-1,560.1,17.5,16,0.1,7282,32.4,1020328,40787830
425359,13611488,2026-02-03 23:37,973568,36708992,1,1888,124,3968,46760,4078839,0,-8,1,560.1,17.5,16,0.1,7282,32.4,1020328,40787831
425360,13611520,2026-02-03 23:44,973568,36708993,1,1888,116,3712,46761,4078871,0,-8,0,560.1,17.5,14,0.1,7282,32.4,1020329,40787864
425361,13611552,2026-02-03 23:50,973568,36708993,1,1888,108,3456,46762,4080631,0,-8,0,560.1,17.5,14,0.1,7285,32.4,1020330,40789624
425362,13611584,2026-02-03 23:57,973568,36708995,1,1888,100,3200,46762,4080631,0,-8,0,560.1,17.5,12,0.1,7285,32.4,1020330,40789626
425363,13611616,2026-02-04 00:03,973567,36708968,1,1888,93,2976,46763,4080663,-1,-7,0,560.1,17.5,12,0.1,7285,32.4,1020330,40789631
425364,13611648,2026-02-04 00:09,973567,36708969,1,1888,85,2720,46763,4080663,0,-8,0,560.1,17.5,11,0.0,7285,32.4,1020330,40789632
425365,13611680,2026-02-04 00:16,973568,36710858,0,0,77,2464,46783,4081288,1,-8,-1,560.2,17.5,10,0.0,7286,32.4,1020351,40792146
425366,13611712,2026-02-04 00:22,973568,36710859,0,0,69,2208,46782,4079400,0,-8,0,560.2,17.5,9,0.0,7283,32.4,1020350,40790259
425367,13611744,2026-02-04 00:29,973568,36710861,1,1888,61,1952,46783,4079401,0,-8,1,560.2,17.5,8,0.0,7283,32.4,1020351,40790262
425368,13611776,2026-02-04 00:35,973567,36710832,1,1888,54,1728,46783,4079401,-1,-7,0,560.2,17.5,7,0.0,7283,32.4,1020350,40790233
425369,13611808,2026-02-04 00:41,973556,36710480,1,1888,57,1824,46785,4079465,-11,3,0,560.2,17.5,7,0.0,7283,32.4,1020341,40789945
425370,13611840,2026-02-04 00:48,973556,36710483,1,1888,49,1568,46786,4079497,0,-8,0,560.2,17.5,6,0.0,7283,32.4,1020342,40789980
425371,13611872,2026-02-04 00:54,973556,36710485,1,1888,41,1312,46791,4079657,0,-8,0,560.2,17.5,5,0.0,7283,32.4,1020347,40790142
425372,13611904,2026-02-04 01:01,973556,36710488,1,1888,33,1056,46791,4079657,0,-8,0,560.2,17.5,4,0.0,7283,32.4,1020347,40790145
425373,13611936,2026-02-04 01:07,973557,36712377,0,0,25,800,46790,4077769,1,-8,-1,560.2,17.5,3,0.0,7279,32.4,1020347,40790146
425374,13611968,2026-02-04 01:13,973557,36712382,1,1888,17,544,46790,4077769,0,-8,1,560.2,17.5,2,0.0,7279,32.4,1020347,40790151
425375,13612000,2026-02-04 01:20,973557,36712383,1,1888,9,288,46804,4078217,0,-8,0,560.2,17.5,1,0.0,7280,32.4,1020361,40790600
425376,13612032,2026-02-04 01:26,973557,36712383,1,1888,1,32,46823,4078825,0,-8,0,560.2,17.5,0,0.0,7281,32.4,1020380,40791208
425377,13612064,2026-02-04 01:33,973557,36712386,1,1888,0,0,46823,4078825,0,-1,0,560.2,17.5,0,0.0,7281,32.4,1020380,40791211
425378,13612096,2026-02-04 01:39,973557,36712389,1,1888,0,0,46823,4078825,0,0,0,560.2,17.5,0,0.0,7281,32.4,1020380,40791214
425379,13612128,2026-02-04 01:45,973557,36712390,1,1888,0,0,46823,4078825,0,0,0,560.2,17.5,0,0.0,7281,32.4,1020380,40791215
425380,13612160,2026-02-04 01:52,973558,36714279,0,0,0,0,46826,4077065,1,0,-1,560.2,17.5,0,0.0,7278,32.3,1020384,40791344
425381,13612192,2026-02-04 01:58,973558,36714280,1,1888,0,0,46828,4077129,0,0,1,560.2,17.5,0,0.0,7278,32.3,1020386,40791409
425382,13612224,2026-02-04 02:05,973558,36714282,1,1888,0,0,46831,4077225,0,0,0,560.2,17.5,0,0.0,7278,32.3,1020389,40791507
425383,13612256,2026-02-04 02:11,973558,36714283,1,1888,0,0,46831,4077225,0,0,0,560.2,17.5,0,0.0,7278,32.3,1020389,40791508
425384,13612288,2026-02-04 02:17,973558,36714283,1,1888,0,0,46833,4077265,0,0,0,560.2,17.5,0,0.0,7278,32.3,1020391,40791548
425385,13612320,2026-02-04 02:24,973558,36714284,1,1888,0,0,46833,4077265,0,0,0,560.2,17.5,0,0.0,7278,32.3,1020391,40791549
425386,13612352,2026-02-04 02:30,973558,36714288,1,1888,0,0,46833,4077265,0,0,0,560.2,17.5,0,0.0,7278,32.3,1020391,40791553
425387,13612384,2026-02-04 02:37,973559,36716176,0,0,0,0,46833,4077265,1,0,-1,560.2,17.5,0,0.0,7278,32.3,1020392,40793441
425388,13612416,2026-02-04 02:43,973559,36716176,0,0,0,0,46832,4075377,0,0,0,560.2,17.5,0,0.0,7274,32.3,1020391,40791553
425389,13612448,2026-02-04 02:49,973559,36716181,1,1888,0,0,46834,4075441,0,0,1,560.2,17.5,0,0.0,7274,32.3,1020393,40791622
425390,13612480,2026-02-04 02:56,973559,36716183,1,1888,0,0,46834,4075441,0,0,0,560.2,17.5,0,0.0,7274,32.3,1020393,40791624
425391,13612512,2026-02-04 03:02,973559,36716183,1,1888,0,0,46834,4075441,0,0,0,560.2,17.5,0,0.0,7274,32.3,1020393,40791624
425392,13612544,2026-02-04 03:09,973559,36716185,1,1888,0,0,46834,4075441,0,0,0,560.2,17.5,0,0.0,7274,32.3,1020393,40791626
425393,13612576,2026-02-04 03:15,973559,36716315,1,1888,0,0,46834,4075441,0,0,0,560.2,17.5,0,0.0,7274,32.3,1020393,40791756
425394,13612608,2026-02-04 03:21,973558,36716412,1,1888,1,32,46853,4076049,-1,1,0,560.2,17.5,0,0.0,7275,32.3,1020411,40792461
425395,13612640,2026-02-04 03:28,973559,36718367,0,0,1,32,46856,4074289,1,0,-1,560.3,17.5,0,0.0,7272,32.3,1020415,40792656
425396,13612672,2026-02-04 03:34,973408,36713537,1,1888,152,4864,46856,4074289,-151,151,1,560.2,17.5,19,0.1,7273,32.3,1020264,40787826
425397,13612704,2026-02-04 03:41,973236,36708035,1,1888,324,10368,46857,4074321,-172,172,0,560.1,17.5,40,0.2,7274,32.3,1020093,40782356
425398,13612736,2026-02-04 03:47,973070,36702724,1,1888,489,15648,46857,4074321,-166,165,0,560.0,17.5,61,0.3,7275,32.3,1019927,40777045
425399,13612768,2026-02-04 03:53,973058,36702343,1,1888,501,16032,46858,4075255,-12,12,0,560.0,17.5,63,0.3,7277,32.3,1019916,40777598
425400,13612800,2026-02-04 04:00,973055,36702250,1,1888,496,15872,46858,4075255,-3,-5,0,560.0,17.5,62,0.3,7277,32.3,1019913,40777505
425401,13612832,2026-02-04 04:06,973055,36702250,1,1888,488,15616,46859,4075287,0,-8,0,560.0,17.5,61,0.3,7277,32.3,1019914,40777537
425402,13612864,2026-02-04 04:13,973056,36704138,0,0,480,15360,46859,4075287,1,-8,-1,560.1,17.5,60,0.3,7277,32.3,1019915,40779425
425403,13612896,2026-02-04 04:19,973056,36704141,0,0,472,15104,46858,4073399,0,-8,0,560.1,17.5,59,0.3,7273,32.3,1019914,40777540
425404,13612928,2026-02-04 04:25,973056,36704142,1,1888,464,14848,46858,4073399,0,-8,1,560.1,17.5,58,0.3,7273,32.3,1019914,40777541
425405,13612960,2026-02-04 04:32,973045,36703793,1,1888,467,14944,46858,4073399,-11,3,0,560.1,17.5,58,0.3,7273,32.3,1019903,40777192
425406,13612992,2026-02-04 04:38,973045,36703795,1,1888,459,14688,46858,4073399,0,-8,0,560.1,17.5,57,0.3,7273,32.3,1019903,40777194
425407,13613024,2026-02-04 04:45,973022,36703060,1,1888,474,15168,46858,4073399,-23,15,0,560.0,17.5,59,0.3,7273,32.3,1019880,40776459
425408,13613056,2026-02-04 04:51,973017,36702903,1,1888,471,15072,46858,4073399,-5,-3,0,560.0,17.5,59,0.3,7273,32.3,1019875,40776302
425409,13613088,2026-02-04 04:57,973015,36702842,1,1888,465,14880,46858,4073399,-2,-6,0,560.0,17.5,58,0.3,7273,32.3,1019873,40776241
425410,13613120,2026-02-04 05:04,973016,36704731,0,0,457,14624,46857,4071511,1,-8,-1,560.1,17.5,57,0.3,7270,32.3,1019873,40776242
425411,13613152,2026-02-04 05:10,973015,36704702,1,1888,450,14400,46857,4071511,-1,-7,1,560.1,17.5,56,0.2,7270,32.3,1019872,40776213
425412,13613184,2026-02-04 05:17,973015,36704703,1,1888,442,14144,46861,4071639,0,-8,0,560.1,17.5,55,0.2,7270,32.3,1019876,40776342
425413,13613216,2026-02-04 05:23,973015,36704704,1,1888,434,13888,46863,4071703,0,-8,0,560.1,17.5,54,0.2,7270,32.3,1019878,40776407
425414,13613248,2026-02-04 05:29,973015,36704706,1,1888,426,13632,46863,4071703,0,-8,0,560.1,17.5,53,0.2,7270,32.3,1019878,40776409
425415,13613280,2026-02-04 05:36,973015,36704707,1,1888,418,13376,46863,4071703,0,-8,0,560.1,17.5,52,0.2,7270,32.3,1019878,40776410
425416,13613312,2026-02-04 05:42,973015,36704707,1,1888,410,13120,46863,4071703,0,-8,0,560.1,17.5,51,0.2,7270,32.3,1019878,40776410
425417,13613344,2026-02-04 05:49,973016,36706598,0,0,402,12864,46862,4069815,1,-8,-1,560.1,17.5,50,0.2,7266,32.3,1019878,40776413
425418,13613376,2026-02-04 05:55,973016,36706600,1,1888,394,12608,46862,4069815,0,-8,1,560.1,17.5,49,0.2,7266,32.3,1019878,40776415
425419,13613408,2026-02-04 06:01,973016,36706603,1,1888,386,12352,46862,4069815,0,-8,0,560.1,17.5,48,0.2,7266,32.3,1019878,40776418
425420,13613440,2026-02-04 06:08,973016,36706604,1,1888,378,12096,46862,4069815,0,-8,0,560.1,17.5,47,0.2,7266,32.3,1019878,40776419
425421,13613472,2026-02-04 06:14,973016,36706592,1,1888,370,11840,46873,4070167,0,-8,0,560.1,17.5,46,0.2,7267,32.3,1019889,40776759
425422,13613504,2026-02-04 06:21,973016,36706593,1,1888,362,11584,46873,4070167,0,-8,0,560.1,17.5,45,0.2,7267,32.3,1019889,40776760
425423,13613536,2026-02-04 06:27,973016,36706596,1,1888,354,11328,46873,4070167,0,-8,0,560.1,17.5,44,0.2,7267,32.3,1019889,40776763
425424,13613568,2026-02-04 06:33,973017,36708485,0,0,346,11072,46873,4070167,1,-8,-1,560.1,17.5,43,0.2,7267,32.3,1019890,40778652
425425,13613600,2026-02-04 06:40,973017,36708488,0,0,338,10816,46873,4070167,0,-8,0,560.1,17.5,42,0.2,7267,32.3,1019890,40778655
425426,13613632,2026-02-04 06:46,973017,36708488,1,1888,330,10560,46873,4068311,0,-8,1,560.1,17.5,41,0.2,7263,32.3,1019890,40776799
425427,13613664,2026-02-04 06:53,973017,36708488,1,1888,322,10304,46873,4068311,0,-8,0,560.1,17.5,40,0.2,7263,32.3,1019890,40776799
425428,13613696,2026-02-04 06:59,973017,36708488,1,1888,314,10048,46874,4068343,0,-8,0,560.1,17.5,39,0.2,7263,32.3,1019891,40776831
425429,13613728,2026-02-04 07:05,973017,36708488,1,1888,306,9792,46874,4068343,0,-8,0,560.1,17.5,38,0.2,7263,32.3,1019891,40776831
425430,13613760,2026-02-04 07:12,973017,36708489,1,1888,298,9536,46874,4068343,0,-8,0,560.1,17.5,37,0.2,7263,32.3,1019891,40776832
425431,13613792,2026-02-04 07:18,973017,36708492,1,1888,290,9280,46884,4068663,0,-8,0,560.1,17.5,36,0.2,7264,32.3,1019901,40777155
425432,13613824,2026-02-04 07:25,973018,36710382,0,0,282,9024,46887,4068732,1,-8,-1,560.2,17.5,35,0.2,7264,32.3,1019905,40779114
425433,13613856,2026-02-04 07:31,973018,36710386,1,1888,274,8768,46887,4066876,0,-8,1,560.2,17.5,34,0.2,7260,32.3,1019905,40777262
425434,13613888,2026-02-04 07:37,973018,36710388,1,1888,266,8512,46888,4066908,0,-8,0,560.2,17.5,33,0.1,7260,32.3,1019906,40777296
425435,13613920,2026-02-04 07:44,973017,36710358,1,1888,259,8288,46888,4066908,-1,-7,0,560.2,17.5,32,0.1,7260,32.3,1019905,40777266
425436,13613952,2026-02-04 07:50,973017,36710362,1,1888,251,8032,46888,4066908,0,-8,0,560.2,17.5,31,0.1,7260,32.3,1019905,40777270
425437,13613984,2026-02-04 07:57,973016,36710331,1,1888,244,7808,46888,4066908,-1,-7,0,560.2,17.5,30,0.1,7260,32.3,1019904,40777239
425438,13614016,2026-02-04 08:03,973016,36710332,1,1888,236,7552,46888,4066908,0,-8,0,560.2,17.5,30,0.1,7260,32.3,1019904,40777240
425439,13614048,2026-02-04 08:09,973017,36712221,0,0,228,7296,46887,4065020,1,-8,-1,560.2,17.5,28,0.1,7257,32.3,1019904,40777241
425440,13614080,2026-02-04 08:16,973017,36712221,1,1888,220,7040,46887,4065020,0,-8,1,560.2,17.5,28,0.1,7257,32.3,1019904,40777241
425441,13614112,2026-02-04 08:22,973014,36712128,1,1888,215,6880,46887,4065020,-3,-5,0,560.2,17.5,27,0.1,7257,32.3,1019901,40777148
425442,13614144,2026-02-04 08:29,973013,36712097,1,1888,208,6656,46887,4065020,-1,-7,0,560.2,17.5,26,0.1,7257,32.3,1019900,40777117
425443,13614176,2026-02-04 08:35,973011,36712037,1,1888,202,6464,46887,4065020,-2,-6,0,560.2,17.5,25,0.1,7257,32.3,1019898,40777057
425444,13614208,2026-02-04 08:41,973008,36711941,1,1888,197,6304,46888,4065052,-3,-5,0,560.2,17.5,25,0.1,7257,32.3,1019896,40776993
425445,13614240,2026-02-04 08:48,973008,36711946,1,1888,189,6048,46889,4065052,0,-8,0,560.2,17.5,24,0.1,7257,32.3,1019897,40776998
425446,13614272,2026-02-04 08:54,973009,36713835,0,0,181,5792,46890,4065060,1,-8,-1,560.2,17.5,23,0.1,7256,32.2,1019899,40778895
425447,13614304,2026-02-04 09:01,973009,36713837,0,0,173,5536,46889,4063172,0,-8,0,560.2,17.5,22,0.1,7253,32.2,1019898,40777009
425448,13614336,2026-02-04 09:07,973009,36713839,1,1888,165,5280,46890,4063204,0,-8,1,560.2,17.5,21,0.1,7253,32.2,1019899,40777043
425449,13614368,2026-02-04 09:13,973009,36713841,1,1888,157,5024,46891,4063236,0,-8,0,560.2,17.5,20,0.1,7253,32.2,1019900,40777077
425450,13614400,2026-02-04 09:20,973008,36713812,1,1888,150,4800,46901,4063556,-1,-7,0,560.2,17.5,19,0.1,7254,32.2,1019909,40777368
425451,13614432,2026-02-04 09:26,973008,36713816,1,1888,142,4544,46901,4063556,0,-8,0,560.2,17.5,18,0.1,7254,32.2,1019909,40777372
425452,13614464,2026-02-04 09:33,973008,36713818,1,1888,134,4288,46901,4063556,0,-8,0,560.2,17.5,17,0.1,7254,32.2,1019909,40777374
425453,13614496,2026-02-04 09:39,973005,36713726,1,1888,129,4128,46903,4063620,-3,-5,0,560.2,17.5,16,0.1,7254,32.2,1019908,40777346
425454,13614528,2026-02-04 09:45,973006,36715615,0,0,121,3872,46902,4061732,1,-8,-1,560.2,17.5,15,0.1,7250,32.2,1019908,40777347
425455,13614560,2026-02-04 09:52,972997,36715328,1,1888,122,3904,46902,4061732,-9,1,1,560.2,17.5,15,0.1,7250,32.2,1019899,40777060
425456,13614592,2026-02-04 09:58,972997,36715330,1,1888,114,3648,46902,4061732,0,-8,0,560.2,17.5,14,0.1,7250,32.2,1019899,40777062
425457,13614624,2026-02-04 10:05,972997,36715331,1,1888,103,3296,46902,4061732,0,-11,0,560.2,17.5,13,0.1,7250,32.2,1019899,40777063
425458,13614656,2026-02-04 10:11,972997,36715334,1,1888,95,3040,46903,4061764,0,-8,0,560.2,17.5,12,0.1,7250,32.2,1019900,40777098
425459,13614688,2026-02-04 10:17,972997,36715335,1,1888,87,2784,46903,4061764,0,-8,0,560.2,17.5,11,0.0,7250,32.2,1019900,40777099
425460,13614720,2026-02-04 10:24,972997,36715338,1,1888,79,2528,46904,4061796,0,-8,0,560.2,17.5,10,0.0,7250,32.2,1019901,40777134
425461,13614752,2026-02-04 10:30,972998,36717228,0,0,71,2272,46923,4062404,1,-8,-1,560.3,17.5,9,0.0,7251,32.2,1019921,40779632
425462,13614784,2026-02-04 10:37,972998,36717229,0,0,64,2048,46923,4062404,0,-7,0,560.3,17.5,8,0.0,7251,32.2,1019921,40779633
425463,13614816,2026-02-04 10:43,972998,36717232,1,1888,56,1792,46923,4060548,0,-8,1,560.3,17.5,7,0.0,7248,32.2,1019921,40777780
425464,13614848,2026-02-04 10:49,972998,36717233,1,1888,48,1536,46923,4060548,0,-8,0,560.3,17.5,6,0.0,7248,32.2,1019921,40777781
425465,13614880,2026-02-04 10:56,972998,36717235,1,1888,40,1280,46924,4060580,0,-8,0,560.3,17.5,5,0.0,7248,32.2,1019922,40777815
425466,13614912,2026-02-04 11:02,972998,36717237,1,1888,33,1056,46924,4060580,0,-7,0,560.3,17.5,4,0.0,7248,32.2,1019922,40777817
425467,13614944,2026-02-04 11:09,972998,36717238,1,1888,25,800,46924,4060580,0,-8,0,560.3,17.5,3,0.0,7248,32.2,1019922,40777818
425468,13614976,2026-02-04 11:15,972991,36716967,1,1888,24,816,46924,4060580,-7,-1,0,560.3,17.5,3,0.0,7248,32.2,1019915,40777547
425469,13615008,2026-02-04 11:21,972992,36718856,0,0,16,560,46928,4058852,1,-8,-1,560.3,17.5,2,0.0,7244,32.2,1019920,40777708
425470,13615040,2026-02-04 11:28,972992,36718858,1,1888,8,304,46931,4059035,0,-8,1,560.3,17.5,1,0.0,7245,32.2,1019923,40777893
425471,13615072,2026-02-04 11:34,972992,36718860,1,1888,7,272,46933,4059099,0,-1,0,560.3,17.5,1,0.0,7245,32.2,1019925,40777959
425472,13615104,2026-02-04 11:41,972992,36718862,1,1888,1,32,46933,4059099,0,-6,0,560.3,17.5,0,0.0,7245,32.2,1019925,40777961
425473,13615136,2026-02-04 11:47,972992,36718864,1,1888,0,0,46934,4059131,0,-1,0,560.3,17.5,0,0.0,7245,32.2,1019926,40777995
425474,13615168,2026-02-04 11:53,972991,36718833,1,1888,1,32,46937,4059227,-1,1,0,560.3,17.5,0,0.0,7245,32.2,1019928,40778060
425475,13615200,2026-02-04 12:00,972991,36718835,1,1888,1,32,46940,4059323,0,0,0,560.3,17.5,0,0.0,7245,32.2,1019931,40778158
425476,13615232,2026-02-04 12:06,972992,36720725,0,0,1,32,46942,4059387,1,0,-1,560.3,17.5,0,0.0,7245,32.2,1019934,40780112
425477,13615264,2026-02-04 12:13,972992,36720728,1,1888,1,32,46948,4057723,0,0,1,560.3,17.5,0,0.0,7242,32.2,1019940,40778451
425478,13615296,2026-02-04 12:19,972992,36720730,1,1888,0,0,46948,4057723,0,-1,0,560.3,17.5,0,0.0,7242,32.2,1019940,40778453
425479,13615328,2026-02-04 12:25,972991,36720700,1,1888,1,32,46948,4057723,-1,1,0,560.3,17.5,0,0.0,7242,32.2,1019939,40778423
425480,13615360,2026-02-04 12:32,972989,36720636,1,1888,3,96,46957,4058011,-2,2,0,560.3,17.5,0,0.0,7242,32.2,1019946,40778647
425481,13615392,2026-02-04 12:38,972988,36720605,1,1888,4,128,46960,4058083,-1,1,0,560.3,17.5,0,0.0,7243,32.2,1019948,40778688
425482,13615424,2026-02-04 12:45,972988,36720607,1,1888,4,128,46970,4058403,0,0,0,560.3,17.5,0,0.0,7243,32.2,1019958,40779010
425483,13615456,2026-02-04 12:51,972989,36722496,0,0,3,96,46970,4058403,1,-1,-1,560.3,17.5,0,0.0,7243,32.2,1019959,40780899
425484,13615488,2026-02-04 12:57,972988,36722466,0,0,2,64,46969,4056515,-1,-1,0,560.3,17.5,0,0.0,7239,32.2,1019957,40778981
425485,13615520,2026-02-04 13:04,972985,36722372,1,1888,4,128,46969,4056515,-3,2,1,560.3,17.5,0,0.0,7239,32.2,1019954,40778887
425486,13615552,2026-02-04 13:10,972985,36722373,1,1888,4,128,46974,4056675,0,0,0,560.3,17.5,0,0.0,7240,32.2,1019959,40779048
425487,13615584,2026-02-04 13:17,972985,36722374,1,1888,4,128,46979,4056835,0,0,0,560.3,17.5,0,0.0,7240,32.2,1019964,40779209
425488,13615616,2026-02-04 13:23,972985,36722375,1,1888,3,96,46986,4057059,0,-1,0,560.3,17.5,0,0.0,7240,32.2,1019971,40779434
425489,13615648,2026-02-04 13:29,972985,36722376,1,1888,0,0,46986,4057059,0,-3,0,560.3,17.5,0,0.0,7240,32.2,1019971,40779435
425490,13615680,2026-02-04 13:36,972985,36722376,1,1888,0,0,46986,4057059,0,0,0,560.3,17.5,0,0.0,7240,32.2,1019971,40779435
425491,13615712,2026-02-04 13:42,972986,36724268,0,0,0,0,46985,4055171,1,0,-1,560.4,17.5,0,0.0,7237,32.2,1019971,40779439
425492,13615744,2026-02-04 13:49,972986,36724270,1,1888,0,0,46985,4055171,0,0,1,560.4,17.5,0,0.0,7237,32.2,1019971,40779441
425493,13615776,2026-02-04 13:55,972986,36724272,1,1888,0,0,47001,4055683,0,0,0,560.4,17.5,0,0.0,7238,32.2,1019987,40779955
425494,13615808,2026-02-04 14:01,972986,36724273,1,1888,0,0,47001,4055683,0,0,0,560.4,17.5,0,0.0,7238,32.2,1019987,40779956
425495,13615840,2026-02-04 14:08,972986,36724275,1,1888,0,0,47016,4056163,0,0,0,560.4,17.5,0,0.0,7238,32.2,1020002,40780438
425496,13615872,2026-02-04 14:14,972986,36724275,1,1888,0,0,47017,4056195,0,0,0,560.4,17.5,0,0.0,7238,32.2,1020003,40780470
425497,13615904,2026-02-04 14:21,972986,36724276,1,1888,0,0,47017,4056195,0,0,0,560.4,17.5,0,0.0,7238,32.2,1020003,40780471
425498,13615936,2026-02-04 14:27,972986,36726134,0,0,1,32,47016,4054307,0,1,-1,560.4,17.5,0,0.0,7235,32.2,1020002,40780441
425499,13615968,2026-02-04 14:33,972986,36726139,1,1888,1,32,47016,4054307,0,0,1,560.4,17.5,0,0.0,7235,32.2,1020002,40780446
425500,13616000,2026-02-04 14:40,972986,36726141,1,1888,1,32,47017,4054339,0,0,0,560.4,17.5,0,0.0,7235,32.2,1020003,40780480
425501,13616032,2026-02-04 14:46,972986,36726144,1,1888,1,32,47017,4054339,0,0,0,560.4,17.5,0,0.0,7235,32.2,1020003,40780483
425502,13616064,2026-02-04 14:53,972985,36726114,1,1888,1,32,47017,4054339,-1,0,0,560.4,17.5,0,0.0,7235,32.2,1020002,40780453
425503,13616096,2026-02-04 14:59,972985,36726118,1,1888,1,32,47017,4054339,0,0,0,560.4,17.5,0,0.0,7235,32.2,1020002,40780457
425504,13616128,2026-02-04 15:05,972975,36725800,1,1888,11,352,47018,4054371,-10,10,0,560.4,17.5,1,0.0,7235,32.2,1019993,40780171
425505,13616160,2026-02-04 15:12,972976,36727686,0,0,11,352,47018,4054371,1,0,-1,560.4,17.5,1,0.0,7235,32.2,1019994,40782057
425506,13616192,2026-02-04 15:18,972976,36727679,0,0,10,320,47014,4052387,0,-1,0,560.4,17.5,1,0.0,7231,32.1,1019990,40780066
425507,13616224,2026-02-04 15:25,972976,36727682,6,2048,10,320,47018,4052515,0,0,6,560.4,17.5,1,0.0,7231,32.1,1019994,40780197
425508,13616256,2026-02-04 15:31,972976,36727683,14,2304,2,64,47011,4052291,0,-8,8,560.4,17.5,0,0.0,7231,32.1,1019987,40779974
425509,13616288,2026-02-04 15:37,972975,36727652,22,2560,1,32,47003,4052035,-1,-1,8,560.4,17.5,0,0.0,7230,32.1,1019978,40779687
425510,13616320,2026-02-04 15:44,972975,36727654,30,2816,1,32,46995,4051779,0,0,8,560.4,17.5,0,0.0,7230,32.1,1019970,40779433
425511,13616352,2026-02-04 15:50,972975,36727655,38,3072,1,32,46987,4051523,0,0,8,560.4,17.5,0,0.0,7229,32.1,1019962,40779178
425512,13616384,2026-02-04 15:57,972975,36727655,46,3328,1,32,46979,4051267,0,0,8,560.4,17.5,0,0.0,7229,32.1,1019954,40778922
425513,13616416,2026-02-04 16:03,972981,36728566,48,1536,0,0,46973,4051075,6,-1,2,560.4,17.5,0,0.0,7228,32.1,1019954,40779641
425514,13616448,2026-02-04 16:09,972989,36728824,48,1536,0,0,46965,4050819,8,0,0,560.4,17.5,0,0.0,7228,32.1,1019954,40779643
425515,13616480,2026-02-04 16:16,972989,36728824,48,1536,8,256,46958,4050595,0,8,0,560.4,17.5,1,0.0,7228,32.1,1019947,40779419
425516,13616512,2026-02-04 16:22,972981,36728569,48,1536,24,768,46950,4050339,-8,16,0,560.4,17.5,3,0.0,7227,32.1,1019931,40778908
425517,13616544,2026-02-04 16:29,972985,36728702,48,1536,28,896,46944,4050089,4,4,0,560.4,17.5,4,0.0,7227,32.1,1019929,40778791
425518,13616576,2026-02-04 16:35,972968,36728158,46,1530,53,1696,46936,4049834,-17,25,-2,560.4,17.5,7,0.0,7226,32.1,1019904,40777992
425519,13616608,2026-02-04 16:41,972974,36728351,46,1530,47,1504,46930,4049616,6,-6,0,560.4,17.5,6,0.0,7226,32.1,1019904,40777967
425520,13616640,2026-02-04 16:48,972982,36728608,46,1530,40,1280,46923,4049392,8,-7,0,560.4,17.5,5,0.0,7225,32.1,1019905,40778000
425521,13616672,2026-02-04 16:54,972989,36728834,46,1530,33,1056,46915,4049136,7,-7,0,560.4,17.5,4,0.0,7225,32.1,1019904,40777970
425522,13616704,2026-02-04 17:01,972996,36729059,46,1530,26,832,46907,4048880,7,-7,0,560.4,17.5,3,0.0,7224,32.1,1019903,40777939
425523,13616736,2026-02-04 17:07,973004,36729318,46,1530,18,576,46902,4048752,8,-8,0,560.4,17.5,2,0.0,7224,32.1,1019906,40778070
425524,13616768,2026-02-04 17:13,973010,36729569,48,1536,10,320,46895,4048560,6,-8,2,560.4,17.5,1,0.0,7224,32.1,1019905,40778129
425525,13616800,2026-02-04 17:20,973015,36729731,48,1536,5,160,46899,4048688,5,-5,0,560.5,17.5,1,0.0,7224,32.1,1019914,40778419
425526,13616832,2026-02-04 17:26,973023,36729988,48,1536,3,96,46892,4048464,8,-2,0,560.5,17.5,0,0.0,7224,32.1,1019915,40778452
425527,13616864,2026-02-04 17:33,973031,36730246,48,1536,3,96,46898,4048626,8,0,0,560.5,17.5,0,0.0,7224,32.1,1019929,40778872
425528,13616896,2026-02-04 17:39,973010,36729578,48,1536,32,1024,46891,4048402,-21,29,0,560.4,17.5,4,0.0,7223,32.1,1019901,40777980
425529,13616928,2026-02-04 17:45,973018,36729828,48,1536,29,928,46886,4048259,8,-3,0,560.5,17.5,4,0.0,7223,32.1,1019904,40778087
425530,13616960,2026-02-04 17:52,973004,36729416,48,1536,51,1632,46878,4048003,-14,22,0,560.4,17.5,6,0.0,7223,32.1,1019882,40777419
425531,13616992,2026-02-04 17:58,973012,36729682,48,1536,51,1632,46871,4047751,8,0,0,560.5,17.5,6,0.0,7222,32.1,1019883,40777433
425532,13617024,2026-02-04 18:05,973020,36729972,48,1536,43,1376,46863,4047495,8,-8,0,560.5,17.5,5,0.0,7222,32.1,1019883,40777467
425533,13617056,2026-02-04 18:11,973028,36730230,48,1536,35,1120,46855,4047239,8,-8,0,560.5,17.5,4,0.0,7221,32.1,1019883,40777469
425534,13617088,2026-02-04 18:17,973036,36730487,48,1536,27,864,46852,4047143,8,-8,0,560.5,17.5,3,0.0,7221,32.1,1019888,40777630
425535,13617120,2026-02-04 18:24,973044,36730745,48,1536,20,640,46856,4047271,8,-7,0,560.5,17.5,2,0.0,7221,32.1,1019900,40778016
425536,13617152,2026-02-04 18:30,973052,36731003,48,1536,12,384,46848,4047015,8,-8,0,560.5,17.5,2,0.0,7221,32.1,1019900,40778018
425537,13617184,2026-02-04 18:37,973060,36731261,48,1536,4,128,46841,4046891,8,-8,0,560.5,17.5,0,0.0,7220,32.1,1019901,40778152
425538,13617216,2026-02-04 18:43,973068,36731520,48,1536,0,0,46835,4046791,8,-4,0,560.5,17.5,0,0.0,7220,32.1,1019903,40778311
425539,13617248,2026-02-04 18:49,973076,36731776,48,1536,0,0,46828,4046567,8,0,0,560.5,17.5,0,0.0,7220,32.1,1019904,40778343
425540,13617280,2026-02-04 18:56,973084,36732036,48,1536,0,0,46822,4046535,8,0,0,560.5,17.5,0,0.0,7220,32.1,1019906,40778571
425541,13617312,2026-02-04 19:02,973092,36732294,48,1536,0,0,46814,4046279,8,0,0,560.5,17.5,0,0.0,7219,32.1,1019906,40778573
425542,13617344,2026-02-04 19:09,973100,36732553,48,1536,0,0,46806,4046023,8,0,0,560.5,17.5,0,0.0,7219,32.1,1019906,40778576
425543,13617376,2026-02-04 19:15,973108,36732810,48,1536,0,0,46798,4045767,8,0,0,560.5,17.5,0,0.0,7218,32.1,1019906,40778577
425544,13617408,2026-02-04 19:21,973115,36733036,48,1536,1,32,46794,4045639,7,1,0,560.5,17.5,0,0.0,7218,32.1,1019909,40778675
425545,13617440,2026-02-04 19:28,973123,36733293,48,1536,1,32,46786,4045383,8,0,0,560.5,17.5,0,0.0,7217,32.1,1019909,40778676
425546,13617472,2026-02-04 19:34,973131,36733552,48,1536,1,32,46778,4045127,8,0,0,560.5,17.5,0,0.0,7217,32.1,1019909,40778679
425547,13617504,2026-02-04 19:41,973138,36733776,48,1536,2,64,46770,4044871,7,1,0,560.5,17.5,0,0.0,7216,32.1,1019908,40778647
425548,13617536,2026-02-04 19:47,973146,36734066,48,1536,1,32,46762,4044615,8,-1,0,560.5,17.5,0,0.0,7216,32.1,1019908,40778681
425549,13617568,2026-02-04 19:53,973154,36734323,48,1536,1,32,46754,4044359,8,0,0,560.5,17.5,0,0.0,7215,32.1,1019908,40778682
425550,13617600,2026-02-04 20:00,973162,36734105,48,1536,1,32,46746,4044103,8,0,0,560.5,17.5,0,0.0,7215,32.1,1019908,40778208
425551,13617632,2026-02-04 20:06,973169,36732581,48,1536,1,1781,46741,4043919,7,0,0,560.5,17.5,0,0.0,7215,32.1,1019910,40776500
425552,13617664,2026-02-04 20:13,973177,36732760,48,1536,1,1781,46734,4043695,8,0,0,560.5,17.5,0,0.0,7214,32.1,1019911,40776455
425553,13617696,2026-02-04 20:19,973184,36732985,48,1536,2,1813,46726,4043439,7,1,0,560.5,17.5,0,0.0,7214,32.1,1019910,40776424
425554,13617728,2026-02-04 20:25,973192,36733275,48,1536,2,1813,46718,4043183,8,0,0,560.5,17.5,0,0.0,7213,32.1,1019910,40776458
425555,13617760,2026-02-04 20:32,973184,36733021,48,1536,18,2325,46710,4042927,-8,16,0,560.5,17.5,2,0.0,7213,32.1,1019894,40775948
425556,13617792,2026-02-04 20:38,973187,36733119,48,1536,23,2485,46702,4042671,3,5,0,560.5,17.5,3,0.0,7213,32.1,1019889,40775790
425557,13617824,2026-02-04 20:45,973041,36728450,48,1536,177,7413,46694,4042415,-146,154,0,560.4,17.5,22,0.1,7213,32.1,1019735,40770865
425558,13617856,2026-02-04 20:51,972994,36726978,48,1536,232,9173,46691,4042288,-47,55,0,560.4,17.5,29,0.1,7213,32.1,1019685,40769266
425559,13617888,2026-02-04 20:57,972995,36727012,44,1408,239,9397,46692,4042320,1,7,-4,560.4,17.5,30,0.1,7213,32.1,1019687,40769332
425560,13617920,2026-02-04 21:04,973003,36727269,36,1152,239,9397,46692,4042320,8,0,-8,560.4,17.5,30,0.1,7213,32.1,1019695,40769589
425561,13617952,2026-02-04 21:10,972995,36727017,28,896,254,8128,46692,4042320,-8,15,-8,560.4,17.5,32,0.1,7213,32.1,1019687,40769337
425562,13617984,2026-02-04 21:17,973003,36727273,20,640,253,8096,46692,4042320,8,-1,-8,560.4,17.5,32,0.1,7213,32.1,1019695,40769593
425563,13618016,2026-02-04 21:23,973010,36727242,13,1384,246,8129,46692,4041352,7,-7,-7,560.4,17.5,31,0.1,7211,32.0,1019702,40768594
425564,13618048,2026-02-04 21:29,973016,36723403,5,1128,240,11969,46692,4041352,6,-6,-8,560.4,17.5,30,0.1,7212,32.1,1019708,40764755
425565,13618080,2026-02-04 21:36,973020,36723534,1,1000,232,11713,46693,4041360,4,-8,-4,560.4,17.5,29,0.1,7212,32.1,1019713,40764894
425566,13618112,2026-02-04 21:42,973020,36723536,1,1000,224,11457,46694,4041392,0,-8,0,560.4,17.5,28,0.1,7212,32.1,1019714,40764928
425567,13618144,2026-02-04 21:49,973020,36723568,2,2000,216,11201,46694,4040424,0,-8,1,560.4,17.5,27,0.1,7210,32.0,1019714,40763992
425568,13618176,2026-02-04 21:55,973020,36723570,2,2000,208,10945,46695,4040456,0,-8,0,560.4,17.5,26,0.1,7211,32.0,1019715,40764026
425569,13618208,2026-02-04 22:01,973021,36724572,1,1000,200,10689,46695,4040456,1,-8,-1,560.4,17.5,25,0.1,7210,32.0,1019716,40765028
425570,13618240,2026-02-04 22:08,973021,36724574,1,1000,192,10433,46716,4040128,0,-8,0,560.4,17.5,24,0.1,7210,32.0,1019737,40764702
425571,13618272,2026-02-04 22:14,973021,36724607,9,2224,184,10177,46733,4040640,0,-8,8,560.4,17.5,23,0.1,7211,32.0,1019754,40765247
425572,13618304,2026-02-04 22:21,973021,36724640,17,2480,176,9921,46765,4041664,0,-8,8,560.4,17.5,22,0.1,7212,32.1,1019786,40766304
425573,13618336,2026-02-04 22:27,973022,36725643,24,1736,168,9665,46803,4042848,1,-8,7,560.4,17.5,21,0.1,7214,32.1,1019825,40768491
425574,13618368,2026-02-04 22:33,973021,36725646,29,1896,161,9441,46851,4044640,-1,-7,5,560.4,17.5,20,0.1,7218,32.1,1019872,40770286
425575,13618400,2026-02-04 22:40,973021,36725680,29,1896,153,9185,46863,4045024,0,-8,0,560.4,17.5,19,0.1,7218,32.1,1019884,40770704
425576,13618432,2026-02-04 22:46,973021,36725682,29,1896,145,8929,46869,4045216,0,-8,0,560.4,17.5,18,0.1,7219,32.1,1019890,40770898
425577,13618464,2026-02-04 22:53,973028,36726874,21,672,138,8705,46869,4044248,7,-7,-8,560.4,17.5,17,0.1,7217,32.1,1019897,40771122
425578,13618496,2026-02-04 22:59,973031,36726971,14,1416,134,8577,46910,4045560,3,-4,-7,560.4,17.5,17,0.1,7219,32.1,1019941,40772531
425579,13618528,2026-02-04 23:05,973036,36727131,6,1160,129,8417,46912,4045624,5,-5,-8,560.4,17.5,16,0.1,7219,32.1,1019948,40772755
425580,13618560,2026-02-04 23:12,973038,36727196,1,1000,124,8257,46912,4045624,2,-5,-5,560.4,17.5,16,0.1,7219,32.1,1019950,40772820
425581,13618592,2026-02-04 23:18,973032,36727006,1,1000,121,8161,46918,4044848,-6,-3,0,560.4,17.5,15,0.1,7218,32.1,1019950,40771854
425582,13618624,2026-02-04 23:25,973030,36726943,2,2000,111,7841,46925,4045072,-2,-10,1,560.4,17.5,14,0.1,7218,32.1,1019955,40772015
425583,13618656,2026-02-04 23:31,973015,36726463,2,2000,115,7969,46925,4045072,-15,4,0,560.4,17.5,14,0.1,7218,32.1,1019940,40771535
425584,13618688,2026-02-04 23:37,973016,36727463,1,1000,104,7617,46925,4045072,1,-11,-1,560.4,17.5,13,0.1,7218,32.1,1019941,40772535
425585,13618720,2026-02-04 23:44,973016,36727463,1,1000,90,7169,46924,4044072,0,-14,0,560.4,17.5,11,0.0,7216,32.1,1019940,40771535
425586,13618752,2026-02-04 23:50,973008,36727207,2,2000,88,7105,46925,4044104,-8,-2,1,560.4,17.5,11,0.0,7216,32.1,1019933,40771311
425587,13618784,2026-02-04 23:57,973008,36727210,2,2000,72,6593,46925,4044104,0,-16,0,560.4,17.5,9,0.0,7216,32.1,1019933,40771314
425588,13618816,2026-02-05 00:03,973009,36728213,1,1000,64,6337,46927,4044459,1,-8,-1,560.4,17.5,8,0.0,7217,32.1,1019936,40772672
425589,13618848,2026-02-05 00:09,973009,36728215,1,1000,56,6081,46926,4043459,0,-8,0,560.4,17.5,7,0.0,7215,32.1,1019935,40771674
425590,13618880,2026-02-05 00:16,973009,36728217,2,2000,48,5825,46942,4043971,0,-8,1,560.4,17.5,6,0.0,7216,32.1,1019951,40772188
425591,13618912,2026-02-05 00:22,973009,36728218,2,2000,40,5569,46942,4043971,0,-8,0,560.4,17.5,5,0.0,7216,32.1,1019951,40772189
425592,13618944,2026-02-05 00:29,973010,36729220,1,1000,32,5313,46942,4043971,1,-8,-1,560.4,17.5,4,0.0,7216,32.1,1019952,40773191
425593,13618976,2026-02-05 00:35,972991,36728615,1,1000,43,5665,46941,4042971,-19,11,0,560.4,17.5,5,0.0,7214,32.1,1019932,40771586
425594,13619008,2026-02-05 00:41,972991,36728616,2,2000,38,5505,46945,4043099,0,-5,1,560.4,17.5,5,0.0,7214,32.1,1019936,40771715
425595,13619040,2026-02-05 00:48,972991,36728617,2,2000,37,5216,46946,4043131,0,-1,0,560.4,17.5,5,0.0,7214,32.1,1019937,40771748
425596,13619072,2026-02-05 00:54,972992,36729620,1,1000,37,5216,46951,4043291,1,0,-1,560.4,17.5,5,0.0,7214,32.1,1019943,40772911
425597,13619104,2026-02-05 01:01,972991,36729590,1,1000,38,5248,46950,4042291,-1,1,0,560.4,17.5,5,0.0,7213,32.1,1019941,40771881
425598,13619136,2026-02-05 01:07,972991,36729593,2,2000,38,5248,46950,4042291,0,0,1,560.4,17.5,5,0.0,7213,32.1,1019941,40771884
425599,13619168,2026-02-05 01:13,972991,36729595,2,2000,38,5248,46950,4042291,0,0,0,560.4,17.5,5,0.0,7213,32.1,1019941,40771886
425600,13619200,2026-02-05 01:20,972987,36730437,1,1000,43,5408,46962,4041707,-4,5,-1,560.5,17.5,5,0.0,7211,32.0,1019949,40772144
425601,13619232,2026-02-05 01:26,972986,36730407,2,2000,44,5440,46986,4042475,-1,1,1,560.5,17.5,6,0.0,7213,32.1,1019972,40772882
425602,13619264,2026-02-05 01:33,972986,36730410,2,2000,44,5440,46986,4042475,0,0,0,560.5,17.5,6,0.0,7213,32.1,1019972,40772885
425603,13619296,2026-02-05 01:39,972986,36730410,2,2000,43,3392,46986,4042475,0,-1,0,560.5,17.5,5,0.0,7213,32.1,1019972,40772885
425604,13619328,2026-02-05 01:45,972987,36731413,1,1000,43,3392,46985,4041475,1,0,-1,560.5,17.5,5,0.0,7211,32.0,1019972,40772888
425605,13619360,2026-02-05 01:52,972987,36731415,2,2000,43,3392,46985,4041475,0,0,1,560.5,17.5,5,0.0,7211,32.0,1019972,40772890
425606,13619392,2026-02-05 01:58,972987,36731419,2,2000,43,3392,46988,4041571,0,0,0,560.5,17.5,5,0.0,7211,32.0,1019975,40772990
425607,13619424,2026-02-05 02:05,972988,36732421,1,1000,43,3392,46993,4041731,1,0,-1,560.5,17.5,5,0.0,7211,32.0,1019981,40774152
425608,13619456,2026-02-05 02:11,972975,36732005,1,1000,56,3808,46991,4040699,-13,13,0,560.5,17.5,7,0.0,7209,32.0,1019966,40772704
425609,13619488,2026-02-05 02:17,972975,36732009,3,2032,56,3808,46991,4040699,0,0,2,560.5,17.5,7,0.0,7209,32.0,1019966,40772708
425610,13619520,2026-02-05 02:24,972974,36731981,3,2032,57,3840,46991,4040699,-1,1,0,560.5,17.5,7,0.0,7209,32.0,1019965,40772680
425611,13619552,2026-02-05 02:30,972975,36732982,2,1032,54,1728,46991,4040699,1,-3,-1,560.5,17.5,7,0.0,7209,32.0,1019966,40773681
425612,13619584,2026-02-05 02:37,972975,36732949,2,1032,46,1472,46990,4039699,0,-8,0,560.5,17.5,6,0.0,7207,32.0,1019965,40772648
425613,13619616,2026-02-05 02:43,972975,36732748,3,2032,38,1216,46990,4039699,0,-8,1,560.5,17.5,5,0.0,7207,32.0,1019965,40772447
425614,13619648,2026-02-05 02:49,972975,36732749,3,2032,30,960,46995,4039859,0,-8,0,560.5,17.5,4,0.0,7208,32.0,1019970,40772608
425615,13619680,2026-02-05 02:56,972977,36733783,1,1000,22,704,46997,4039923,2,-8,-2,560.5,17.5,3,0.0,7208,32.0,1019974,40773706
425616,13619712,2026-02-05 03:02,972977,36733786,1,1000,14,448,46996,4038923,0,-8,0,560.5,17.5,2,0.0,7206,32.0,1019973,40772709
425617,13619744,2026-02-05 03:09,972977,36733788,2,2000,6,192,46997,4038966,0,-8,1,560.5,17.5,1,0.0,7206,32.0,1019974,40772754
425618,13619776,2026-02-05 03:15,972975,36733725,2,2000,2,64,46999,4039015,-2,-4,0,560.5,17.5,0,0.0,7206,32.0,1019974,40772740
425619,13619808,2026-02-05 03:21,972976,36734726,1,1000,2,64,47011,4039399,1,0,-1,560.5,17.5,0,0.0,7206,32.0,1019987,40774125
425620,13619840,2026-02-05 03:28,972976,36734726,1,1000,2,64,47010,4038399,0,0,0,560.5,17.5,0,0.0,7205,32.0,1019986,40773125
425621,13619872,2026-02-05 03:34,972976,36734727,2,2000,2,64,47010,4038399,0,0,1,560.5,17.5,0,0.0,7205,32.0,1019986,40773126
425622,13619904,2026-02-05 03:41,972976,36734729,2,2000,0,0,47014,4038527,0,-2,0,560.5,17.5,0,0.0,7205,32.0,1019990,40773256
425623,13619936,2026-02-05 03:47,972977,36735730,1,1000,0,0,47014,4038527,1,0,-1,560.5,17.5,0,0.0,7205,32.0,1019991,40774257
425624,13619968,2026-02-05 03:53,972977,36735732,1,1000,0,0,47017,4041599,0,0,0,560.5,17.5,0,0.0,7210,32.0,1019994,40777331
425625,13620000,2026-02-05 04:00,972977,36735733,3,2032,0,0,47018,4042385,0,0,2,560.5,17.5,0,0.0,7212,32.1,1019995,40778118
425626,13620032,2026-02-05 04:06,972977,36735733,3,2032,0,0,47019,4042417,0,0,0,560.5,17.5,0,0.0,7212,32.1,1019996,40778150
425627,13620064,2026-02-05 04:13,972978,36736736,2,1032,0,0,47019,4042417,1,0,-1,560.6,17.5,0,0.0,7211,32.0,1019997,40779153
425628,13620096,2026-02-05 04:19,972978,36736737,2,1032,0,0,47019,4042417,0,0,0,560.6,17.5,0,0.0,7211,32.0,1019997,40779154
425629,13620128,2026-02-05 04:25,972977,36736709,3,2032,1,32,47019,4041449,-1,1,1,560.6,17.5,0,0.0,7210,32.0,1019996,40778158
425630,13620160,2026-02-05 04:32,972962,36736230,3,2032,16,512,47019,4041449,-15,15,0,560.6,17.5,2,0.0,7210,32.0,1019981,40777679
425631,13620192,2026-02-05 04:38,972944,36736622,1,1000,36,1152,47019,4041449,-18,20,-2,560.6,17.5,4,0.0,7210,32.0,1019963,40778071
425632,13620224,2026-02-05 04:45,972940,36736495,1,1000,40,1280,47018,4040449,-4,4,0,560.6,17.5,5,0.0,7208,32.0,1019958,40776944
425633,13620256,2026-02-05 04:51,972938,36736433,2,2000,41,1312,47018,4040449,-2,1,1,560.6,17.5,5,0.0,7208,32.0,1019956,40776882
425634,13620288,2026-02-05 04:57,972938,36736436,2,2000,33,1056,47019,4040473,0,-8,0,560.6,17.5,4,0.0,7208,32.0,1019957,40776909
425635,13620320,2026-02-05 05:04,972939,36737438,1,1000,25,800,47019,4040473,1,-8,-1,560.6,17.5,3,0.0,7208,32.0,1019958,40777911
425636,13620352,2026-02-05 05:10,972939,36737439,1,1000,18,576,47016,4039372,0,-7,0,560.6,17.5,2,0.0,7206,32.0,1019955,40776811
425637,13620384,2026-02-05 05:17,972934,36737279,3,2100,15,480,47012,4039176,-5,-3,2,560.6,17.5,2,0.0,7206,32.0,1019946,40776455
425638,13620416,2026-02-05 05:23,972919,36736801,8,2328,22,704,47010,4038908,-15,7,5,560.6,17.5,3,0.0,7205,32.0,1019929,40775709
425639,13620448,2026-02-05 05:29,972918,36737739,10,1628,22,704,47006,4038712,-1,0,2,560.6,17.5,3,0.0,7205,32.0,1019924,40776451
425640,13620480,2026-02-05 05:36,972892,36736909,14,1824,48,1536,47006,4038712,-26,26,4,560.6,17.5,6,0.0,7205,32.0,1019898,40775621
425641,13620512,2026-02-05 05:42,972890,36736753,14,1824,45,1440,47006,4038712,-2,-3,0,560.6,17.5,6,0.0,7205,32.0,1019896,40775465
425642,13620544,2026-02-05 05:49,972890,36736754,14,1824,37,1184,47006,4038712,0,-8,0,560.6,17.5,5,0.0,7205,32.0,1019896,40775466
425643,13620576,2026-02-05 05:55,972892,36738839,12,724,29,928,47001,4037601,2,-8,-2,560.6,17.5,4,0.0,7202,32.0,1019893,40776440
425644,13620608,2026-02-05 06:01,972897,36739068,11,624,21,672,46993,4037345,5,-8,-1,560.6,17.5,3,0.0,7202,32.0,1019890,40776413
425645,13620640,2026-02-05 06:08,972898,36739306,16,580,15,480,46985,4037089,1,-6,5,560.6,17.5,2,0.0,7201,32.0,1019883,40776395
425646,13620672,2026-02-05 06:14,972902,36739503,20,640,7,224,46977,4036833,4,-8,4,560.6,17.5,1,0.0,7201,32.0,1019879,40776336
425647,13620704,2026-02-05 06:21,972902,36739505,28,896,2,64,46969,4036577,0,-5,8,560.6,17.5,0,0.0,7200,32.0,1019871,40776082
425648,13620736,2026-02-05 06:27,972900,36739442,36,1152,4,128,46961,4036321,-2,2,8,560.6,17.5,0,0.0,7200,32.0,1019861,40775763
425649,13620768,2026-02-05 06:33,972900,36739443,44,1408,2,64,46956,4036161,0,-2,8,560.6,17.5,0,0.0,7200,32.0,1019856,40775604
425650,13620800,2026-02-05 06:40,972904,36739572,45,1440,2,64,46959,4036257,4,0,1,560.6,17.5,0,0.0,7200,32.0,1019863,40775829
425651,13620832,2026-02-05 06:46,972912,36739831,37,1184,2,64,46959,4036257,8,0,-8,560.6,17.5,0,0.0,7200,32.0,1019871,40776088
425652,13620864,2026-02-05 06:53,972758,36734908,29,928,162,5184,46960,4037257,-154,160,-8,560.5,17.5,20,0.1,7203,32.0,1019718,40772165
425653,13620896,2026-02-05 06:59,972399,36723389,21,672,529,16928,46961,4037289,-359,367,-8,560.4,17.5,66,0.3,7205,32.0,1019360,40760678
425654,13620928,2026-02-05 07:05,972326,36721054,13,416,610,19520,46961,4037289,-73,81,-8,560.3,17.5,76,0.3,7205,32.0,1019287,40758343
425655,13620960,2026-02-05 07:12,972334,36721311,5,160,610,19520,46963,4038317,8,0,-8,560.3,17.5,76,0.3,7207,32.0,1019297,40759628
425656,13620992,2026-02-05 07:18,972339,36721474,0,0,602,19264,46972,4038605,5,-8,-5,560.3,17.5,75,0.3,7208,32.0,1019311,40760079
425657,13621024,2026-02-05 07:25,972339,36723476,0,0,594,19008,46991,4037245,0,-8,0,560.4,17.5,74,0.3,7205,32.0,1019330,40760721
425658,13621056,2026-02-05 07:31,972338,36723448,0,0,587,18784,47010,4037853,-1,-7,0,560.4,17.5,73,0.3,7206,32.0,1019348,40761301
425659,13621088,2026-02-05 07:37,972338,36723452,0,0,579,18528,47028,4038429,0,-8,0,560.4,17.5,72,0.3,7207,32.0,1019366,40761881
425660,13621120,2026-02-05 07:44,972338,36723453,0,0,571,18272,47112,4041117,0,-8,0,560.4,17.5,71,0.3,7212,32.1,1019450,40764570
425661,13621152,2026-02-05 07:50,972338,36723455,0,0,563,18016,47128,4041629,0,-8,0,560.4,17.5,70,0.3,7213,32.1,1019466,40765084
425662,13621184,2026-02-05 07:57,972338,36723459,0,0,555,17760,47220,4044573,0,-8,0,560.4,17.5,69,0.3,7218,32.1,1019558,40768032
425663,13621216,2026-02-05 08:03,972338,36723459,0,0,547,17504,47271,4046205,0,-8,0,560.4,17.5,68,0.3,7221,32.1,1019609,40769664
425664,13621248,2026-02-05 08:09,972338,36723459,0,0,539,17248,47271,4046205,0,-8,0,560.4,17.5,67,0.3,7221,32.1,1019609,40769664
425665,13621280,2026-02-05 08:16,972336,36725397,0,0,533,17056,47271,4046205,-2,-6,0,560.4,17.5,67,0.3,7220,32.1,1019607,40771602
425666,13621312,2026-02-05 08:22,972332,36725269,0,0,529,16928,47272,4044269,-4,-4,0,560.4,17.5,66,0.3,7217,32.1,1019604,40769538
425667,13621344,2026-02-05 08:29,972332,36725273,0,0,521,16672,47272,4044269,0,-8,0,560.4,17.5,65,0.3,7217,32.1,1019604,40769542
425668,13621376,2026-02-05 08:35,972291,36723963,0,0,554,17728,47295,4045005,-41,33,0,560.4,17.5,69,0.3,7219,32.1,1019586,40768968
425669,13621408,2026-02-05 08:41,972291,36723966,0,0,546,17472,47296,4045037,0,-8,0,560.4,17.5,68,0.3,7219,32.1,1019587,40769003
425670,13621440,2026-02-05 08:48,972291,36723966,0,0,538,17216,47297,4045069,0,-8,0,560.4,17.5,67,0.3,7219,32.1,1019588,40769035
425671,13621472,2026-02-05 08:54,972290,36723938,0,0,531,16992,47297,4045069,-1,-7,0,560.4,17.5,66,0.3,7219,32.1,1019587,40769007
425672,13621504,2026-02-05 09:01,972288,36725875,0,0,525,16800,47321,4043869,-2,-6,0,560.4,17.5,66,0.3,7216,32.1,1019609,40769744
425673,13621536,2026-02-05 09:07,972288,36725877,0,0,517,16544,47321,4043869,0,-8,0,560.4,17.5,65,0.3,7216,32.1,1019609,40769746
425674,13621568,2026-02-05 09:13,972288,36725877,0,0,509,16288,47571,4051869,0,-8,0,560.4,17.5,64,0.3,7230,32.1,1019859,40777746
425675,13621600,2026-02-05 09:20,972288,36725879,0,0,501,16032,47572,4051901,0,-8,0,560.4,17.5,63,0.3,7230,32.1,1019860,40777780
425676,13621632,2026-02-05 09:26,972288,36725879,0,0,493,15776,47742,4057341,0,-8,0,560.4,17.5,62,0.3,7240,32.2,1020030,40783220
425677,13621664,2026-02-05 09:33,972288,36725880,0,0,485,15520,47743,4057373,0,-8,0,560.4,17.5,61,0.3,7240,32.2,1020031,40783253
425678,13621696,2026-02-05 09:39,972287,36725849,0,0,478,15296,47745,4057437,-1,-7,0,560.4,17.5,60,0.3,7240,32.2,1020032,40783286
425679,13621728,2026-02-05 09:45,972287,36725852,0,0,470,15040,47745,4057437,0,-8,0,560.4,17.5,59,0.3,7240,32.2,1020032,40783289
425680,13621760,2026-02-05 09:52,972287,36727852,0,0,462,14784,47745,4055469,0,-8,0,560.4,17.5,58,0.3,7236,32.2,1020032,40783321
425681,13621792,2026-02-05 09:58,972287,36727854,0,0,454,14528,47746,4055501,0,-8,0,560.4,17.5,57,0.3,7237,32.2,1020033,40783355
425682,13621824,2026-02-05 10:05,972287,36727854,0,0,446,14272,47747,4055533,0,-8,0,560.4,17.5,56,0.2,7237,32.2,1020034,40783387
425683,13621856,2026-02-05 10:11,972287,36727857,0,0,438,14016,47747,4055533,0,-8,0,560.4,17.5,55,0.2,7237,32.2,1020034,40783390
425684,13621888,2026-02-05 10:17,972286,36727825,0,0,431,13792,47748,4055565,-1,-7,0,560.4,17.5,54,0.2,7237,32.2,1020034,40783390
425685,13621920,2026-02-05 10:24,972286,36727827,0,0,423,13536,47750,4055629,0,-8,0,560.4,17.5,53,0.2,7237,32.2,1020036,40783456
425686,13621952,2026-02-05 10:30,972286,36727827,0,0,415,13280,47750,4055629,0,-8,0,560.4,17.5,52,0.2,7237,32.2,1020036,40783456
425687,13621984,2026-02-05 10:37,972286,36727828,0,0,407,13024,47751,4055661,0,-8,0,560.4,17.5,51,0.2,7237,32.2,1020037,40783489
425688,13622016,2026-02-05 10:43,972286,36729829,0,0,399,12768,47750,4053661,0,-8,0,560.5,17.5,50,0.2,7233,32.1,1020036,40783490
425689,13622048,2026-02-05 10:49,972286,36729831,0,0,391,12512,47750,4053661,0,-8,0,560.5,17.5,49,0.2,7233,32.1,1020036,40783492
425690,13622080,2026-02-05 10:56,972286,36729832,0,0,383,12256,47750,4053661,0,-8,0,560.5,17.5,48,0.2,7233,32.1,1020036,40783493
425691,13622112,2026-02-05 11:02,972285,36729800,0,0,376,12032,47753,4053976,-1,-7,0,560.5,17.5,47,0.2,7233,32.1,1020038,40783776
425692,13622144,2026-02-05 11:09,972285,36729802,0,0,368,11776,47755,4054107,0,-8,0,560.5,17.5,46,0.2,7234,32.2,1020040,40783909
425693,13622176,2026-02-05 11:15,972285,36729804,0,0,360,11520,47755,4054107,0,-8,0,560.5,17.5,45,0.2,7234,32.2,1020040,40783911
425694,13622208,2026-02-05 11:21,972285,36729806,0,0,352,11264,47762,4054363,0,-8,0,560.5,17.5,44,0.2,7234,32.2,1020047,40784169
425695,13622240,2026-02-05 11:28,972282,36729713,0,0,347,11104,47822,4056283,-3,-5,0,560.5,17.5,43,0.2,7238,32.2,1020104,40785996
425696,13622272,2026-02-05 11:34,972282,36731713,0,0,339,10848,47823,4056315,0,-8,0,560.5,17.5,42,0.2,7237,32.2,1020105,40788028
425697,13622304,2026-02-05 11:41,972282,36731714,0,0,331,10592,47824,4054483,0,-8,0,560.5,17.5,41,0.2,7234,32.2,1020106,40786197
425698,13622336,2026-02-05 11:47,972282,36731715,0,0,323,10336,47826,4054547,0,-8,0,560.5,17.5,40,0.2,7234,32.2,1020108,40786262
425699,13622368,2026-02-05 11:53,972282,36731715,0,0,315,10080,47827,4054707,0,-8,0,560.5,17.5,39,0.2,7234,32.2,1020109,40786422
425700,13622400,2026-02-05 12:00,972282,36731719,0,0,307,9824,47830,4054804,0,-8,0,560.5,17.5,38,0.2,7234,32.2,1020112,40786523
425701,13622432,2026-02-05 12:06,972281,36731690,0,0,300,9600,47832,4054900,-1,-7,0,560.5,17.5,38,0.2,7235,32.2,1020113,40786590
425702,13622464,2026-02-05 12:13,972281,36731693,0,0,292,9344,47836,4055028,0,-8,0,560.5,17.5,36,0.2,7235,32.2,1020117,40786721
425703,13622496,2026-02-05 12:19,972281,36731698,0,0,284,9088,47836,4055028,0,-8,0,560.5,17.5,36,0.2,7235,32.2,1020117,40786726
425704,13622528,2026-02-05 12:25,972281,36733703,0,0,276,8832,47859,4053796,0,-8,0,560.5,17.5,34,0.2,7232,32.1,1020140,40787499
425705,13622560,2026-02-05 12:32,972281,36733703,0,0,268,8576,47860,4053796,0,-8,0,560.5,17.5,34,0.2,7232,32.1,1020141,40787499
425706,13622592,2026-02-05 12:38,972274,36733480,0,0,267,8544,47869,4054084,-7,-1,0,560.5,17.5,33,0.1,7233,32.1,1020143,40787564
425707,13622624,2026-02-05 12:45,972274,36733481,0,0,259,8288,47874,4054244,0,-8,0,560.5,17.5,32,0.1,7233,32.1,1020148,40787725
425708,13622656,2026-02-05 12:51,972274,36733485,0,0,251,8032,47878,4054372,0,-8,0,560.5,17.5,31,0.1,7233,32.1,1020152,40787857
425709,13622688,2026-02-05 12:57,972274,36733485,0,0,243,7776,47878,4054372,0,-8,0,560.5,17.5,30,0.1,7233,32.1,1020152,40787857
425710,13622720,2026-02-05 13:04,972274,36733487,0,0,235,7520,47878,4054372,0,-8,0,560.5,17.5,29,0.1,7233,32.1,1020152,40787859
425711,13622752,2026-02-05 13:10,972273,36733456,0,0,228,7296,47878,4054372,-1,-7,0,560.5,17.5,28,0.1,7233,32.1,1020151,40787828
425712,13622784,2026-02-05 13:17,972273,36735456,0,0,220,7040,47883,4052564,0,-8,0,560.5,17.5,28,0.1,7230,32.1,1020156,40788020
425713,13622816,2026-02-05 13:23,972245,36734658,0,0,240,7680,47906,4053300,-28,20,0,560.5,17.5,30,0.1,7231,32.1,1020151,40787958
425714,13622848,2026-02-05 13:29,972245,36734659,0,0,232,7424,47906,4053300,0,-8,0,560.5,17.5,29,0.1,7231,32.1,1020151,40787959
425715,13622880,2026-02-05 13:36,972245,36734660,0,0,224,7168,47906,4053300,0,-8,0,560.5,17.5,28,0.1,7231,32.1,1020151,40787960
425716,13622912,2026-02-05 13:42,972245,36734663,0,0,216,6912,47906,4053300,0,-8,0,560.5,17.5,27,0.1,7231,32.1,1020151,40787963
425717,13622944,2026-02-05 13:49,972245,36734666,0,0,208,6656,47906,4053300,0,-8,0,560.5,17.5,26,0.1,7231,32.1,1020151,40787966
425718,13622976,2026-02-05 13:55,972245,36734668,0,0,200,6400,47909,4053396,0,-8,0,560.5,17.5,25,0.1,7231,32.1,1020154,40788064
425719,13623008,2026-02-05 14:01,972245,36736669,0,0,192,6144,47912,4053492,0,-8,0,560.6,17.5,24,0.1,7231,32.1,1020157,40790161
425720,13623040,2026-02-05 14:08,972245,36736670,0,0,184,5888,47912,4051524,0,-8,0,560.6,17.5,23,0.1,7228,32.1,1020157,40788194
425721,13623072,2026-02-05 14:14,972141,36733344,0,0,280,8960,47913,4051556,-104,96,0,560.5,17.5,35,0.2,7228,32.1,1020054,40784900
425722,13623104,2026-02-05 14:21,972141,36733344,0,0,272,8704,47913,4051556,0,-8,0,560.5,17.5,34,0.2,7228,32.1,1020054,40784900
425723,13623136,2026-02-05 14:27,972141,36733298,0,0,264,8448,47915,4051620,0,-8,0,560.5,17.5,33,0.1,7229,32.1,1020056,40784918
425724,13623168,2026-02-05 14:33,972141,36733299,0,0,256,8192,47915,4051620,0,-8,0,560.5,17.5,32,0.1,7229,32.1,1020056,40784919
425725,13623200,2026-02-05 14:40,972141,36733299,0,0,248,7936,47915,4051620,0,-8,0,560.5,17.5,31,0.1,7229,32.1,1020056,40784919
425726,13623232,2026-02-05 14:46,972141,36733300,0,0,240,7680,47915,4051620,0,-8,0,560.5,17.5,30,0.1,7229,32.1,1020056,40784920
425727,13623264,2026-02-05 14:53,972141,36735301,0,0,232,7424,47915,4051620,0,-8,0,560.5,17.5,29,0.1,7228,32.1,1020056,40786921
425728,13623296,2026-02-05 14:59,972141,36735303,0,0,224,7168,47915,4049652,0,-8,0,560.5,17.5,28,0.1,7225,32.1,1020056,40784955
425729,13623328,2026-02-05 15:05,972141,36735308,0,0,216,6912,47917,4049716,0,-8,0,560.5,17.5,27,0.1,7225,32.1,1020058,40785024
425730,13623360,2026-02-05 15:12,972141,36735309,0,0,208,6656,47919,4049780,0,-8,0,560.5,17.5,26,0.1,7225,32.1,1020060,40785089
425731,13623392,2026-02-05 15:18,972140,36735278,0,0,201,6432,47930,4050132,-1,-7,0,560.5,17.5,25,0.1,7225,32.1,1020070,40785410
425732,13623424,2026-02-05 15:25,972111,36734352,0,0,222,7104,47936,4050324,-29,21,0,560.5,17.5,28,0.1,7226,32.1,1020047,40784676
425733,13623456,2026-02-05 15:31,972108,36734257,0,0,217,6944,47938,4050388,-3,-5,0,560.5,17.5,27,0.1,7226,32.1,1020046,40784645
425734,13623488,2026-02-05 15:37,972108,36734259,0,0,209,6688,47939,4050420,0,-8,0,560.5,17.5,26,0.1,7226,32.1,1020047,40784679
425735,13623520,2026-02-05 15:44,972108,36736260,0,0,201,6432,47938,4048420,0,-8,0,560.6,17.5,25,0.1,7222,32.1,1020046,40784680
425736,13623552,2026-02-05 15:50,972107,36736229,0,0,194,6208,47942,4048548,-1,-7,0,560.6,17.5,24,0.1,7222,32.1,1020049,40784777
425737,13623584,2026-02-05 15:57,972099,36735974,0,0,194,6208,47943,4048580,-8,0,0,560.5,17.5,24,0.1,7223,32.1,1020042,40784554
425738,13623616,2026-02-05 16:03,972099,36735976,0,0,187,5984,47945,4048644,0,-7,0,560.5,17.5,23,0.1,7223,32.1,1020044,40784620
425739,13623648,2026-02-05 16:09,972099,36735976,0,0,179,5728,47945,4048644,0,-8,0,560.5,17.5,22,0.1,7223,32.1,1020044,40784620
425740,13623680,2026-02-05 16:16,972099,36735977,0,0,174,5568,47949,4048772,0,-5,0,560.5,17.5,22,0.1,7223,32.1,1020048,40784749
425741,13623712,2026-02-05 16:22,972047,36734314,0,0,226,7232,47959,4049092,-52,52,0,560.5,17.5,28,0.1,7224,32.1,1020006,40783406
425742,13623744,2026-02-05 16:29,972047,36734315,0,0,220,7040,47961,4049156,0,-6,0,560.5,17.5,28,0.1,7224,32.1,1020008,40783471
425743,13623776,2026-02-05 16:35,971976,36734046,0,0,283,9056,47961,4049156,-71,63,0,560.5,17.5,35,0.2,7224,32.1,1019937,40783202
425744,13623808,2026-02-05 16:41,971976,36734048,0,0,275,8800,47963,4047252,0,-8,0,560.5,17.5,34,0.2,7221,32.1,1019939,40781300
425745,13623840,2026-02-05 16:48,971961,36733569,0,0,282,9024,47963,4047252,-15,7,0,560.5,17.5,35,0.2,7221,32.1,1019924,40780821
425746,13623872,2026-02-05 16:54,971961,36733569,0,0,274,8768,47965,4047316,0,-8,0,560.5,17.5,34,0.2,7221,32.1,1019926,40780885
425747,13623904,2026-02-05 17:01,971961,36733569,0,0,266,8512,47966,4047348,0,-8,0,560.5,17.5,33,0.1,7221,32.1,1019927,40780917
425748,13623936,2026-02-05 17:07,971961,36733569,0,0,258,8256,47966,4047348,0,-8,0,560.5,17.5,32,0.1,7221,32.1,1019927,40780917
425749,13623968,2026-02-05 17:13,971961,36733570,0,0,250,8000,47967,4047380,0,-8,0,560.5,17.5,31,0.1,7221,32.1,1019928,40780950
425750,13624000,2026-02-05 17:20,971961,36733572,0,0,242,7744,47985,4047925,0,-8,0,560.5,17.5,30,0.1,7222,32.1,1019946,40781497
425751,13624032,2026-02-05 17:26,971956,36735413,0,0,239,7648,47985,4045957,-5,-3,0,560.5,17.5,30,0.1,7218,32.1,1019941,40781370
425752,13624064,2026-02-05 17:33,971951,36735254,0,0,236,7552,47985,4045957,-5,-3,0,560.5,17.5,30,0.1,7218,32.1,1019936,40781211
425753,13624096,2026-02-05 17:39,971951,36735256,0,0,228,7296,47986,4045989,0,-8,0,560.5,17.5,28,0.1,7218,32.1,1019937,40781245
425754,13624128,2026-02-05 17:45,971951,36735257,0,0,220,7040,47987,4046021,0,-8,0,560.5,17.5,28,0.1,7218,32.1,1019938,40781278
425755,13624160,2026-02-05 17:52,971950,36735226,0,0,213,6816,48023,4047181,-1,-7,0,560.5,17.5,27,0.1,7220,32.1,1019973,40782407
425756,13624192,2026-02-05 17:58,971950,36735232,0,0,205,6560,48067,4048589,0,-8,0,560.5,17.5,26,0.1,7223,32.1,1020017,40783821
425757,13624224,2026-02-05 18:05,971947,36735139,0,0,200,6400,48067,4048589,-3,-5,0,560.5,17.5,25,0.1,7223,32.1,1020014,40783728
425758,13624256,2026-02-05 18:11,971946,36737106,0,0,193,6179,48066,4046589,-1,-7,0,560.6,17.5,24,0.1,7219,32.1,1020012,40783695
425759,13624288,2026-02-05 18:17,971946,36737107,0,0,185,5923,48070,4046717,0,-8,0,560.6,17.5,23,0.1,7219,32.1,1020016,40783824
425760,13624320,2026-02-05 18:24,971928,36736534,0,0,195,6243,48078,4047111,-18,10,0,560.6,17.5,24,0.1,7220,32.1,1020006,40783645
425761,13624352,2026-02-05 18:30,971927,36736505,0,0,188,6019,48080,4047175,-1,-7,0,560.6,17.5,24,0.1,7220,32.1,1020007,40783680
425762,13624384,2026-02-05 18:37,971921,36736316,0,0,186,5955,48084,4047303,-6,-2,0,560.6,17.5,23,0.1,7220,32.1,1020005,40783619
425763,13624416,2026-02-05 18:43,971920,36736158,0,0,179,5859,48085,4047335,-1,-7,0,560.5,17.5,22,0.1,7220,32.1,1020005,40783493
425764,13624448,2026-02-05 18:49,971920,36736158,0,0,171,5603,48085,4047335,0,-8,0,560.5,17.5,21,0.1,7220,32.1,1020005,40783493
425765,13624480,2026-02-05 18:56,971920,36736161,0,0,163,5347,48085,4047335,0,-8,0,560.5,17.5,20,0.1,7220,32.1,1020005,40783496
425766,13624512,2026-02-05 19:02,971920,36738163,0,0,155,5091,48086,4047367,0,-8,0,560.6,17.5,19,0.1,7220,32.1,1020006,40785530
425767,13624544,2026-02-05 19:09,971920,36738166,0,0,147,4835,48086,4045399,0,-8,0,560.6,17.5,18,0.1,7216,32.1,1020006,40783565
425768,13624576,2026-02-05 19:15,971919,36738135,0,0,140,4611,48086,4045399,-1,-7,0,560.6,17.5,18,0.1,7216,32.1,1020005,40783534
425769,13624608,2026-02-05 19:21,971908,36737784,0,0,143,4707,48091,4045559,-11,3,0,560.6,17.5,18,0.1,7217,32.1,1019999,40783343
425770,13624640,2026-02-05 19:28,971907,36737755,0,0,136,4483,48095,4045675,-1,-7,0,560.6,17.5,17,0.1,7217,32.1,1020002,40783430
425771,13624672,2026-02-05 19:34,971907,36737758,0,0,128,4227,48095,4045675,0,-8,0,560.6,17.5,16,0.1,7217,32.1,1020002,40783433
425772,13624704,2026-02-05 19:41,971907,36737758,0,0,120,3971,48096,4045707,0,-8,0,560.6,17.5,15,0.1,7217,32.1,1020003,40783465
425773,13624736,2026-02-05 19:47,971907,36737760,0,0,112,3715,48100,4045951,0,-8,0,560.6,17.5,14,0.1,7218,32.1,1020007,40783711
425774,13624768,2026-02-05 19:53,971906,36739729,0,0,105,3491,48102,4046015,-1,-7,0,560.6,17.5,13,0.1,7217,32.1,1020008,40785744
425775,13624800,2026-02-05 20:00,971864,36738390,0,0,139,4579,48102,4044047,-42,34,0,560.6,17.5,17,0.1,7214,32.1,1019966,40782437
425776,13624832,2026-02-05 20:06,971854,36738070,0,0,141,4643,48102,4044047,-10,2,0,560.6,17.5,18,0.1,7214,32.1,1019956,40782117
425777,13624864,2026-02-05 20:13,971849,36737912,0,0,138,4547,48103,4044055,-5,-3,0,560.6,17.5,17,0.1,7214,32.1,1019952,40781967
425778,13624896,2026-02-05 20:19,971845,36737787,0,0,134,4419,48103,4044055,-4,-4,0,560.6,17.5,17,0.1,7214,32.1,1019948,40781842
425779,13624928,2026-02-05 20:25,971821,36737019,0,0,150,4931,48106,4044151,-24,16,0,560.6,17.5,19,0.1,7214,32.1,1019927,40781170
425780,13624960,2026-02-05 20:32,971762,36735133,0,0,201,6563,48106,4044151,-59,51,0,560.5,17.5,25,0.1,7215,32.1,1019868,40779284
425781,13624992,2026-02-05 20:38,971751,36734783,0,0,205,6691,48107,4044163,-11,4,0,560.5,17.5,26,0.1,7215,32.1,1019858,40778946
425782,13625024,2026-02-05 20:45,971742,36736485,0,0,206,6723,48107,4042195,-9,1,0,560.6,17.5,26,0.1,7211,32.0,1019849,40778680
425783,13625056,2026-02-05 20:51,971716,36735655,0,0,224,7296,48107,4042195,-26,18,0,560.5,17.5,28,0.1,7211,32.0,1019823,40777850
425784,13625088,2026-02-05 20:57,971704,36735274,0,0,228,7424,48107,4042195,-12,4,0,560.5,17.5,28,0.1,7211,32.0,1019811,40777469
425785,13625120,2026-02-05 21:04,971389,36725196,0,0,535,17248,48107,4042195,-315,307,0,560.4,17.5,67,0.3,7213,32.1,1019496,40767391
425786,13625152,2026-02-05 21:10,971287,36721932,0,0,633,20256,48110,4042291,-102,98,0,560.3,17.5,79,0.4,7214,32.1,1019397,40764223
425787,13625184,2026-02-05 21:17,971276,36721580,0,0,636,20352,48115,4042451,-11,3,0,560.3,17.5,80,0.4,7214,32.1,1019391,40764031
425788,13625216,2026-02-05 21:23,971252,36720813,0,0,652,20864,48127,4042835,-24,16,0,560.3,17.5,82,0.4,7215,32.1,1019379,40763648
425789,13625248,2026-02-05 21:29,971247,36720655,0,0,649,20768,48128,4042867,-5,-3,0,560.3,17.5,81,0.4,7215,32.1,1019375,40763522
425790,13625280,2026-02-05 21:36,971247,36722656,0,0,641,20512,48128,4042867,0,-8,0,560.3,17.5,80,0.4,7215,32.1,1019375,40765523
425791,13625312,2026-02-05 21:42,971247,36722659,0,0,633,20256,48130,4040951,0,-8,0,560.3,17.5,79,0.4,7212,32.1,1019377,40763610
425792,13625344,2026-02-05 21:49,971246,36722605,0,0,626,20032,48158,4041835,-1,-7,0,560.3,17.5,78,0.3,7213,32.1,1019404,40764440
425793,13625376,2026-02-05 21:55,971246,36722606,0,0,618,19776,48167,4042123,0,-8,0,560.3,17.5,77,0.3,7214,32.1,1019413,40764729
425794,13625408,2026-02-05 22:01,971246,36722607,0,0,610,19520,48167,4042123,0,-8,0,560.3,17.5,76,0.3,7214,32.1,1019413,40764730
425795,13625440,2026-02-05 22:08,971235,36722255,0,0,613,19616,48216,4043691,-11,3,0,560.3,17.5,77,0.3,7217,32.1,1019451,40765946
425796,13625472,2026-02-05 22:14,971234,36722223,0,0,606,19392,48233,4044235,-1,-7,0,560.3,17.5,76,0.3,7218,32.1,1019467,40766458
425797,13625504,2026-02-05 22:21,971233,36724193,0,0,599,19168,48261,4043135,-1,-7,0,560.4,17.5,75,0.3,7215,32.1,1019494,40767328
425798,13625536,2026-02-05 22:27,971229,36717208,0,0,595,25898,48298,4044319,-4,-4,0,560.3,17.5,74,0.3,7219,32.1,1019527,40761527
425799,13625568,2026-02-05 22:33,971229,36717210,0,0,587,25642,48311,4044735,0,-8,0,560.3,17.5,73,0.3,7219,32.1,1019540,40761945
425800,13625600,2026-02-05 22:40,971228,36717179,0,0,580,25418,48328,4045279,-1,-7,0,560.3,17.5,72,0.3,7220,32.1,1019556,40762458
425801,13625632,2026-02-05 22:46,971228,36717180,0,0,572,25162,48337,4045567,0,-8,0,560.3,17.5,72,0.3,7221,32.1,1019565,40762747
425802,13625664,2026-02-05 22:53,971228,36717183,0,0,564,24906,48349,4045951,0,-8,0,560.3,17.5,70,0.3,7222,32.1,1019577,40763134
425803,13625696,2026-02-05 22:59,971228,36717184,0,0,556,24650,48358,4046239,0,-8,0,560.3,17.5,70,0.3,7222,32.1,1019586,40763423
425804,13625728,2026-02-05 23:05,971228,36717185,0,0,548,24394,48368,4046559,0,-8,0,560.3,17.5,68,0.3,7223,32.1,1019596,40763744
425805,13625760,2026-02-05 23:12,971226,36719123,0,0,542,24202,48368,4046559,-2,-6,0,560.3,17.5,68,0.3,7222,32.1,1019594,40765682
425806,13625792,2026-02-05 23:18,971196,36718163,0,0,564,24906,48378,4044911,-30,22,0,560.3,17.5,70,0.3,7220,32.1,1019574,40763074
425807,13625824,2026-02-05 23:25,971196,36718164,0,0,556,24650,48385,4045135,0,-8,0,560.3,17.5,70,0.3,7220,32.1,1019581,40763299
425808,13625856,2026-02-05 23:31,971196,36718166,0,0,548,24394,48385,4045135,0,-8,0,560.3,17.5,68,0.3,7220,32.1,1019581,40763301
425809,13625888,2026-02-05 23:37,971195,36718137,0,0,541,24170,48386,4045167,-1,-7,0,560.3,17.5,68,0.3,7220,32.1,1019581,40763304
425810,13625920,2026-02-05 23:44,971194,36718108,0,0,534,23946,48388,4045194,-1,-7,0,560.3,17.5,67,0.3,7220,32.1,1019582,40763302
425811,13625952,2026-02-05 23:50,971194,36718109,0,0,526,23690,48388,4045194,0,-8,0,560.3,17.5,66,0.3,7220,32.1,1019582,40763303
425812,13625984,2026-02-05 23:57,971194,36718111,0,0,518,23434,48389,4045226,0,-8,0,560.3,17.5,65,0.3,7220,32.1,1019583,40763337
425813,13626016,2026-02-06 00:03,971193,36720081,0,0,511,23210,48388,4043226,-1,-7,0,560.3,17.5,64,0.3,7216,32.1,1019581,40763307
425814,13626048,2026-02-06 00:09,971193,36720085,0,0,503,22954,48388,4043226,0,-8,0,560.3,17.5,63,0.3,7216,32.1,1019581,40763311
425815,13626080,2026-02-06 00:16,971193,36720087,0,0,495,22698,48388,4043226,0,-8,0,560.3,17.5,62,0.3,7216,32.1,1019581,40763313
425816,13626112,2026-02-06 00:22,971193,36720090,0,0,487,22442,48393,4043386,0,-8,0,560.3,17.5,61,0.3,7216,32.1,1019586,40763476
425817,13626144,2026-02-06 00:29,971193,36720090,0,0,479,22186,48393,4043386,0,-8,0,560.3,17.5,60,0.3,7216,32.1,1019586,40763476
425818,13626176,2026-02-06 00:35,971151,36718747,0,0,513,23274,48400,4043579,-42,34,0,560.3,17.5,64,0.3,7217,32.1,1019551,40762326
425819,13626208,2026-02-06 00:41,971151,36718546,0,0,505,23018,48405,4043739,0,-8,0,560.3,17.5,63,0.3,7217,32.1,1019556,40762285
425820,13626240,2026-02-06 00:48,971151,36718548,0,0,497,22762,48405,4043739,0,-8,0,560.3,17.5,62,0.3,7217,32.1,1019556,40762287
425821,13626272,2026-02-06 00:54,971150,36720517,0,0,490,22538,48416,4044091,-1,-7,0,560.3,17.5,61,0.3,7218,32.1,1019566,40764608
425822,13626304,2026-02-06 01:01,971150,36720519,0,0,482,22282,48416,4042123,0,-8,0,560.3,17.5,60,0.3,7214,32.1,1019566,40762642
425823,13626336,2026-02-06 01:07,971150,36720521,0,0,474,22026,48417,4042155,0,-8,0,560.3,17.5,59,0.3,7214,32.1,1019567,40762676
425824,13626368,2026-02-06 01:13,971150,36720523,0,0,466,21770,48418,4042187,0,-8,0,560.3,17.5,58,0.3,7214,32.1,1019568,40762710
425825,13626400,2026-02-06 01:20,971150,36720526,0,0,458,21514,48447,4043115,0,-8,0,560.3,17.5,57,0.3,7216,32.1,1019597,40763641
425826,13626432,2026-02-06 01:26,971150,36720527,0,0,450,21258,48467,4043768,0,-8,0,560.3,17.5,56,0.2,7217,32.1,1019617,40764295
425827,13626464,2026-02-06 01:33,971150,36720527,0,0,442,21002,48468,4043797,0,-8,0,560.3,17.5,55,0.2,7217,32.1,1019618,40764324
425828,13626496,2026-02-06 01:39,971142,36720271,0,0,442,21002,48468,4043797,-8,0,0,560.3,17.5,55,0.2,7217,32.1,1019610,40764068
425829,13626528,2026-02-06 01:45,971142,36722272,0,0,434,20746,48468,4041829,0,-8,0,560.3,17.5,54,0.2,7213,32.1,1019610,40764101
425830,13626560,2026-02-06 01:52,971139,36722179,0,0,429,20586,48470,4041893,-3,-5,0,560.3,17.5,54,0.2,7213,32.1,1019609,40764072
425831,13626592,2026-02-06 01:58,971139,36722179,0,0,421,20330,48474,4042021,0,-8,0,560.3,17.5,53,0.2,7214,32.1,1019613,40764200
425832,13626624,2026-02-06 02:05,971133,36721990,0,0,419,20266,48476,4042085,-6,-2,0,560.3,17.5,52,0.2,7214,32.1,1019609,40764075
425833,13626656,2026-02-06 02:11,971133,36721990,0,0,411,20010,48476,4042085,0,-8,0,560.3,17.5,51,0.2,7214,32.1,1019609,40764075
425834,13626688,2026-02-06 02:17,971133,36722025,0,0,403,19754,48476,4042085,0,-8,0,560.3,17.5,50,0.2,7214,32.1,1019609,40764110
425835,13626720,2026-02-06 02:24,971133,36722027,0,0,395,19498,48476,4042085,0,-8,0,560.3,17.5,49,0.2,7214,32.1,1019609,40764112
425836,13626752,2026-02-06 02:30,971133,36722030,0,0,387,19242,48476,4042085,0,-8,0,560.3,17.5,48,0.2,7214,32.1,1019609,40764115
425837,13626784,2026-02-06 02:37,971123,36723744,0,0,389,19306,48562,4042869,-10,2,0,560.4,17.5,49,0.2,7215,32.1,1019685,40766613
425838,13626816,2026-02-06 02:43,971123,36723874,0,0,381,19050,48562,4042869,0,-8,0,560.4,17.5,48,0.2,7215,32.1,1019685,40766743
425839,13626848,2026-02-06 02:49,971123,36723972,0,0,373,18794,48570,4043125,0,-8,0,560.4,17.5,47,0.2,7215,32.1,1019693,40767097
425840,13626880,2026-02-06 02:56,971123,36724071,0,0,365,18538,48570,4043125,0,-8,0,560.4,17.5,46,0.2,7215,32.1,1019693,40767196
425841,13626912,2026-02-06 03:02,971123,36724269,0,0,357,18282,48572,4044181,0,-8,0,560.4,17.5,45,0.2,7217,32.1,1019695,40768450
425842,13626944,2026-02-06 03:09,971122,36724301,0,0,350,18058,48572,4044181,-1,-7,0,560.4,17.5,44,0.2,7217,32.1,1019694,40768482
425843,13626976,2026-02-06 03:15,971120,36724494,0,0,344,17866,48572,4044181,-2,-6,0,560.4,17.5,43,0.2,7217,32.1,1019692,40768675
425844,13627008,2026-02-06 03:21,971120,36726496,0,0,336,17610,48590,4042789,0,-8,0,560.4,17.5,42,0.2,7214,32.1,1019710,40769285
425845,13627040,2026-02-06 03:28,971117,36726402,0,0,331,17450,48610,4043404,-3,-5,0,560.4,17.5,41,0.2,7215,32.1,1019727,40769806
425846,13627072,2026-02-06 03:34,971116,36726370,0,0,324,17226,48624,4043852,-1,-7,0,560.4,17.5,40,0.2,7216,32.1,1019740,40770222
425847,13627104,2026-02-06 03:41,971114,36726308,0,0,318,17034,48631,4044051,-2,-6,0,560.4,17.5,40,0.2,7216,32.1,1019745,40770359
425848,13627136,2026-02-06 03:47,971113,36726276,0,0,311,16810,48631,4044051,-1,-7,0,560.4,17.5,39,0.2,7216,32.1,1019744,40770327
425849,13627168,2026-02-06 03:53,971113,36726276,0,0,303,16554,48633,4045395,0,-8,0,560.4,17.5,38,0.2,7219,32.1,1019746,40771671
425850,13627200,2026-02-06 04:00,971095,36725701,0,0,313,16874,48633,4045395,-18,10,0,560.4,17.5,39,0.2,7219,32.1,1019728,40771096
425851,13627232,2026-02-06 04:06,971095,36725702,0,0,305,16618,48635,4045430,0,-8,0,560.4,17.5,38,0.2,7219,32.1,1019730,40771132
425852,13627264,2026-02-06 04:13,971094,36727675,0,0,298,16394,48635,4043434,-1,-7,0,560.4,17.5,37,0.2,7215,32.1,1019729,40771109
425853,13627296,2026-02-06 04:19,971094,36727676,0,0,290,16138,48635,4043434,0,-8,0,560.4,17.5,36,0.2,7215,32.1,1019729,40771110
425854,13627328,2026-02-06 04:25,971094,36727682,0,0,282,15882,48635,4043434,0,-8,0,560.4,17.5,35,0.2,7215,32.1,1019729,40771116
425855,13627360,2026-02-06 04:32,971091,36727587,0,0,277,15722,48635,4043434,-3,-5,0,560.4,17.5,35,0.2,7215,32.1,1019726,40771021
425856,13627392,2026-02-06 04:38,971029,36725606,0,0,331,17450,48635,4043434,-62,54,0,560.4,17.5,41,0.2,7215,32.1,1019664,40769040
425857,13627424,2026-02-06 04:45,970607,36712106,0,0,745,30698,48635,4043434,-422,414,0,560.2,17.5,93,0.4,7218,32.1,1019242,40755540
425858,13627456,2026-02-06 04:51,970496,36708554,0,0,848,33994,48635,4043434,-111,103,0,560.1,17.5,106,0.5,7219,32.1,1019131,40751988
425859,13627488,2026-02-06 04:57,970496,36708556,0,0,840,33738,48635,4043434,0,-8,0,560.1,17.5,105,0.5,7219,32.1,1019131,40751990
425860,13627520,2026-02-06 05:04,970477,36709951,0,0,851,34090,48635,4041466,-19,11,0,560.1,17.5,106,0.5,7215,32.1,1019112,40751417
425861,13627552,2026-02-06 05:10,970458,36709346,0,0,862,34442,48635,4041466,-19,11,0,560.1,17.5,108,0.5,7215,32.1,1019093,40750812
425862,13627584,2026-02-06 05:17,970458,36709347,0,0,854,34186,48643,4041722,0,-8,0,560.1,17.5,107,0.5,7216,32.1,1019101,40751069
425863,13627616,2026-02-06 05:23,970458,36709349,0,0,846,33930,48662,4042330,0,-8,0,560.1,17.5,106,0.5,7217,32.1,1019120,40751679
425864,13627648,2026-02-06 05:29,970458,36709352,0,0,838,33674,48675,4042746,0,-8,0,560.1,17.5,105,0.5,7217,32.1,1019133,40752098
425865,13627680,2026-02-06 05:36,970458,36709352,0,0,830,33418,48675,4042746,0,-8,0,560.1,17.5,104,0.5,7217,32.1,1019133,40752098
425866,13627712,2026-02-06 05:42,970458,36709353,0,0,822,33162,48677,4042810,0,-8,0,560.1,17.5,103,0.5,7217,32.1,1019135,40752163
425867,13627744,2026-02-06 05:49,970458,36709354,0,0,814,32906,48677,4042810,0,-8,0,560.1,17.5,102,0.5,7217,32.1,1019135,40752164
425868,13627776,2026-02-06 05:55,970458,36711355,0,0,806,32650,48678,4042842,0,-8,0,560.2,17.5,101,0.4,7217,32.1,1019136,40754197
425869,13627808,2026-02-06 06:01,970458,36711341,0,0,798,32394,48678,4040848,0,-8,0,560.2,17.5,100,0.4,7214,32.1,1019136,40752189
425870,13627840,2026-02-06 06:08,970457,36711302,0,0,791,32177,48679,4040880,-1,-7,0,560.2,17.5,99,0.4,7214,32.1,1019136,40752182
425871,13627872,2026-02-06 06:14,970457,36711303,0,0,783,31921,48692,4041296,0,-8,0,560.2,17.5,98,0.4,7214,32.1,1019149,40752599
425872,13627904,2026-02-06 06:21,970381,36708871,0,0,852,34129,48692,4041296,-76,69,0,560.1,17.5,106,0.5,7215,32.1,1019073,40750167
425873,13627936,2026-02-06 06:27,970341,36707592,0,0,892,35409,48692,4041296,-40,40,0,560.1,17.5,112,0.5,7215,32.1,1019033,40748888
425874,13627968,2026-02-06 06:33,970341,36707595,0,0,892,35409,48692,4041296,0,0,0,560.1,17.5,112,0.5,7215,32.1,1019033,40748891
425875,13628000,2026-02-06 06:40,970341,36707596,0,0,892,35409,48696,4041424,0,0,0,560.1,17.5,112,0.5,7215,32.1,1019037,40749020
425876,13628032,2026-02-06 06:46,970340,36709565,0,0,893,35441,48696,4041424,-1,1,0,560.1,17.5,112,0.5,7215,32.1,1019036,40750989
425877,13628064,2026-02-06 06:53,970340,36709567,0,0,893,35441,48696,4039436,0,0,0,560.1,17.5,112,0.5,7211,32.0,1019036,40749003
425878,13628096,2026-02-06 06:59,970340,36709484,0,0,893,35441,48696,4039436,0,0,0,560.1,17.5,112,0.5,7211,32.0,1019036,40748920
425879,13628128,2026-02-06 07:05,970340,36709485,0,0,892,33674,48697,4039468,0,-1,0,560.1,17.5,112,0.5,7212,32.1,1019037,40748953
425880,13628160,2026-02-06 07:12,970340,36709486,0,0,892,33674,48698,4039477,0,0,0,560.1,17.5,112,0.5,7212,32.1,1019038,40748963
425881,13628192,2026-02-06 07:18,970340,36709490,0,0,892,33674,48708,4039797,0,0,0,560.1,17.5,112,0.5,7212,32.1,1019048,40749287
425882,13628224,2026-02-06 07:25,970340,36709491,0,0,892,33674,48719,4040149,0,0,0,560.1,17.5,112,0.5,7213,32.1,1019059,40749640
425883,13628256,2026-02-06 07:31,970340,36711493,0,0,892,33674,48718,4038149,0,0,0,560.2,17.5,112,0.5,7209,32.0,1019058,40749642
425884,13628288,2026-02-06 07:37,970340,36711495,0,0,892,33674,48717,4038117,0,0,0,560.2,17.5,112,0.5,7209,32.0,1019057,40749612
425885,13628320,2026-02-06 07:44,970340,36711496,1,32,892,33674,48717,4038117,0,0,1,560.2,17.5,112,0.5,7209,32.0,1019057,40749613
425886,13628352,2026-02-06 07:50,970340,36711497,1,32,891,31908,48718,4038149,0,-1,0,560.2,17.5,111,0.5,7209,32.0,1019058,40749646
425887,13628384,2026-02-06 07:57,970340,36711498,1,32,891,31908,49720,4070411,0,0,0,560.2,17.5,111,0.5,7266,32.3,1020060,40781909
425888,13628416,2026-02-06 08:03,970340,36711500,1,32,891,31908,49768,4071947,0,0,0,560.2,17.5,111,0.5,7269,32.3,1020108,40783447
425889,13628448,2026-02-06 08:09,970339,36711468,1,32,892,31940,49768,4071947,-1,1,0,560.2,17.5,112,0.5,7269,32.3,1020107,40783415
425890,13628480,2026-02-06 08:16,970339,36711470,1,32,892,31940,49768,4071947,0,0,0,560.2,17.5,112,0.5,7269,32.3,1020107,40783417
425891,13628512,2026-02-06 08:22,970340,36711504,0,0,892,31940,49768,4071947,1,0,-1,560.2,17.5,112,0.5,7269,32.3,1020108,40783451
425892,13628544,2026-02-06 08:29,970340,36711506,1,1984,892,31940,49768,4069995,0,0,1,560.2,17.5,112,0.5,7266,32.3,1020108,40781501
425893,13628576,2026-02-06 08:35,970323,36710963,1,1984,908,30718,49768,4069995,-17,16,0,560.2,17.5,114,0.5,7266,32.3,1020091,40780958
425894,13628608,2026-02-06 08:41,970321,36710901,1,1984,910,30782,49768,4069995,-2,2,0,560.2,17.5,114,0.5,7266,32.3,1020089,40780896
425895,13628640,2026-02-06 08:48,970321,36710907,1,1984,910,30782,49768,4069995,0,0,0,560.2,17.5,114,0.5,7266,32.3,1020089,40780902
425896,13628672,2026-02-06 08:54,970321,36710911,1,1984,910,30782,49770,4070028,0,0,0,560.2,17.5,114,0.5,7266,32.3,1020091,40780939
425897,13628704,2026-02-06 09:01,970321,36710913,1,1984,910,30782,49771,4070029,0,0,0,560.2,17.5,114,0.5,7266,32.3,1020092,40780942
425898,13628736,2026-02-06 09:07,970322,36712899,0,0,910,30782,49772,4070061,1,0,-1,560.2,17.5,114,0.5,7265,32.3,1020094,40782960
425899,13628768,2026-02-06 09:13,970322,36712901,0,0,910,30782,49772,4070061,0,0,0,560.2,17.5,114,0.5,7265,32.3,1020094,40782962
425901,13628832,2026-02-06 09:26,970319,36712809,2,1952,898,28743,49787,4068653,-3,-12,2,560.2,17.5,112,0.5,7263,32.3,1020106,40781462
425902,13628864,2026-02-06 09:33,970318,36712552,2,1952,891,28747,49788,4068685,-1,-7,0,560.2,17.5,111,0.5,7263,32.3,1020106,40781237
425903,13628896,2026-02-06 09:39,970318,36712552,2,1952,883,28491,49794,4067821,0,-8,0,560.2,17.5,110,0.5,7262,32.3,1020112,40780373
425904,13628928,2026-02-06 09:45,970317,36712523,3,3040,881,28427,49786,4067511,-1,-2,1,560.2,17.5,110,0.5,7261,32.3,1020103,40780034
425905,13628960,2026-02-06 09:52,970317,36712524,11,3349,875,28235,49778,4067255,0,-6,8,560.2,17.5,109,0.5,7261,32.3,1020095,40779779
425906,13628992,2026-02-06 09:58,970319,36714478,17,1653,867,27979,49770,4066999,2,-8,6,560.2,17.5,108,0.5,7260,32.3,1020089,40781477
425907,13629024,2026-02-06 10:05,970319,36714479,25,1909,859,27723,49762,4066743,0,-8,8,560.2,17.5,107,0.5,7259,32.3,1020081,40781222
425908,13629056,2026-02-06 10:11,970319,36714482,33,2165,851,27467,49794,4067767,0,-8,8,560.2,17.5,106,0.5,7261,32.3,1020113,40782249
425909,13629088,2026-02-06 10:17,970319,36714483,35,2229,843,27211,49794,4067767,0,-8,2,560.2,17.5,105,0.5,7261,32.3,1020113,40782250
425910,13629120,2026-02-06 10:24,970320,36715575,34,1141,835,26955,49796,4067831,1,-8,-1,560.2,17.5,104,0.5,7261,32.3,1020116,40783406
425911,13629152,2026-02-06 10:30,970328,36715885,26,832,827,26699,49796,4067831,8,-8,-8,560.2,17.5,103,0.5,7261,32.3,1020124,40783716
425912,13629184,2026-02-06 10:37,970336,36716143,18,576,819,26443,49796,4067831,8,-8,-8,560.2,17.5,102,0.5,7261,32.3,1020132,40783974
425913,13629216,2026-02-06 10:43,970344,36716400,10,320,811,26187,49797,4067863,8,-8,-8,560.2,17.5,101,0.4,7261,32.3,1020141,40784263
425914,13629248,2026-02-06 10:49,970352,36716657,2,64,808,26091,49797,4067863,8,-3,-8,560.3,17.5,101,0.4,7261,32.3,1020149,40784520
425915,13629280,2026-02-06 10:56,970354,36716721,0,0,800,25835,49796,4065943,2,-8,-2,560.3,17.5,100,0.4,7257,32.3,1020150,40782664
425916,13629312,2026-02-06 11:02,970352,36716657,1,1920,794,25643,49792,4065608,-2,-6,1,560.3,17.5,99,0.4,7257,32.3,1020144,40782265
425917,13629344,2026-02-06 11:09,970348,36716531,5,2255,790,25515,49787,4065448,-4,-4,4,560.2,17.5,99,0.4,7256,32.2,1020135,40781979
425918,13629376,2026-02-06 11:15,970326,36715831,13,2511,804,25963,49781,4065256,-22,14,8,560.2,17.5,100,0.4,7256,32.2,1020107,40781087
425919,13629408,2026-02-06 11:21,970326,36715831,21,2767,796,25707,49779,4065192,0,-8,8,560.2,17.5,100,0.4,7256,32.2,1020105,40781023
425920,13629440,2026-02-06 11:28,970325,36715801,29,3023,789,25483,49771,4064936,-1,-7,8,560.2,17.5,99,0.4,7256,32.2,1020096,40780737
425921,13629472,2026-02-06 11:34,970325,36715806,37,3279,781,25227,49766,4064776,0,-8,8,560.2,17.5,98,0.4,7255,32.2,1020091,40780582
425922,13629504,2026-02-06 11:41,970326,36717726,42,1551,773,24971,49760,4064456,1,-8,5,560.3,17.5,97,0.4,7254,32.2,1020086,40782182
425923,13629536,2026-02-06 11:47,970330,36718063,44,1536,765,24715,49752,4064200,4,-8,2,560.3,17.5,96,0.4,7254,32.2,1020082,40782263
425924,13629568,2026-02-06 11:53,970338,36718320,44,1536,757,24459,49745,4063976,8,-8,0,560.3,17.5,95,0.4,7254,32.2,1020083,40782296
425925,13629600,2026-02-06 12:00,970346,36718578,44,1536,749,24203,49738,4063752,8,-8,0,560.3,17.5,94,0.4,7253,32.2,1020084,40782330
425926,13629632,2026-02-06 12:06,970354,36718835,44,1536,741,23947,49730,4063496,8,-8,0,560.3,17.5,93,0.4,7253,32.2,1020084,40782331
425927,13629664,2026-02-06 12:13,970362,36719091,44,1536,733,23691,49734,4063624,8,-8,0,560.3,17.5,92,0.4,7253,32.2,1020096,40782715
425928,13629696,2026-02-06 12:19,970368,36719288,46,1600,725,23435,49727,4063422,6,-8,2,560.3,17.5,91,0.4,7252,32.2,1020095,40782710
425929,13629728,2026-02-06 12:25,970374,36719611,48,1536,717,23179,49724,4063326,6,-8,2,560.3,17.5,90,0.4,7252,32.2,1020098,40782937
425930,13629760,2026-02-06 12:32,970379,36719773,48,1536,712,23019,49724,4063326,5,-5,0,560.3,17.5,89,0.4,7252,32.2,1020103,40783099
425931,13629792,2026-02-06 12:38,970373,36719584,48,1536,718,23211,49721,4063230,-6,6,0,560.3,17.5,90,0.4,7252,32.2,1020094,40782814
425932,13629824,2026-02-06 12:45,970147,36712354,48,1536,944,30443,49780,4065118,-226,226,0,560.2,17.5,118,0.5,7257,32.3,1019927,40777472
425933,13629856,2026-02-06 12:51,970105,36711011,47,1504,986,31787,49783,4065214,-42,42,-1,560.2,17.5,123,0.5,7257,32.3,1019888,40776225
425934,13629888,2026-02-06 12:57,970113,36711268,39,1248,978,31531,49784,4065246,8,-8,-8,560.2,17.5,122,0.5,7257,32.3,1019897,40776514
425935,13629920,2026-02-06 13:04,970111,36711207,31,992,980,31595,49785,4065278,-2,2,-8,560.2,17.5,122,0.5,7257,32.3,1019896,40776485
425936,13629952,2026-02-06 13:10,970109,36711145,23,736,982,31659,49786,4065278,-2,2,-8,560.2,17.5,123,0.5,7257,32.3,1019895,40776423
425937,13629984,2026-02-06 13:17,970117,36711404,15,480,974,31403,49790,4065406,8,-8,-8,560.2,17.5,122,0.5,7257,32.3,1019907,40776810
425938,13630016,2026-02-06 13:23,970122,36711568,7,224,969,31243,49811,4066078,5,-5,-8,560.2,17.5,121,0.5,7259,32.3,1019933,40777646
425939,13630048,2026-02-06 13:29,970129,36711795,0,0,961,30987,49811,4066078,7,-8,-7,560.2,17.5,120,0.5,7259,32.3,1019940,40777873
425940,13630080,2026-02-06 13:36,970129,36713798,0,0,953,30731,49811,4066078,0,-8,0,560.2,17.5,119,0.5,7258,32.3,1019940,40779876
425941,13630112,2026-02-06 13:42,970129,36713800,0,0,945,30475,49811,4064110,0,-8,0,560.2,17.5,118,0.5,7255,32.2,1019940,40777910
425942,13630144,2026-02-06 13:49,970129,36713803,0,0,937,30219,49812,4064142,0,-8,0,560.2,17.5,117,0.5,7255,32.2,1019941,40777945
425943,13630176,2026-02-06 13:55,970129,36713806,0,0,929,29963,49812,4064142,0,-8,0,560.2,17.5,116,0.5,7255,32.2,1019941,40777948
425944,13630208,2026-02-06 14:01,970129,36713807,0,0,921,29707,49812,4064142,0,-8,0,560.2,17.5,115,0.5,7255,32.2,1019941,40777949
425945,13630240,2026-02-06 14:08,970129,36713808,0,0,913,29451,49813,4064174,0,-8,0,560.2,17.5,114,0.5,7255,32.2,1019942,40777982
425946,13630272,2026-02-06 14:14,970123,36713617,0,0,911,29387,49814,4064206,-6,-2,0,560.2,17.5,114,0.5,7255,32.2,1019937,40777823
425947,13630304,2026-02-06 14:21,970123,36713619,0,0,903,29131,49815,4064226,0,-8,0,560.2,17.5,113,0.5,7255,32.2,1019938,40777845
425948,13630336,2026-02-06 14:27,970123,36715620,0,0,895,28875,49816,4064332,0,-8,0,560.2,17.5,112,0.5,7255,32.2,1019939,40779952
425949,13630368,2026-02-06 14:33,970123,36715622,0,0,887,28619,49817,4062396,0,-8,0,560.2,17.5,111,0.5,7251,32.2,1019940,40778018
425950,13630400,2026-02-06 14:40,970122,36715591,0,0,880,28395,49817,4062396,-1,-7,0,560.2,17.5,110,0.5,7251,32.2,1019939,40777987
425951,13630432,2026-02-06 14:46,970120,36715528,0,0,874,28203,49818,4062428,-2,-6,0,560.2,17.5,109,0.5,7251,32.2,1019938,40777956
425952,13630464,2026-02-06 14:53,970120,36715530,0,0,866,27947,49818,4062428,0,-8,0,560.2,17.5,108,0.5,7251,32.2,1019938,40777958
425953,13630496,2026-02-06 14:59,970120,36715532,0,0,858,27691,49820,4062506,0,-8,0,560.2,17.5,107,0.5,7251,32.2,1019940,40778038
425954,13630528,2026-02-06 15:05,970120,36715534,0,0,850,27435,49820,4062506,0,-8,0,560.2,17.5,106,0.5,7251,32.2,1019940,40778040
425955,13630560,2026-02-06 15:12,970120,36715536,0,0,842,27179,49821,4062538,0,-8,0,560.2,17.5,105,0.5,7251,32.2,1019941,40778074
425956,13630592,2026-02-06 15:18,970120,36717538,0,0,834,26923,49829,4062794,0,-8,0,560.3,17.5,104,0.5,7252,32.2,1019949,40780332
425957,13630624,2026-02-06 15:25,970118,36717475,0,0,828,26731,49870,4062142,-2,-6,0,560.3,17.5,104,0.5,7250,32.2,1019988,40779617
425958,13630656,2026-02-06 15:31,970117,36717444,0,0,821,26507,49871,4062174,-1,-7,0,560.3,17.5,103,0.5,7250,32.2,1019988,40779618
425959,13630688,2026-02-06 15:37,970117,36717446,0,0,813,26251,49875,4062953,0,-8,0,560.3,17.5,102,0.5,7252,32.2,1019992,40780399
425960,13630720,2026-02-06 15:44,970117,36717447,0,0,805,25995,49876,4062985,0,-8,0,560.3,17.5,101,0.4,7252,32.2,1019993,40780432
425961,13630752,2026-02-06 15:50,970114,36717354,0,0,800,25835,49885,4063273,-3,-5,0,560.3,17.5,100,0.4,7252,32.2,1019999,40780627
425962,13630784,2026-02-06 15:57,970114,36717355,0,0,792,25579,49886,4063291,0,-8,0,560.3,17.5,99,0.4,7252,32.2,1020000,40780646
425963,13630816,2026-02-06 16:03,970114,36717355,0,0,784,25323,49887,4063323,0,-8,0,560.3,17.5,98,0.4,7253,32.2,1020001,40780678
425964,13630848,2026-02-06 16:09,970114,36719356,0,0,776,25067,49886,4061323,0,-8,0,560.3,17.5,97,0.4,7249,32.2,1020000,40780679
425965,13630880,2026-02-06 16:16,970114,36719357,0,0,768,24811,49888,4061355,0,-8,0,560.3,17.5,96,0.4,7249,32.2,1020002,40780712
425966,13630912,2026-02-06 16:22,970114,36719360,0,0,760,24555,49892,4061483,0,-8,0,560.3,17.5,95,0.4,7249,32.2,1020006,40780843
425967,13630944,2026-02-06 16:29,970114,36719362,0,0,752,24299,49892,4061483,0,-8,0,560.3,17.5,94,0.4,7249,32.2,1020006,40780845
425968,13630976,2026-02-06 16:35,970086,36718467,0,0,772,24939,49893,4061515,-28,20,0,560.3,17.5,96,0.4,7249,32.2,1019979,40779982
425969,13631008,2026-02-06 16:41,969987,36715299,0,0,863,27851,49894,4061547,-99,91,0,560.2,17.5,108,0.5,7250,32.2,1019881,40776846
425970,13631040,2026-02-06 16:48,969983,36715172,0,0,859,27723,49894,4061547,-4,-4,0,560.2,17.5,107,0.5,7250,32.2,1019877,40776719
425971,13631072,2026-02-06 16:54,969981,36717111,0,0,853,27531,49904,4059899,-2,-6,0,560.3,17.5,107,0.5,7246,32.2,1019885,40777010
425972,13631104,2026-02-06 17:01,969981,36717114,0,0,845,27275,49904,4059899,0,-8,0,560.3,17.5,106,0.5,7246,32.2,1019885,40777013
425973,13631136,2026-02-06 17:07,969980,36717085,0,0,838,27051,49906,4059971,-1,-7,0,560.3,17.5,105,0.5,7247,32.2,1019886,40777056
425974,13631168,2026-02-06 17:13,969980,36717086,0,0,830,26795,49906,4059971,0,-8,0,560.3,17.5,104,0.5,7247,32.2,1019886,40777057
425975,13631200,2026-02-06 17:20,969980,36717088,0,0,820,26475,49917,4060323,0,-10,0,560.3,17.5,102,0.5,7247,32.2,1019897,40777411
425976,13631232,2026-02-06 17:26,969979,36716888,0,0,813,26419,49941,4061091,-1,-7,0,560.3,17.5,102,0.5,7249,32.2,1019920,40777979
425977,13631264,2026-02-06 17:33,969979,36716891,0,0,805,26163,49941,4061091,0,-8,0,560.3,17.5,101,0.4,7249,32.2,1019920,40777982
425978,13631296,2026-02-06 17:39,969979,36716894,0,0,797,25907,49942,4061123,0,-8,0,560.3,17.5,100,0.4,7249,32.2,1019921,40778017
425979,13631328,2026-02-06 17:45,969979,36718897,0,0,789,25651,49942,4061123,0,-8,0,560.3,17.5,99,0.4,7248,32.2,1019921,40780020
425980,13631360,2026-02-06 17:52,969978,36718867,0,0,782,25427,49942,4059155,-1,-7,0,560.3,17.5,98,0.4,7245,32.2,1019920,40778022
425981,13631392,2026-02-06 17:58,969978,36718868,0,0,774,25171,49945,4059390,0,-8,0,560.3,17.5,97,0.4,7245,32.2,1019923,40778258
425982,13631424,2026-02-06 18:05,969978,36718871,0,0,766,24915,49945,4059390,0,-8,0,560.3,17.5,96,0.4,7245,32.2,1019923,40778261
425983,13631456,2026-02-06 18:11,969978,36718874,0,0,758,24659,49953,4059805,0,-8,0,560.3,17.5,95,0.4,7246,32.2,1019931,40778679
425984,13631488,2026-02-06 18:17,969978,36718876,0,0,750,24403,49954,4059837,0,-8,0,560.3,17.5,94,0.4,7246,32.2,1019932,40778713
425985,13631520,2026-02-06 18:24,969968,36718557,0,0,752,24467,49957,4060061,-10,2,0,560.3,17.5,94,0.4,7246,32.2,1019925,40778618
425986,13631552,2026-02-06 18:30,969968,36718559,0,0,744,24211,49957,4060061,0,-8,0,560.3,17.5,93,0.4,7246,32.2,1019925,40778620
425987,13631584,2026-02-06 18:37,969968,36720560,0,0,736,23955,49959,4058157,0,-8,0,560.3,17.5,92,0.4,7243,32.2,1019927,40778717
425988,13631616,2026-02-06 18:43,969968,36720566,0,0,728,23699,49959,4058157,0,-8,0,560.3,17.5,91,0.4,7243,32.2,1019927,40778723
425989,13631648,2026-02-06 18:49,969968,36720567,0,0,720,23443,49962,4058687,0,-8,0,560.3,17.5,90,0.4,7244,32.2,1019930,40779254
425990,13631680,2026-02-06 18:56,969968,36720569,0,0,712,23187,49962,4058687,0,-8,0,560.3,17.5,89,0.4,7244,32.2,1019930,40779256
425991,13631712,2026-02-06 19:02,969968,36720573,0,0,704,22931,49963,4058750,0,-8,0,560.3,17.5,88,0.4,7244,32.2,1019931,40779323
425992,13631744,2026-02-06 19:09,969906,36718590,0,0,758,24659,49963,4058750,-62,54,0,560.3,17.5,95,0.4,7244,32.2,1019869,40777340
425993,13631776,2026-02-06 19:15,969906,36718592,0,0,750,24403,49970,4058974,0,-8,0,560.3,17.5,94,0.4,7245,32.2,1019876,40777566
425994,13631808,2026-02-06 19:21,969906,36718594,0,0,742,24147,49977,4059198,0,-8,0,560.3,17.5,93,0.4,7245,32.2,1019883,40777792
425995,13631840,2026-02-06 19:28,969906,36720594,0,0,734,23891,49977,4059198,0,-8,0,560.3,17.5,92,0.4,7245,32.2,1019883,40779792
425996,13631872,2026-02-06 19:34,969906,36720597,0,0,726,23635,49977,4057230,0,-8,0,560.3,17.5,91,0.4,7241,32.2,1019883,40777827
425997,13631904,2026-02-06 19:41,969906,36720578,0,0,718,23379,49978,4057262,0,-8,0,560.3,17.5,90,0.4,7241,32.2,1019884,40777840
425998,13631936,2026-02-06 19:47,969906,36720579,0,0,710,23116,49978,4057262,0,-8,0,560.3,17.5,89,0.4,7241,32.2,1019884,40777841
425999,13631968,2026-02-06 19:53,969899,36719957,0,0,709,23084,49978,4057262,-7,-1,0,560.3,17.5,89,0.4,7241,32.2,1019877,40777219
426000,13632000,2026-02-06 20:00,969899,36719958,0,0,701,22828,49980,4057306,0,-8,0,560.3,17.5,88,0.4,7241,32.2,1019879,40777264
426001,13632032,2026-02-06 20:06,969892,36719734,0,0,700,22796,49980,4057306,-7,-1,0,560.3,17.5,88,0.4,7241,32.2,1019872,40777040
426002,13632064,2026-02-06 20:13,969892,36719732,0,0,692,22540,49980,4057306,0,-8,0,560.3,17.5,86,0.4,7241,32.2,1019872,40777038
426003,13632096,2026-02-06 20:19,969892,36721734,0,0,684,22284,49979,4055306,0,-8,0,560.3,17.5,86,0.4,7237,32.2,1019871,40777040
426004,13632128,2026-02-06 20:25,969892,36721736,0,0,676,22028,49979,4055306,0,-8,0,560.3,17.5,84,0.4,7237,32.2,1019871,40777042
426005,13632160,2026-02-06 20:32,969795,36718632,0,0,765,24876,49979,4055306,-97,89,0,560.3,17.5,96,0.4,7238,32.2,1019774,40773938
426006,13632192,2026-02-06 20:38,969748,36717131,0,0,804,26124,49980,4055338,-47,39,0,560.3,17.5,100,0.4,7238,32.2,1019728,40772469
426007,13632224,2026-02-06 20:45,969329,36703725,0,0,1215,39276,49981,4055370,-419,411,0,560.1,17.5,152,0.7,7241,32.2,1019310,40759095
426008,13632256,2026-02-06 20:51,969198,36699535,0,0,1338,43212,49981,4055370,-131,123,0,560.0,17.5,167,0.7,7242,32.2,1019179,40754905
426009,13632288,2026-02-06 20:57,969198,36699537,0,0,1330,42956,49981,4055370,0,-8,0,560.0,17.5,166,0.7,7242,32.2,1019179,40754907
426010,13632320,2026-02-06 21:04,969198,36701537,0,0,1322,42700,49982,4053527,0,-8,0,560.0,17.5,165,0.7,7238,32.2,1019180,40755064
426011,13632352,2026-02-06 21:10,969165,36700484,0,0,1347,43500,49983,4053559,-33,25,0,560.0,17.5,168,0.7,7238,32.2,1019148,40754043
426012,13632384,2026-02-06 21:17,969165,36700484,0,0,1339,43244,49986,4053655,0,-8,0,560.0,17.5,167,0.7,7239,32.2,1019151,40754139
426013,13632416,2026-02-06 21:23,969165,36700488,0,0,1331,42988,49989,4053751,0,-8,0,560.0,17.5,166,0.7,7239,32.2,1019154,40754239
426014,13632448,2026-02-06 21:29,969165,36700490,0,0,1323,42732,49989,4053751,0,-8,0,560.0,17.5,165,0.7,7239,32.2,1019154,40754241
426015,13632480,2026-02-06 21:36,969162,36700394,0,0,1320,42636,49989,4053751,-3,-3,0,560.0,17.5,165,0.7,7239,32.2,1019151,40754145
426016,13632512,2026-02-06 21:42,969133,36699468,0,0,1347,43272,49989,4053751,-29,27,0,560.0,17.5,168,0.7,7239,32.2,1019122,40753219
426017,13632544,2026-02-06 21:49,969133,36699469,0,0,1339,43016,49989,4053751,0,-8,0,560.0,17.5,167,0.7,7239,32.2,1019122,40753220
426018,13632576,2026-02-06 21:55,969133,36701471,0,0,1331,42760,49989,4053751,0,-8,0,560.0,17.5,166,0.7,7239,32.2,1019122,40755222
426019,13632608,2026-02-06 22:01,969132,36701440,0,0,1324,42536,49989,4051783,-1,-7,0,560.0,17.5,166,0.7,7235,32.2,1019121,40753223
426020,13632640,2026-02-06 22:08,969132,36701440,0,0,1316,42280,50038,4053346,0,-8,0,560.0,17.5,164,0.7,7238,32.2,1019170,40754786
426021,13632672,2026-02-06 22:14,969132,36701440,0,0,1308,42024,50070,4054370,0,-8,0,560.0,17.5,164,0.7,7240,32.2,1019202,40755810
426022,13632704,2026-02-06 22:21,969132,36701441,0,0,1300,41768,50105,4055496,0,-8,0,560.0,17.5,162,0.7,7242,32.2,1019237,40756937
426023,13632736,2026-02-06 22:27,969132,36701444,0,0,1292,41512,50156,4057151,0,-8,0,560.0,17.5,162,0.7,7245,32.2,1019288,40758595
426024,13632768,2026-02-06 22:33,969131,36701417,0,0,1285,41288,50201,4058591,-1,-7,0,560.0,17.5,161,0.7,7247,32.2,1019332,40760008
426025,13632800,2026-02-06 22:40,969131,36701418,0,0,1277,41032,50265,4060639,0,-8,0,560.0,17.5,160,0.7,7251,32.2,1019396,40762057
426026,13632832,2026-02-06 22:46,969131,36703420,0,0,1269,40776,50303,4059887,0,-8,0,560.0,17.5,159,0.7,7249,32.2,1019434,40763307
426027,13632864,2026-02-06 22:53,969131,36703400,0,0,1261,40520,50361,4061743,0,-8,0,560.0,17.5,158,0.7,7252,32.2,1019492,40765143
426028,13632896,2026-02-06 22:59,969131,36703400,0,0,1253,40264,50393,4062767,0,-8,0,560.0,17.5,157,0.7,7254,32.2,1019524,40766167
426029,13632928,2026-02-06 23:05,969131,36703401,0,0,1245,40008,50451,4064623,0,-8,0,560.0,17.5,156,0.7,7258,32.3,1019582,40768024
426030,13632960,2026-02-06 23:12,969131,36703402,0,0,1237,39752,50479,4065519,0,-8,0,560.0,17.5,155,0.7,7259,32.3,1019610,40768921
426031,13632992,2026-02-06 23:18,969131,36703405,0,0,1229,39496,50507,4066415,0,-8,0,560.0,17.5,154,0.7,7261,32.3,1019638,40769820
426032,13633024,2026-02-06 23:25,969131,36703408,0,0,1221,39240,50580,4068751,0,-8,0,560.0,17.5,153,0.7,7265,32.3,1019711,40772159
426033,13633056,2026-02-06 23:31,969131,36703409,0,0,1213,38984,50602,4069455,0,-8,0,560.0,17.5,152,0.7,7266,32.3,1019733,40772864
426034,13633088,2026-02-06 23:37,969131,36705410,0,0,1205,38728,50642,4070735,0,-8,0,560.1,17.5,151,0.7,7268,32.3,1019773,40776145
426035,13633120,2026-02-06 23:44,969131,36705412,0,0,1197,38472,50642,4068767,0,-8,0,560.1,17.5,150,0.7,7265,32.3,1019773,40774179
426036,13633152,2026-02-06 23:50,969131,36705415,0,0,1189,38216,50642,4068767,0,-8,0,560.1,17.5,149,0.7,7265,32.3,1019773,40774182
426037,13633184,2026-02-06 23:57,969131,36705416,0,0,1181,37960,50644,4068812,0,-8,0,560.1,17.5,148,0.7,7265,32.3,1019775,40774228
426038,13633216,2026-02-07 00:03,969131,36705411,0,0,1173,37704,50650,4069004,0,-8,0,560.1,17.5,147,0.7,7265,32.3,1019781,40774415
426039,13633248,2026-02-07 00:09,969131,36705413,0,0,1165,37448,50650,4069004,0,-8,0,560.1,17.5,146,0.6,7265,32.3,1019781,40774417
426040,13633280,2026-02-07 00:16,969131,36705415,0,0,1157,37192,50650,4069004,0,-8,0,560.1,17.5,145,0.6,7265,32.3,1019781,40774419
426041,13633312,2026-02-07 00:22,969131,36705416,0,0,1149,36936,50650,4069004,0,-8,0,560.1,17.5,144,0.6,7265,32.3,1019781,40774420
426042,13633344,2026-02-07 00:29,969131,36707408,0,0,1141,36680,50672,4067740,0,-8,0,560.1,17.5,143,0.6,7262,32.3,1019803,40775148
426043,13633376,2026-02-07 00:35,969118,36706995,0,0,1146,36840,50675,4067836,-13,5,0,560.1,17.5,143,0.6,7263,32.3,1019793,40774831
426044,13633408,2026-02-07 00:41,969118,36706996,0,0,1138,36584,50678,4067932,0,-8,0,560.1,17.5,142,0.6,7263,32.3,1019796,40774928
426045,13633440,2026-02-07 00:48,969118,36707000,0,0,1130,36328,50678,4067932,0,-8,0,560.1,17.5,141,0.6,7263,32.3,1019796,40774932
426046,13633472,2026-02-07 00:54,969118,36707002,0,0,1122,36072,50683,4068092,0,-8,0,560.1,17.5,140,0.6,7263,32.3,1019801,40775094
426047,13633504,2026-02-07 01:01,969118,36707003,0,0,1114,35816,50684,4068124,0,-8,0,560.1,17.5,139,0.6,7263,32.3,1019802,40775127
426048,13633536,2026-02-07 01:07,969118,36707005,0,0,1106,35560,50684,4068124,0,-8,0,560.1,17.5,138,0.6,7263,32.3,1019802,40775129
426049,13633568,2026-02-07 01:13,969118,36709006,0,0,1098,35304,50684,4068124,0,-8,0,560.1,17.5,137,0.6,7263,32.3,1019802,40777130
426050,13633600,2026-02-07 01:20,969118,36709006,0,0,1090,35048,50684,4066156,0,-8,0,560.1,17.5,136,0.6,7259,32.3,1019802,40775162
426051,13633632,2026-02-07 01:26,969118,36709116,6,192,1082,34792,50677,4065886,0,-8,6,560.1,17.5,135,0.6,7259,32.3,1019795,40775002
426052,13633664,2026-02-07 01:33,969118,36709118,12,384,1074,34536,50669,4065630,0,-8,6,560.1,17.5,134,0.6,7258,32.3,1019787,40774748
426053,13633696,2026-02-07 01:39,969118,36709120,20,640,1066,34280,50661,4065374,0,-8,8,560.1,17.5,133,0.6,7258,32.3,1019779,40774494
426054,13633728,2026-02-07 01:45,969067,36707489,28,896,1109,35656,50655,4065182,-51,43,8,560.1,17.5,139,0.6,7258,32.3,1019722,40772671
426055,13633760,2026-02-07 01:52,968980,36704713,36,1152,1188,38184,50647,4064926,-87,79,8,560.1,17.5,148,0.7,7258,32.3,1019627,40769639
426056,13633792,2026-02-07 01:58,968980,36704716,44,1408,1180,37928,50640,4064702,0,-8,8,560.1,17.5,148,0.7,7257,32.3,1019620,40769418
426057,13633824,2026-02-07 02:05,968986,36704910,46,1472,1172,37672,50641,4064734,6,-8,2,560.1,17.5,146,0.6,7258,32.3,1019627,40769644
426058,13633856,2026-02-07 02:11,968992,36705103,48,1536,1164,37416,50635,4065246,6,-8,2,560.1,17.5,146,0.6,7258,32.3,1019627,40770349
426059,13633888,2026-02-07 02:17,969000,36705360,48,1536,1156,37160,50627,4064990,8,-8,0,560.1,17.5,144,0.6,7258,32.3,1019627,40770350
426060,13633920,2026-02-07 02:24,969008,36705618,48,1536,1148,36904,50639,4065406,8,-8,0,560.1,17.5,144,0.6,7259,32.3,1019647,40771024
426061,13633952,2026-02-07 02:30,969016,36705876,48,1536,1141,36680,50631,4065150,8,-7,0,560.1,17.5,143,0.6,7258,32.3,1019647,40771026
426062,13633984,2026-02-07 02:37,969024,36706135,48,1536,1133,36424,50624,4064929,8,-8,0,560.1,17.5,142,0.6,7258,32.3,1019648,40771064
426063,13634016,2026-02-07 02:43,969032,36706392,48,1536,1125,36168,50616,4064673,8,-8,0,560.1,17.5,141,0.6,7257,32.3,1019648,40771065
426064,13634048,2026-02-07 02:49,969040,36706648,48,1536,1117,35912,50625,4064961,8,-8,0,560.1,17.5,140,0.6,7258,32.3,1019665,40771609
426065,13634080,2026-02-07 02:56,969048,36706907,48,1536,1109,35656,50617,4064705,8,-8,0,560.1,17.5,139,0.6,7257,32.3,1019665,40771612
426066,13634112,2026-02-07 03:02,969056,36707165,48,1536,1101,35400,50611,4064513,8,-8,0,560.1,17.5,138,0.6,7257,32.3,1019667,40771678
426067,13634144,2026-02-07 03:09,969064,36707422,46,1472,1093,35144,50611,4064513,8,-8,-2,560.1,17.5,137,0.6,7257,32.3,1019675,40771935
426068,13634176,2026-02-07 03:15,969072,36707682,38,1216,1085,34888,50611,4064513,8,-8,-8,560.1,17.5,136,0.6,7257,32.3,1019683,40772195
426069,13634208,2026-02-07 03:21,969080,36707939,30,960,1077,34632,50621,4064833,8,-8,-8,560.1,17.5,135,0.6,7257,32.3,1019701,40772772
426070,13634240,2026-02-07 03:28,969088,36708195,22,704,1069,34376,50621,4064833,8,-8,-8,560.1,17.5,134,0.6,7257,32.3,1019709,40773028
426071,13634272,2026-02-07 03:34,969096,36708451,14,448,1061,34120,50621,4064833,8,-8,-8,560.1,17.5,133,0.6,7257,32.3,1019717,40773284
426072,13634304,2026-02-07 03:41,969104,36708708,6,192,1053,33864,50625,4064961,8,-8,-8,560.1,17.5,132,0.6,7257,32.3,1019729,40773669
426073,13634336,2026-02-07 03:47,969110,36708901,0,0,1045,33608,50625,4064961,6,-8,-6,560.1,17.5,131,0.6,7257,32.3,1019735,40773862
426074,13634368,2026-02-07 03:53,969110,36710905,0,0,1037,33352,50624,4062961,0,-8,0,560.2,17.5,130,0.6,7253,32.2,1019734,40773866
426075,13634400,2026-02-07 04:00,969110,36710908,0,0,1029,33096,50624,4062961,0,-8,0,560.2,17.5,129,0.6,7253,32.2,1019734,40773869
426076,13634432,2026-02-07 04:06,969110,36710910,0,0,1021,32840,50625,4062968,0,-8,0,560.2,17.5,128,0.6,7253,32.2,1019735,40773878
426077,13634464,2026-02-07 04:13,969109,36710883,0,0,1014,32616,50625,4062968,-1,-7,0,560.2,17.5,127,0.6,7253,32.2,1019734,40773851
426078,13634496,2026-02-07 04:19,969109,36710885,0,0,1006,32360,50625,4062968,0,-8,0,560.2,17.5,126,0.6,7253,32.2,1019734,40773853
426079,13634528,2026-02-07 04:25,969109,36710886,0,0,1001,32200,50673,4064504,0,-5,0,560.2,17.5,125,0.6,7256,32.2,1019782,40775390
426080,13634560,2026-02-07 04:32,969097,36710502,0,0,1011,32352,50673,4064504,-12,10,0,560.2,17.5,126,0.6,7256,32.2,1019770,40775006
426081,13634592,2026-02-07 04:38,969081,36709991,0,0,1019,32608,50674,4064536,-16,8,0,560.2,17.5,127,0.6,7256,32.2,1019755,40774527
426082,13634624,2026-02-07 04:45,968691,36699511,0,0,1404,44928,50673,4062536,-390,385,0,560.0,17.5,176,0.8,7255,32.2,1019364,40762047
426083,13634656,2026-02-07 04:51,968587,36696186,0,0,1500,48000,50673,4062536,-104,96,0,559.9,17.5,188,0.8,7255,32.2,1019260,40758722
426085,13634720,2026-02-07 05:04,968570,36695647,0,0,1501,48032,50673,4062536,-17,1,0,559.9,17.5,188,0.8,7255,32.2,1019243,40758183
426086,13634752,2026-02-07 05:10,968553,36695106,0,0,1510,48320,50673,4062536,-17,9,0,559.9,17.5,189,0.8,7256,32.2,1019226,40757642
426087,13634784,2026-02-07 05:17,968553,36695107,0,0,1502,48064,50678,4062696,0,-8,0,559.9,17.5,188,0.8,7256,32.2,1019231,40757803
426088,13634816,2026-02-07 05:23,968553,36695110,0,0,1494,47808,50693,4063176,0,-8,0,559.9,17.5,187,0.8,7257,32.3,1019246,40758286
426089,13634848,2026-02-07 05:29,968553,36695111,0,0,1486,47552,50693,4063176,0,-8,0,559.9,17.5,186,0.8,7257,32.3,1019246,40758287
426090,13634880,2026-02-07 05:36,968553,36697112,0,0,1479,47328,50692,4061176,0,-7,0,560.0,17.5,185,0.8,7253,32.2,1019245,40758288
426091,13634912,2026-02-07 05:42,968553,36697113,0,0,1471,47072,50692,4061176,0,-8,0,560.0,17.5,184,0.8,7253,32.2,1019245,40758289
426092,13634944,2026-02-07 05:49,968552,36697082,0,0,1464,46848,50692,4061176,-1,-7,0,560.0,17.5,183,0.8,7253,32.2,1019244,40758258
426093,13634976,2026-02-07 05:55,968552,36697085,0,0,1456,46592,50692,4061176,0,-8,0,560.0,17.5,182,0.8,7253,32.2,1019244,40758261
426094,13635008,2026-02-07 06:01,968552,36697090,0,0,1448,46336,50692,4061176,0,-8,0,560.0,17.5,181,0.8,7253,32.2,1019244,40758266
426095,13635040,2026-02-07 06:08,968552,36697092,0,0,1440,46080,50692,4061176,0,-8,0,560.0,17.5,180,0.8,7253,32.2,1019244,40758268
426096,13635072,2026-02-07 06:14,968552,36697096,0,0,1432,45824,50696,4061304,0,-8,0,560.0,17.5,179,0.8,7253,32.2,1019248,40758400
426097,13635104,2026-02-07 06:21,968552,36699098,0,0,1424,45568,50696,4059336,0,-8,0,560.0,17.5,178,0.8,7249,32.2,1019248,40758434
426098,13635136,2026-02-07 06:27,968552,36699100,0,0,1416,45312,50696,4059336,0,-8,0,560.0,17.5,177,0.8,7249,32.2,1019248,40758436
426099,13635168,2026-02-07 06:33,968552,36699104,0,0,1408,45056,50697,4059367,0,-8,0,560.0,17.5,176,0.8,7249,32.2,1019249,40758471
426100,13635200,2026-02-07 06:40,968552,36699107,0,0,1400,44800,50701,4059495,0,-8,0,560.0,17.5,175,0.8,7249,32.2,1019253,40758602
426101,13635232,2026-02-07 06:46,968552,36699110,0,0,1392,44544,50701,4059495,0,-8,0,560.0,17.5,174,0.8,7249,32.2,1019253,40758605
426102,13635264,2026-02-07 06:53,968552,36699111,0,0,1384,44288,50701,4059495,0,-8,0,560.0,17.5,173,0.8,7249,32.2,1019253,40758606
426103,13635296,2026-02-07 06:59,968552,36699114,0,0,1376,44032,50701,4059495,0,-8,0,560.0,17.5,172,0.8,7249,32.2,1019253,40758609
426104,13635328,2026-02-07 07:05,968552,36699117,0,0,1368,43776,50701,4059495,0,-8,0,560.0,17.5,171,0.8,7249,32.2,1019253,40758612
426105,13635360,2026-02-07 07:12,968552,36701119,0,0,1360,43520,50701,4059495,0,-8,0,560.0,17.5,170,0.8,7249,32.2,1019253,40760614
426106,13635392,2026-02-07 07:18,968552,36701119,0,0,1352,43264,50711,4057847,0,-8,0,560.0,17.5,169,0.8,7246,32.2,1019263,40758966
426107,13635424,2026-02-07 07:25,968552,36701121,0,0,1344,43008,50715,4057975,0,-8,0,560.0,17.5,168,0.7,7246,32.2,1019267,40759096
426108,13635456,2026-02-07 07:31,968552,36701122,0,0,1336,42752,50715,4057975,0,-8,0,560.0,17.5,167,0.7,7246,32.2,1019267,40759097
426109,13635488,2026-02-07 07:37,968551,36701091,0,0,1329,42528,50717,4058041,-1,-7,0,560.0,17.5,166,0.7,7246,32.2,1019268,40759132
426110,13635520,2026-02-07 07:44,968551,36701093,0,0,1321,42272,50717,4058041,0,-8,0,560.0,17.5,165,0.7,7246,32.2,1019268,40759134
426111,13635552,2026-02-07 07:50,968551,36701098,0,0,1313,42016,50717,4058041,0,-8,0,560.0,17.5,164,0.7,7246,32.2,1019268,40759139
426112,13635584,2026-02-07 07:57,968551,36701099,0,0,1305,41760,50717,4058041,0,-8,0,560.0,17.5,163,0.7,7246,32.2,1019268,40759140
426113,13635616,2026-02-07 08:03,968550,36703069,0,0,1298,41536,50716,4056041,-1,-7,0,560.0,17.5,162,0.7,7242,32.2,1019266,40759110
426114,13635648,2026-02-07 08:09,968550,36703071,0,0,1290,41280,50716,4056041,0,-8,0,560.0,17.5,161,0.7,7242,32.2,1019266,40759112
426115,13635680,2026-02-07 08:16,968550,36703073,0,0,1282,41024,50716,4056041,0,-8,0,560.0,17.5,160,0.7,7242,32.2,1019266,40759114
426116,13635712,2026-02-07 08:22,968550,36703074,0,0,1274,40768,50717,4056073,0,-8,0,560.0,17.5,159,0.7,7242,32.2,1019267,40759147
426117,13635744,2026-02-07 08:29,968550,36703075,0,0,1266,40512,50717,4056073,0,-8,0,560.0,17.5,158,0.7,7242,32.2,1019267,40759148
426118,13635776,2026-02-07 08:35,968544,36702883,0,0,1264,40448,50717,4056073,-6,-2,0,560.0,17.5,158,0.7,7242,32.2,1019261,40758956
426119,13635808,2026-02-07 08:41,968544,36702885,0,0,1256,40192,50717,4056073,0,-8,0,560.0,17.5,157,0.7,7242,32.2,1019261,40758958
426120,13635840,2026-02-07 08:48,968544,36702885,0,0,1248,39936,50717,4056073,0,-8,0,560.0,17.5,156,0.7,7242,32.2,1019261,40758958
426121,13635872,2026-02-07 08:54,968544,36704890,0,0,1240,39680,50716,4054073,0,-8,0,560.1,17.5,155,0.7,7238,32.2,1019260,40758963
426122,13635904,2026-02-07 09:01,968544,36704892,0,0,1232,39424,50716,4054073,0,-8,0,560.1,17.5,154,0.7,7238,32.2,1019260,40758965
426123,13635936,2026-02-07 09:07,968544,36704894,0,0,1224,39168,50716,4054073,0,-8,0,560.1,17.5,153,0.7,7238,32.2,1019260,40758967
426124,13635968,2026-02-07 09:13,968544,36704881,0,0,1216,38912,50717,4054073,0,-8,0,560.1,17.5,152,0.7,7238,32.2,1019261,40758954
426125,13636000,2026-02-07 09:20,968544,36704885,0,0,1208,38656,50720,4054169,0,-8,0,560.1,17.5,151,0.7,7239,32.2,1019264,40759054
426126,13636032,2026-02-07 09:26,968538,36704696,0,0,1206,38592,50722,4054233,-6,-2,0,560.1,17.5,151,0.7,7239,32.2,1019260,40758929
426127,13636064,2026-02-07 09:33,968538,36704696,0,0,1198,38336,50723,4054252,0,-8,0,560.1,17.5,150,0.7,7239,32.2,1019261,40758948
426128,13636096,2026-02-07 09:39,968538,36704697,0,0,1190,38080,50726,4054348,0,-8,0,560.1,17.5,149,0.7,7239,32.2,1019264,40759045
426129,13636128,2026-02-07 09:45,968538,36706699,0,0,1182,37824,50725,4052348,0,-8,0,560.1,17.5,148,0.7,7235,32.2,1019263,40759047
426130,13636160,2026-02-07 09:52,968538,36706700,0,0,1174,37568,50725,4052348,0,-8,0,560.1,17.5,147,0.7,7235,32.2,1019263,40759048
426131,13636192,2026-02-07 09:58,968538,36706701,0,0,1166,37312,50725,4052348,0,-8,0,560.1,17.5,146,0.6,7235,32.2,1019263,40759049
426132,13636224,2026-02-07 10:05,968538,36706703,0,0,1158,37056,50725,4052348,0,-8,0,560.1,17.5,145,0.6,7235,32.2,1019263,40759051
426133,13636256,2026-02-07 10:11,968538,36706707,0,0,1150,36800,50725,4052348,0,-8,0,560.1,17.5,144,0.6,7235,32.2,1019263,40759055
426134,13636288,2026-02-07 10:17,968538,36706710,0,0,1142,36544,50726,4052380,0,-8,0,560.1,17.5,143,0.6,7235,32.2,1019264,40759090
426135,13636320,2026-02-07 10:24,968538,36706710,0,0,1134,36288,50726,4052380,0,-8,0,560.1,17.5,142,0.6,7235,32.2,1019264,40759090
426136,13636352,2026-02-07 10:30,968538,36708711,0,0,1126,36032,50726,4052380,0,-8,0,560.1,17.5,141,0.6,7235,32.2,1019264,40761091
426137,13636384,2026-02-07 10:37,968538,36708712,0,0,1118,35776,50726,4050412,0,-8,0,560.1,17.5,140,0.6,7231,32.1,1019264,40759124
426138,13636416,2026-02-07 10:43,968538,36708714,0,0,1110,35520,50726,4050412,0,-8,0,560.1,17.5,139,0.6,7231,32.1,1019264,40759126
426139,13636448,2026-02-07 10:49,968538,36708714,0,0,1102,35264,50726,4050412,0,-8,0,560.1,17.5,138,0.6,7231,32.1,1019264,40759126
426140,13636480,2026-02-07 10:56,968538,36708718,0,0,1094,35008,50727,4050444,0,-8,0,560.1,17.5,137,0.6,7231,32.1,1019265,40759162
426141,13636512,2026-02-07 11:02,968538,36708721,0,0,1086,34752,50727,4050444,0,-8,0,560.1,17.5,136,0.6,7231,32.1,1019265,40759165
426142,13636544,2026-02-07 11:09,968538,36708723,0,0,1078,34496,50727,4050444,0,-8,0,560.1,17.5,135,0.6,7231,32.1,1019265,40759167
426143,13636576,2026-02-07 11:15,968538,36708723,0,0,1070,34240,50728,4050476,0,-8,0,560.1,17.5,134,0.6,7231,32.1,1019266,40759199
426144,13636608,2026-02-07 11:21,968531,36710500,0,0,1069,34208,50733,4048668,-7,-1,0,560.2,17.5,134,0.6,7228,32.1,1019264,40759168
426145,13636640,2026-02-07 11:28,968531,36710503,0,0,1061,33952,50733,4048668,0,-8,0,560.2,17.5,133,0.6,7228,32.1,1019264,40759171
426146,13636672,2026-02-07 11:34,968531,36710504,0,0,1053,33696,50733,4048668,0,-8,0,560.2,17.5,132,0.6,7228,32.1,1019264,40759172
426147,13636704,2026-02-07 11:41,968531,36710505,0,0,1045,33440,50733,4048668,0,-8,0,560.2,17.5,131,0.6,7228,32.1,1019264,40759173
426148,13636736,2026-02-07 11:47,968531,36710508,0,0,1037,33184,50733,4048668,0,-8,0,560.2,17.5,130,0.6,7228,32.1,1019264,40759176
426149,13636768,2026-02-07 11:53,968531,36710509,0,0,1029,32928,50733,4048668,0,-8,0,560.2,17.5,129,0.6,7228,32.1,1019264,40759177
426150,13636800,2026-02-07 12:00,968531,36710511,0,0,1021,32672,50734,4048732,0,-8,0,560.2,17.5,128,0.6,7228,32.1,1019265,40759243
426151,13636832,2026-02-07 12:06,968531,36710511,0,0,1013,32416,50735,4048764,0,-8,0,560.2,17.5,127,0.6,7228,32.1,1019266,40759275
426152,13636864,2026-02-07 12:13,968531,36712513,0,0,1005,32160,50739,4047091,0,-8,0,560.2,17.5,126,0.6,7225,32.1,1019270,40759604
426153,13636896,2026-02-07 12:19,968531,36712514,0,0,997,31904,50739,4047091,0,-8,0,560.2,17.5,125,0.6,7225,32.1,1019270,40759605
426154,13636928,2026-02-07 12:25,968531,36712516,0,0,989,31648,50741,4047155,0,-8,0,560.2,17.5,124,0.6,7225,32.1,1019272,40759671
426155,13636960,2026-02-07 12:32,968529,36712453,0,0,983,31456,50742,4047187,-2,-6,0,560.2,17.5,123,0.5,7225,32.1,1019271,40759640
426156,13636992,2026-02-07 12:38,968529,36712455,0,0,975,31200,50752,4047507,0,-8,0,560.2,17.5,122,0.5,7225,32.1,1019281,40759962
426157,13637024,2026-02-07 12:45,968529,36712455,0,0,967,30944,50764,4047891,0,-8,0,560.2,17.5,121,0.5,7226,32.1,1019293,40760346
426158,13637056,2026-02-07 12:51,968529,36712457,0,0,959,30688,50764,4047891,0,-8,0,560.2,17.5,120,0.5,7226,32.1,1019293,40760348
426159,13637088,2026-02-07 12:57,968529,36712458,0,0,951,30432,50764,4047891,0,-8,0,560.2,17.5,119,0.5,7226,32.1,1019293,40760349
426160,13637120,2026-02-07 13:04,968529,36714460,0,0,943,30176,50765,4047923,0,-8,0,560.2,17.5,118,0.5,7226,32.1,1019294,40762383
426161,13637152,2026-02-07 13:10,968529,36714462,0,0,935,29920,50765,4045955,0,-8,0,560.2,17.5,117,0.5,7222,32.1,1019294,40760417
426162,13637184,2026-02-07 13:17,968529,36714242,0,0,927,29664,50768,4046025,0,-8,0,560.2,17.5,116,0.5,7222,32.1,1019297,40760267
426163,13637216,2026-02-07 13:23,968529,36714243,0,0,919,29408,50768,4046025,0,-8,0,560.2,17.5,115,0.5,7222,32.1,1019297,40760268
426164,13637248,2026-02-07 13:29,968529,36714243,0,0,911,29152,50768,4046025,0,-8,0,560.2,17.5,114,0.5,7222,32.1,1019297,40760268
426165,13637280,2026-02-07 13:36,968529,36714244,0,0,903,28896,50768,4046025,0,-8,0,560.2,17.5,113,0.5,7222,32.1,1019297,40760269
426166,13637312,2026-02-07 13:42,968528,36714214,0,0,896,28672,50768,4046025,-1,-7,0,560.2,17.5,112,0.5,7222,32.1,1019296,40760239
426167,13637344,2026-02-07 13:49,968528,36714213,0,0,888,28416,50768,4046025,0,-8,0,560.2,17.5,111,0.5,7222,32.1,1019296,40760238
426168,13637376,2026-02-07 13:55,968528,36716214,0,0,880,28160,50767,4044025,0,-8,0,560.2,17.5,110,0.5,7218,32.1,1019295,40760239
426169,13637408,2026-02-07 14:01,968528,36716217,0,0,872,27904,50767,4044025,0,-8,0,560.2,17.5,109,0.5,7218,32.1,1019295,40760242
426170,13637440,2026-02-07 14:08,968528,36716221,0,0,864,27648,50767,4044025,0,-8,0,560.2,17.5,108,0.5,7218,32.1,1019295,40760246
426171,13637472,2026-02-07 14:14,968528,36716062,0,0,856,27392,50769,4044090,0,-8,0,560.2,17.5,107,0.5,7218,32.1,1019297,40760152
426172,13637504,2026-02-07 14:21,968484,36714656,0,0,892,28544,50769,4044090,-44,36,0,560.2,17.5,112,0.5,7219,32.1,1019253,40758746
426173,13637536,2026-02-07 14:27,968484,36714657,0,0,884,28288,50770,4044122,0,-8,0,560.2,17.5,110,0.5,7219,32.1,1019254,40758779
426174,13637568,2026-02-07 14:33,968484,36714658,0,0,876,28032,50770,4044122,0,-8,0,560.2,17.5,110,0.5,7219,32.1,1019254,40758780
426175,13637600,2026-02-07 14:40,968484,36714661,0,0,868,27776,50770,4044122,0,-8,0,560.2,17.5,108,0.5,7219,32.1,1019254,40758783
426176,13637632,2026-02-07 14:46,968484,36716666,0,0,860,27520,50770,4044122,0,-8,0,560.3,17.5,108,0.5,7218,32.1,1019254,40760788
426177,13637664,2026-02-07 14:53,968484,36716667,0,0,852,27264,50770,4042261,0,-8,0,560.3,17.5,106,0.5,7215,32.1,1019254,40758928
426178,13637696,2026-02-07 14:59,968484,36716670,0,0,844,27008,50770,4042261,0,-8,0,560.3,17.5,106,0.5,7215,32.1,1019254,40758931
426179,13637728,2026-02-07 15:05,968484,36716673,0,0,836,26752,50770,4042261,0,-8,0,560.3,17.5,104,0.5,7215,32.1,1019254,40758934
426180,13637760,2026-02-07 15:12,968484,36716673,0,0,828,26496,50770,4042261,0,-8,0,560.3,17.5,104,0.5,7215,32.1,1019254,40758934
426181,13637792,2026-02-07 15:18,968484,36716674,0,0,820,26240,50775,4042421,0,-8,0,560.3,17.5,102,0.5,7215,32.1,1019259,40759095
426182,13637824,2026-02-07 15:25,968484,36716676,0,0,812,25984,50776,4042423,0,-8,0,560.3,17.5,102,0.5,7215,32.1,1019260,40759099
426183,13637856,2026-02-07 15:31,968484,36718677,0,0,804,25728,50774,4040391,0,-8,0,560.3,17.5,100,0.4,7211,32.0,1019258,40759068
426184,13637888,2026-02-07 15:37,968483,36718647,1,32,797,25504,50767,4040167,-1,-7,1,560.3,17.5,100,0.4,7211,32.0,1019250,40758814
426185,13637920,2026-02-07 15:44,968483,36718656,9,288,789,25248,50759,4039937,0,-8,8,560.3,17.5,99,0.4,7211,32.0,1019242,40758593
426186,13637952,2026-02-07 15:50,968483,36718657,16,512,781,24992,50757,4039873,0,-8,7,560.3,17.5,98,0.4,7210,32.0,1019240,40758530
426187,13637984,2026-02-07 15:57,968483,36718661,18,576,773,24736,50757,4039873,0,-8,2,560.3,17.5,97,0.4,7210,32.0,1019240,40758534
426188,13638016,2026-02-07 16:03,968483,36718661,18,576,765,24480,50757,4039873,0,-8,0,560.3,17.5,96,0.4,7210,32.0,1019240,40758534
426189,13638048,2026-02-07 16:09,968482,36718631,18,576,758,24256,50757,4039873,-1,-7,0,560.3,17.5,95,0.4,7210,32.0,1019239,40758504
426190,13638080,2026-02-07 16:16,968483,36718664,17,544,750,24000,50757,4039873,1,-8,-1,560.3,17.5,94,0.4,7210,32.0,1019240,40758537
426191,13638112,2026-02-07 16:22,968491,36718921,9,288,742,23744,50760,4039942,8,-8,-8,560.3,17.5,93,0.4,7210,32.0,1019251,40758863
426192,13638144,2026-02-07 16:29,968498,36719150,2,64,734,23488,50760,4039942,7,-8,-7,560.3,17.5,92,0.4,7210,32.0,1019258,40759092
426193,13638176,2026-02-07 16:35,968494,36719024,0,0,732,23424,50759,4038022,-4,-2,-2,560.3,17.5,92,0.4,7207,32.0,1019253,40757046
426194,13638208,2026-02-07 16:41,968494,36719026,1,1920,724,23168,50760,4038054,0,-8,1,560.3,17.5,90,0.4,7207,32.0,1019254,40757080
426195,13638240,2026-02-07 16:48,968494,36719026,1,1920,716,22912,50765,4038217,0,-8,0,560.3,17.5,90,0.4,7207,32.0,1019259,40757243
426196,13638272,2026-02-07 16:54,968486,36718770,1,1920,716,22912,50766,4038241,-8,0,0,560.3,17.5,90,0.4,7207,32.0,1019252,40757011
426197,13638304,2026-02-07 17:01,968486,36718775,1,1920,708,22656,50767,4038273,0,-8,0,560.3,17.5,88,0.4,7208,32.0,1019253,40757048
426198,13638336,2026-02-07 17:07,968486,36718775,1,1920,700,22400,50767,4038273,0,-8,0,560.3,17.5,88,0.4,7208,32.0,1019253,40757048
426199,13638368,2026-02-07 17:13,968486,36718778,1,1920,692,22144,50767,4038273,0,-8,0,560.3,17.5,86,0.4,7208,32.0,1019253,40757051
426200,13638400,2026-02-07 17:20,968487,36720699,0,0,684,21888,50769,4038337,1,-8,-1,560.3,17.5,86,0.4,7207,32.0,1019256,40759036
426201,13638432,2026-02-07 17:26,968487,36720702,0,0,676,21632,50768,4036417,0,-8,0,560.3,17.5,84,0.4,7204,32.0,1019255,40757119
426202,13638464,2026-02-07 17:33,968487,36720702,1,1920,668,21376,50768,4036417,0,-8,1,560.3,17.5,84,0.4,7204,32.0,1019255,40757119
426203,13638496,2026-02-07 17:39,968487,36720703,1,1920,660,21120,50768,4036417,0,-8,0,560.3,17.5,82,0.4,7204,32.0,1019255,40757120
426204,13638528,2026-02-07 17:45,968486,36720673,1,1920,653,20896,50768,4036417,-1,-7,0,560.3,17.5,82,0.4,7204,32.0,1019254,40757090
426205,13638560,2026-02-07 17:52,968486,36720674,1,1920,645,20640,50768,4036417,0,-8,0,560.3,17.5,81,0.4,7204,32.0,1019254,40757091
426206,13638592,2026-02-07 17:58,968486,36720675,1,1920,640,20480,50768,4036417,0,-5,0,560.3,17.5,80,0.4,7204,32.0,1019254,40757092
426207,13638624,2026-02-07 18:05,968485,36720474,1,1920,633,20426,50768,4036417,-1,-7,0,560.3,17.5,79,0.4,7204,32.0,1019253,40756891
426208,13638656,2026-02-07 18:11,968486,36722397,0,0,625,20170,50767,4034497,1,-8,-1,560.3,17.5,78,0.3,7200,32.0,1019253,40756894
426209,13638688,2026-02-07 18:17,968486,36722397,1,1920,617,19914,50777,4034817,0,-8,1,560.3,17.5,77,0.3,7201,32.0,1019263,40757214
426210,13638720,2026-02-07 18:24,968486,36722400,1,1920,609,19658,50777,4034817,0,-8,0,560.3,17.5,76,0.3,7201,32.0,1019263,40757217
426211,13638752,2026-02-07 18:30,968475,36722048,1,1920,612,19754,50777,4034817,-11,3,0,560.3,17.5,76,0.3,7201,32.0,1019252,40756865
426212,13638784,2026-02-07 18:37,968475,36722049,1,1920,604,19498,50778,4034849,0,-8,0,560.3,17.5,76,0.3,7201,32.0,1019253,40756898
426213,13638816,2026-02-07 18:43,968475,36722050,1,1920,596,19242,50778,4034849,0,-8,0,560.3,17.5,74,0.3,7201,32.0,1019253,40756899
426214,13638848,2026-02-07 18:49,968475,36722053,1,1920,588,18986,50778,4034849,0,-8,0,560.3,17.5,74,0.3,7201,32.0,1019253,40756902
426215,13638880,2026-02-07 18:56,968476,36723975,0,0,580,18730,50778,4034849,1,-8,-1,560.4,17.5,72,0.3,7200,32.0,1019254,40758824
426216,13638912,2026-02-07 19:02,968476,36723978,0,0,572,18474,50778,4034849,0,-8,0,560.4,17.5,72,0.3,7200,32.0,1019254,40758827
426217,13638944,2026-02-07 19:09,968476,36723978,1,1920,564,18218,50778,4032961,0,-8,1,560.4,17.5,70,0.3,7197,32.0,1019254,40756939
426219,13639008,2026-02-07 19:21,968476,36723980,1,1920,548,17706,50778,4032961,0,-16,0,560.4,17.5,68,0.3,7197,32.0,1019254,40756941
426220,13639040,2026-02-07 19:28,968476,36723981,1,1920,540,17450,50778,4032961,0,-8,0,560.4,17.5,68,0.3,7197,32.0,1019254,40756942
426221,13639072,2026-02-07 19:34,968476,36723987,1,1920,532,17194,50778,4032961,0,-8,0,560.4,17.5,66,0.3,7197,32.0,1019254,40756948
426222,13639104,2026-02-07 19:41,968476,36723990,1,1920,524,16938,50779,4032993,0,-8,0,560.4,17.5,66,0.3,7197,32.0,1019255,40756983
426223,13639136,2026-02-07 19:47,968477,36725911,0,0,516,16682,50778,4031073,1,-8,-1,560.4,17.5,64,0.3,7193,32.0,1019255,40756984
426224,13639168,2026-02-07 19:53,968477,36725913,1,1920,508,16426,50778,4031073,0,-8,1,560.4,17.5,64,0.3,7193,32.0,1019255,40756986
426225,13639200,2026-02-07 20:00,968471,36725722,1,1920,506,16362,50778,4031073,-6,-2,0,560.4,17.5,63,0.3,7193,32.0,1019249,40756795
426226,13639232,2026-02-07 20:06,968471,36725724,1,1920,498,16106,50778,4031073,0,-8,0,560.4,17.5,62,0.3,7193,32.0,1019249,40756797
426227,13639264,2026-02-07 20:13,968471,36725726,1,1920,490,15850,50779,4031105,0,-8,0,560.4,17.5,61,0.3,7193,32.0,1019250,40756831
426228,13639296,2026-02-07 20:19,968471,36725728,1,1920,482,15594,50780,4031137,0,-8,0,560.4,17.5,60,0.3,7193,32.0,1019251,40756865
426229,13639328,2026-02-07 20:25,968469,36725666,1,1920,476,15402,50784,4031265,-2,-6,0,560.4,17.5,60,0.3,7194,32.0,1019253,40756931
426230,13639360,2026-02-07 20:32,968463,36727367,0,0,475,15370,50784,4031265,-6,-1,-1,560.4,17.5,59,0.3,7193,32.0,1019247,40758632
426231,13639392,2026-02-07 20:38,968424,36726184,0,0,506,16362,50783,4029345,-39,31,0,560.4,17.5,63,0.3,7190,32.0,1019207,40755529
426232,13639424,2026-02-07 20:45,968417,36725963,1,1920,505,16330,50784,4029416,-7,-1,1,560.4,17.5,63,0.3,7190,32.0,1019201,40755379
426233,13639456,2026-02-07 20:51,968410,36725744,1,1920,504,16298,50784,4029416,-7,-1,0,560.4,17.5,63,0.3,7190,32.0,1019194,40755160
426234,13639488,2026-02-07 20:57,968410,36725746,1,1920,496,16042,50784,4029416,0,-8,0,560.4,17.5,62,0.3,7190,32.0,1019194,40755162
426235,13639520,2026-02-07 21:04,968408,36725682,1,1920,490,15850,50784,4029416,-2,-6,0,560.4,17.5,61,0.3,7190,32.0,1019192,40755098
426236,13639552,2026-02-07 21:10,968405,36725588,1,1920,485,15690,50784,4029416,-3,-5,0,560.4,17.5,61,0.3,7190,32.0,1019189,40755004
426237,13639584,2026-02-07 21:17,968404,36725561,1,1920,478,15466,50785,4029448,-1,-7,0,560.4,17.5,60,0.3,7190,32.0,1019189,40755009
426238,13639616,2026-02-07 21:23,968405,36727482,0,0,470,15210,50788,4029544,1,-8,-1,560.4,17.5,59,0.3,7190,32.0,1019193,40757026
426239,13639648,2026-02-07 21:29,968405,36727485,1,1920,462,14954,50788,4027656,0,-8,1,560.4,17.5,58,0.3,7187,31.9,1019193,40755141
426240,13639680,2026-02-07 21:36,968405,36727485,1,1920,454,14698,50788,4027656,0,-8,0,560.4,17.5,57,0.3,7187,31.9,1019193,40755141
426241,13639712,2026-02-07 21:42,968405,36727490,1,1920,446,14442,50788,4027656,0,-8,0,560.4,17.5,56,0.2,7187,31.9,1019193,40755146
426242,13639744,2026-02-07 21:49,968405,36727493,1,1920,438,14186,50789,4027688,0,-8,0,560.4,17.5,55,0.2,7187,31.9,1019194,40755181
426243,13639776,2026-02-07 21:55,968405,36727495,1,1920,430,13930,50789,4027688,0,-8,0,560.4,17.5,54,0.2,7187,31.9,1019194,40755183
426244,13639808,2026-02-07 22:01,968404,36727464,1,1920,423,13706,50789,4027688,-1,-7,0,560.4,17.5,53,0.2,7187,31.9,1019193,40755152
426245,13639840,2026-02-07 22:08,968405,36729384,0,0,415,13450,50876,4030472,1,-8,-1,560.4,17.5,52,0.2,7192,32.0,1019281,40759856
426246,13639872,2026-02-07 22:14,968405,36729387,0,0,407,13194,50906,4029544,0,-8,0,560.4,17.5,51,0.2,7190,32.0,1019311,40758931
426247,13639904,2026-02-07 22:21,968404,36729355,1,1920,400,12970,50935,4030472,-1,-7,1,560.4,17.5,50,0.2,7192,32.0,1019339,40759827
426248,13639936,2026-02-07 22:27,968404,36729357,1,1920,392,12714,50935,4030472,0,-8,0,560.4,17.5,49,0.2,7192,32.0,1019339,40759829
426249,13639968,2026-02-07 22:33,968404,36729357,1,1920,384,12458,50935,4030472,0,-8,0,560.4,17.5,48,0.2,7192,32.0,1019339,40759829
426250,13640000,2026-02-07 22:40,968404,36729354,1,1920,376,12202,50938,4030568,0,-8,0,560.4,17.5,47,0.2,7192,32.0,1019342,40759922
426251,13640032,2026-02-07 22:46,968404,36729356,1,1920,368,11946,50942,4030669,0,-8,0,560.4,17.5,46,0.2,7192,32.0,1019346,40760025
426252,13640064,2026-02-07 22:53,968404,36729359,1,1920,360,11690,50948,4030861,0,-8,0,560.4,17.5,45,0.2,7192,32.0,1019352,40760220
426253,13640096,2026-02-07 22:59,968405,36731280,0,0,352,11434,50951,4030957,1,-8,-1,560.5,17.5,44,0.2,7192,32.0,1019356,40762237
426254,13640128,2026-02-07 23:05,968405,36731280,1,1920,344,11178,50957,4029231,0,-8,1,560.5,17.5,43,0.2,7189,32.0,1019362,40760511
426255,13640160,2026-02-07 23:12,968405,36731282,1,1920,336,10922,50957,4029231,0,-8,0,560.5,17.5,42,0.2,7189,32.0,1019362,40760513
426256,13640192,2026-02-07 23:18,968405,36731284,1,1920,328,10666,50959,4029295,0,-8,0,560.5,17.5,41,0.2,7189,32.0,1019364,40760579
426257,13640224,2026-02-07 23:25,968405,36731284,1,1920,320,10410,50959,4029295,0,-8,0,560.5,17.5,40,0.2,7189,32.0,1019364,40760579
426258,13640256,2026-02-07 23:31,968403,36731222,1,1920,314,10218,50960,4029327,-2,-6,0,560.5,17.5,39,0.2,7189,32.0,1019363,40760549
426259,13640288,2026-02-07 23:37,968403,36731223,1,1920,306,9962,50960,4029327,0,-8,0,560.5,17.5,38,0.2,7189,32.0,1019363,40760550
426260,13640320,2026-02-07 23:44,968404,36733145,0,0,298,9706,50960,4029327,1,-8,-1,560.5,17.5,37,0.2,7189,32.0,1019364,40762472
426261,13640352,2026-02-07 23:50,968404,36733146,0,0,290,9450,50959,4027407,0,-8,0,560.5,17.5,36,0.2,7185,31.9,1019363,40760553
426262,13640384,2026-02-07 23:57,968404,36733147,1,1920,282,9194,50959,4027407,0,-8,1,560.5,17.5,35,0.2,7185,31.9,1019363,40760554
426263,13640416,2026-02-08 00:03,968404,36733147,1,1920,274,8938,50959,4027407,0,-8,0,560.5,17.5,34,0.2,7185,31.9,1019363,40760554
426264,13640448,2026-02-08 00:09,968404,36733152,1,1920,266,8682,50959,4027407,0,-8,0,560.5,17.5,33,0.1,7185,31.9,1019363,40760559
426265,13640480,2026-02-08 00:16,968404,36733153,1,1920,258,8426,50971,4027792,0,-8,0,560.5,17.5,32,0.1,7186,31.9,1019375,40760945
426266,13640512,2026-02-08 00:22,968404,36733155,1,1920,250,8170,50971,4027792,0,-8,0,560.5,17.5,31,0.1,7186,31.9,1019375,40760947
426267,13640544,2026-02-08 00:29,968404,36733159,1,1920,242,7914,50971,4027792,0,-8,0,560.5,17.5,30,0.1,7186,31.9,1019375,40760951
426268,13640576,2026-02-08 00:35,968398,36734857,0,0,241,7882,50970,4025872,-6,-1,-1,560.5,17.5,30,0.1,7182,31.9,1019368,40760729
426269,13640608,2026-02-08 00:41,968398,36734856,1,1920,233,7626,50970,4025872,0,-8,1,560.5,17.5,29,0.1,7182,31.9,1019368,40760728
426270,13640640,2026-02-08 00:48,968398,36734857,1,1920,225,7370,50970,4025872,0,-8,0,560.5,17.5,28,0.1,7182,31.9,1019368,40760729
426271,13640672,2026-02-08 00:54,968395,36734762,1,1920,220,7210,50975,4026032,-3,-5,0,560.5,17.5,28,0.1,7183,31.9,1019370,40760794
426272,13640704,2026-02-08 01:01,968395,36734732,1,1920,212,6954,50975,4026032,0,-8,0,560.5,17.5,26,0.1,7183,31.9,1019370,40760764
426273,13640736,2026-02-08 01:07,968395,36734734,1,1920,204,6698,50975,4026032,0,-8,0,560.5,17.5,26,0.1,7183,31.9,1019370,40760766
426274,13640768,2026-02-08 01:13,968395,36734740,1,1920,196,6442,50975,4026032,0,-8,0,560.5,17.5,24,0.1,7183,31.9,1019370,40760772
426275,13640800,2026-02-08 01:20,968396,36736660,0,0,188,6186,50984,4026320,1,-8,-1,560.6,17.5,24,0.1,7183,31.9,1019380,40762980
426276,13640832,2026-02-08 01:26,968396,36736661,0,0,180,5930,50983,4024400,0,-8,0,560.6,17.5,22,0.1,7179,31.9,1019379,40761061
426277,13640864,2026-02-08 01:33,968396,36736662,1,1920,172,5674,50983,4024400,0,-8,1,560.6,17.5,22,0.1,7179,31.9,1019379,40761062
426278,13640896,2026-02-08 01:39,968396,36736663,1,1920,164,5418,50983,4024400,0,-8,0,560.6,17.5,20,0.1,7179,31.9,1019379,40761063
426279,13640928,2026-02-08 01:45,968375,36735993,1,1920,177,5834,50983,4024400,-21,13,0,560.5,17.5,22,0.1,7179,31.9,1019358,40760393
426280,13640960,2026-02-08 01:52,968375,36735995,1,1920,169,5578,50983,4024400,0,-8,0,560.5,17.5,21,0.1,7179,31.9,1019358,40760395
426281,13640992,2026-02-08 01:58,968375,36735996,1,1920,161,5322,50985,4024464,0,-8,0,560.5,17.5,20,0.1,7180,31.9,1019360,40760460
426282,13641024,2026-02-08 02:05,968375,36736000,1,1920,153,5066,50988,4024744,0,-8,0,560.5,17.5,19,0.1,7180,31.9,1019363,40760744
426283,13641056,2026-02-08 02:11,968376,36737921,0,0,145,4810,50987,4022824,1,-8,-1,560.6,17.5,18,0.1,7176,31.9,1019363,40760745
426284,13641088,2026-02-08 02:17,968376,36737921,1,1920,137,4554,50987,4022824,0,-8,1,560.6,17.5,17,0.1,7176,31.9,1019363,40760745
426285,13641120,2026-02-08 02:24,968376,36737922,1,1920,129,4298,50989,4022888,0,-8,0,560.6,17.5,16,0.1,7176,31.9,1019365,40760810
426286,13641152,2026-02-08 02:30,968363,36737507,1,1920,134,4458,50989,4022888,-13,5,0,560.6,17.5,17,0.1,7176,31.9,1019352,40760395
426287,13641184,2026-02-08 02:37,968363,36737513,1,1920,132,4224,50989,4022888,0,-2,0,560.6,17.5,16,0.1,7176,31.9,1019352,40760401
426288,13641216,2026-02-08 02:43,968362,36737482,1,1920,125,4000,50989,4022888,-1,-7,0,560.6,17.5,16,0.1,7176,31.9,1019351,40760370
426289,13641248,2026-02-08 02:49,968357,36737326,1,1920,123,3936,50992,4022984,-5,-2,0,560.6,17.5,15,0.1,7177,31.9,1019349,40760310
426290,13641280,2026-02-08 02:56,968358,36739247,0,0,115,3680,50992,4022984,1,-8,-1,560.6,17.5,14,0.1,7176,31.9,1019350,40762231
426291,13641312,2026-02-08 03:02,968358,36739248,0,0,107,3424,50991,4021064,0,-8,0,560.6,17.5,13,0.1,7173,31.9,1019349,40760312
426292,13641344,2026-02-08 03:09,968358,36739250,1,1920,99,3168,50991,4021064,0,-8,1,560.6,17.5,12,0.1,7173,31.9,1019349,40760314
426293,13641376,2026-02-08 03:15,968358,36739254,1,1920,91,2912,50992,4021065,0,-8,0,560.6,17.5,11,0.0,7173,31.9,1019350,40760319
426294,13641408,2026-02-08 03:21,968358,36739256,1,1920,83,2656,50999,4021289,0,-8,0,560.6,17.5,10,0.0,7173,31.9,1019357,40760545
426295,13641440,2026-02-08 03:28,968358,36739256,1,1920,75,2400,50999,4021289,0,-8,0,560.6,17.5,9,0.0,7173,31.9,1019357,40760545
426296,13641472,2026-02-08 03:34,968358,36739257,1,1920,67,2144,50999,4021289,0,-8,0,560.6,17.5,8,0.0,7173,31.9,1019357,40760546
426297,13641504,2026-02-08 03:41,968358,36739257,1,1920,59,1888,51001,4021353,0,-8,0,560.6,17.5,7,0.0,7173,31.9,1019359,40760610
426298,13641536,2026-02-08 03:47,968359,36741180,0,0,52,1664,51000,4019433,1,-7,-1,560.6,17.5,6,0.0,7170,31.9,1019359,40760613
426299,13641568,2026-02-08 03:53,968359,36741181,1,1920,44,1408,51000,4019433,0,-8,1,560.6,17.5,6,0.0,7170,31.9,1019359,40760614
426300,13641600,2026-02-08 04:00,968359,36741185,1,1920,36,1152,51000,4019433,0,-8,0,560.6,17.5,4,0.0,7170,31.9,1019359,40760618
426301,13641632,2026-02-08 04:06,968359,36741189,1,1920,28,896,51000,4019433,0,-8,0,560.6,17.5,4,0.0,7170,31.9,1019359,40760622
426302,13641664,2026-02-08 04:13,968359,36741190,1,1920,20,640,51000,4019433,0,-8,0,560.6,17.5,2,0.0,7170,31.9,1019359,40760623
426303,13641696,2026-02-08 04:19,968359,36741190,1,1920,13,416,51000,4019433,0,-7,0,560.6,17.5,2,0.0,7170,31.9,1019359,40760623
426304,13641728,2026-02-08 04:25,968352,36740968,1,1920,12,384,51004,4019561,-7,-1,0,560.6,17.5,2,0.0,7170,31.9,1019356,40760529
426305,13641760,2026-02-08 04:32,968349,36742764,0,0,11,352,51004,4019561,-3,-1,-1,560.7,17.5,1,0.0,7169,31.9,1019353,40762325
426306,13641792,2026-02-08 04:38,968167,36736942,0,0,193,6176,51003,4017641,-182,182,0,560.6,17.5,24,0.1,7167,31.9,1019170,40754583
426307,13641824,2026-02-08 04:45,968151,36736432,1,1920,209,6688,51003,4017641,-16,16,1,560.6,17.5,26,0.1,7167,31.9,1019154,40754073
426308,13641856,2026-02-08 04:51,968128,36735699,1,1920,225,7200,51003,4017641,-23,16,0,560.5,17.5,28,0.1,7167,31.9,1019131,40753340
426309,13641888,2026-02-08 04:57,968120,36735445,1,1920,229,7328,51003,4017641,-8,4,0,560.5,17.5,29,0.1,7167,31.9,1019123,40753086
426310,13641920,2026-02-08 05:04,968112,36735190,1,1920,229,7328,51003,4017641,-8,0,0,560.5,17.5,29,0.1,7168,31.9,1019115,40752831
426311,13641952,2026-02-08 05:10,968112,36735193,1,1920,221,7072,51003,4017641,0,-8,0,560.5,17.5,28,0.1,7168,31.9,1019115,40752834
426312,13641984,2026-02-08 05:17,968112,36735195,1,1920,213,6816,51003,4017641,0,-8,0,560.5,17.5,27,0.1,7168,31.9,1019115,40752836
426313,13642016,2026-02-08 05:23,968111,36737054,0,0,207,6624,51006,4015849,-1,-6,-1,560.6,17.5,26,0.1,7164,31.8,1019117,40752903
426314,13642048,2026-02-08 05:29,968111,36737057,1,1920,199,6368,51006,4015849,0,-8,1,560.6,17.5,25,0.1,7164,31.8,1019117,40752906
426315,13642080,2026-02-08 05:36,968111,36737059,1,1920,191,6112,51009,4015956,0,-8,0,560.6,17.5,24,0.1,7164,31.8,1019120,40753015
426316,13642112,2026-02-08 05:42,968111,36737061,1,1920,183,5856,51009,4015956,0,-8,0,560.6,17.5,23,0.1,7164,31.8,1019120,40753017
426317,13642144,2026-02-08 05:49,968111,36737065,1,1920,175,5600,51009,4015956,0,-8,0,560.6,17.5,22,0.1,7164,31.8,1019120,40753021
426318,13642176,2026-02-08 05:55,968111,36737056,1,1920,167,5344,51009,4015956,0,-8,0,560.6,17.5,21,0.1,7164,31.8,1019120,40753012
426319,13642208,2026-02-08 06:01,968111,36737036,1,1920,159,5088,51009,4015956,0,-8,0,560.6,17.5,20,0.1,7164,31.8,1019120,40752992
426320,13642240,2026-02-08 06:08,968112,36738957,0,0,151,4832,51011,4016020,1,-8,-1,560.6,17.5,19,0.1,7164,31.8,1019123,40754977
426321,13642272,2026-02-08 06:14,968112,36738958,0,0,143,4576,51015,4014260,0,-8,0,560.6,17.5,18,0.1,7161,31.8,1019127,40753218
426322,13642304,2026-02-08 06:21,968112,36738959,1,1920,135,4320,51016,4014292,0,-8,1,560.6,17.5,17,0.1,7161,31.8,1019128,40753251
426323,13642336,2026-02-08 06:27,968112,36738962,1,1920,127,4064,51016,4014292,0,-8,0,560.6,17.5,16,0.1,7161,31.8,1019128,40753254
426324,13642368,2026-02-08 06:33,968112,36738963,1,1920,119,3808,51016,4014292,0,-8,0,560.6,17.5,15,0.1,7161,31.8,1019128,40753255
426325,13642400,2026-02-08 06:40,968109,36738868,1,1920,114,3648,51016,4014292,-3,-5,0,560.6,17.5,14,0.1,7161,31.8,1019125,40753160
426326,13642432,2026-02-08 06:46,968109,36738869,1,1920,106,3392,51016,4014292,0,-8,0,560.6,17.5,13,0.1,7161,31.8,1019125,40753161
426327,13642464,2026-02-08 06:53,968109,36738870,1,1920,98,3136,51016,4014292,0,-8,0,560.6,17.5,12,0.1,7161,31.8,1019125,40753162
426328,13642496,2026-02-08 06:59,968110,36740791,0,0,90,2880,51015,4012372,1,-8,-1,560.6,17.5,11,0.0,7157,31.8,1019125,40753163
426329,13642528,2026-02-08 07:05,968110,36740791,1,1920,82,2624,51015,4012372,0,-8,1,560.6,17.5,10,0.0,7157,31.8,1019125,40753163
426330,13642560,2026-02-08 07:12,968110,36740793,1,1920,74,2368,51015,4012372,0,-8,0,560.6,17.5,9,0.0,7157,31.8,1019125,40753165
426331,13642592,2026-02-08 07:18,968110,36740794,1,1920,66,2112,51019,4012500,0,-8,0,560.6,17.5,8,0.0,7157,31.8,1019129,40753294
426332,13642624,2026-02-08 07:25,968104,36740603,1,1920,64,2048,51019,4012500,-6,-2,0,560.6,17.5,8,0.0,7157,31.8,1019123,40753103
426333,13642656,2026-02-08 07:31,968104,36740606,1,1920,56,1792,51019,4012500,0,-8,0,560.6,17.5,7,0.0,7157,31.8,1019123,40753106
426334,13642688,2026-02-08 07:37,968104,36740608,1,1920,48,1536,51019,4012500,0,-8,0,560.6,17.5,6,0.0,7157,31.8,1019123,40753108
426335,13642720,2026-02-08 07:44,968093,36742145,0,0,52,1664,51019,4012500,-11,4,-1,560.6,17.5,6,0.0,7157,31.8,1019112,40754645
426336,13642752,2026-02-08 07:50,968093,36742149,0,0,44,1408,51019,4010612,0,-8,0,560.6,17.5,6,0.0,7154,31.8,1019112,40752761
426337,13642784,2026-02-08 07:57,968083,36741719,1,1920,46,1472,51019,4010612,-10,2,1,560.6,17.5,6,0.0,7154,31.8,1019102,40752331
426338,13642816,2026-02-08 08:03,968083,36741721,1,1920,39,1248,51019,4010612,0,-7,0,560.6,17.5,5,0.0,7154,31.8,1019102,40752333
426339,13642848,2026-02-08 08:09,968083,36741624,1,1920,31,992,51019,4010612,0,-8,0,560.6,17.5,4,0.0,7154,31.8,1019102,40752236
426340,13642880,2026-02-08 08:16,968082,36741593,1,1920,24,768,51019,4010612,-1,-7,0,560.6,17.5,3,0.0,7154,31.8,1019101,40752205
426341,13642912,2026-02-08 08:22,968082,36741596,1,1920,16,512,51022,4010708,0,-8,0,560.6,17.5,2,0.0,7154,31.8,1019104,40752304
426342,13642944,2026-02-08 08:29,968082,36741599,1,1920,8,256,51022,4010708,0,-8,0,560.6,17.5,1,0.0,7154,31.8,1019104,40752307
426343,13642976,2026-02-08 08:35,968075,36743263,0,0,9,288,51021,4008788,-7,1,-1,560.7,17.5,1,0.0,7150,31.8,1019096,40752051
426344,13643008,2026-02-08 08:41,968075,36743264,1,1920,8,256,51021,4008788,0,-1,1,560.7,17.5,1,0.0,7150,31.8,1019096,40752052
426345,13643040,2026-02-08 08:48,968075,36743265,1,1920,8,256,51021,4008788,0,0,0,560.7,17.5,1,0.0,7150,31.8,1019096,40752053
426346,13643072,2026-02-08 08:54,968075,36743265,1,1920,8,256,51023,4008852,0,0,0,560.7,17.5,1,0.0,7150,31.8,1019098,40752117
426347,13643104,2026-02-08 09:01,968069,36743039,1,1920,6,192,51023,4008852,-6,-2,0,560.7,17.5,1,0.0,7150,31.8,1019092,40751891
426348,13643136,2026-02-08 09:07,968069,36743040,1,1920,6,192,51023,4008852,0,0,0,560.7,17.5,1,0.0,7150,31.8,1019092,40751892
426349,13643168,2026-02-08 09:13,968069,36743042,1,1920,6,192,51024,4008884,0,0,0,560.7,17.5,1,0.0,7150,31.8,1019093,40751926
426350,13643200,2026-02-08 09:20,968070,36744965,0,0,6,192,51030,4009053,1,0,-1,560.7,17.5,1,0.0,7150,31.8,1019100,40754018
426351,13643232,2026-02-08 09:26,968070,36744965,0,0,0,0,51031,4009054,0,-6,0,560.7,17.5,0,0.0,7150,31.8,1019101,40754019
426352,13643264,2026-02-08 09:33,968070,36744966,1,1920,0,0,51032,4007198,0,0,1,560.7,17.5,0,0.0,7147,31.8,1019102,40752164
426353,13643296,2026-02-08 09:39,968066,36744839,1,1920,4,128,51032,4007198,-4,4,0,560.7,17.5,0,0.0,7147,31.8,1019098,40752037
426354,13643328,2026-02-08 09:45,968066,36744841,1,1920,4,128,51032,4007198,0,0,0,560.7,17.5,0,0.0,7147,31.8,1019098,40752039
426355,13643360,2026-02-08 09:52,968066,36744844,1,1920,4,128,51033,4007230,0,0,0,560.7,17.5,0,0.0,7147,31.8,1019099,40752074
426356,13643392,2026-02-08 09:58,968066,36744844,1,1920,4,128,51033,4007230,0,0,0,560.7,17.5,0,0.0,7147,31.8,1019099,40752074
426357,13643424,2026-02-08 10:05,968066,36744845,1,1920,0,0,51033,4007230,0,-4,0,560.7,17.5,0,0.0,7147,31.8,1019099,40752075
426358,13643456,2026-02-08 10:11,968067,36746768,0,0,0,0,51032,4005310,1,0,-1,560.7,17.5,0,0.0,7143,31.7,1019099,40752078
426359,13643488,2026-02-08 10:17,968067,36746769,1,1920,0,0,51036,4005438,0,0,1,560.7,17.5,0,0.0,7143,31.7,1019103,40752207
426360,13643520,2026-02-08 10:24,968067,36746771,1,1920,0,0,51036,4005438,0,0,0,560.7,17.5,0,0.0,7143,31.7,1019103,40752209
426361,13643552,2026-02-08 10:30,968067,36746775,1,1920,0,0,51036,4005438,0,0,0,560.7,17.5,0,0.0,7143,31.7,1019103,40752213
426362,13643584,2026-02-08 10:37,968067,36746777,1,1920,0,0,51036,4005438,0,0,0,560.7,17.5,0,0.0,7143,31.7,1019103,40752215
426363,13643616,2026-02-08 10:43,968067,36746779,1,1920,0,0,51036,4005438,0,0,0,560.7,17.5,0,0.0,7143,31.7,1019103,40752217
426364,13643648,2026-02-08 10:49,968067,36746781,1,1920,0,0,51036,4005438,0,0,0,560.7,17.5,0,0.0,7143,31.7,1019103,40752219
426365,13643680,2026-02-08 10:56,968068,36748705,0,0,0,0,51037,4005470,1,0,-1,560.7,17.5,0,0.0,7143,31.7,1019105,40754175
426366,13643712,2026-02-08 11:02,968068,36748705,0,0,0,0,51036,4003550,0,0,0,560.7,17.5,0,0.0,7140,31.7,1019104,40752255
426367,13643744,2026-02-08 11:09,968068,36748706,1,1920,0,0,51036,4003550,0,0,1,560.7,17.5,0,0.0,7140,31.7,1019104,40752256
426368,13643776,2026-02-08 11:15,968067,36748676,1,1920,1,32,51037,4003582,-1,1,0,560.7,17.5,0,0.0,7140,31.7,1019104,40752258
426369,13643808,2026-02-08 11:21,968067,36748679,1,1920,1,32,51046,4003870,0,0,0,560.7,17.5,0,0.0,7140,31.7,1019113,40752549
426370,13643840,2026-02-08 11:28,968067,36748681,1,1920,1,32,51046,4003870,0,0,0,560.7,17.5,0,0.0,7140,31.7,1019113,40752551
426371,13643872,2026-02-08 11:34,968067,36748683,1,1920,1,32,51046,4003870,0,0,0,560.7,17.5,0,0.0,7140,31.7,1019113,40752553
426372,13643904,2026-02-08 11:41,968067,36748686,1,1920,0,0,51047,4003940,0,-1,0,560.7,17.5,0,0.0,7140,31.7,1019114,40752626
426373,13643936,2026-02-08 11:47,968068,36750608,0,0,0,0,51046,4002020,1,0,-1,560.8,17.5,0,0.0,7137,31.7,1019114,40752628
426374,13643968,2026-02-08 11:53,968068,36750612,1,1920,0,0,51046,4002020,0,0,1,560.8,17.5,0,0.0,7137,31.7,1019114,40752632
426375,13644000,2026-02-08 12:00,968065,36750520,1,1920,3,96,51046,4002020,-3,3,0,560.8,17.5,0,0.0,7137,31.7,1019111,40752540
426376,13644032,2026-02-08 12:06,968065,36750522,1,1920,3,96,51046,4002020,0,0,0,560.8,17.5,0,0.0,7137,31.7,1019111,40752542
426377,13644064,2026-02-08 12:13,968065,36750522,1,1920,3,96,51051,4002180,0,0,0,560.8,17.5,0,0.0,7137,31.7,1019116,40752702
426378,13644096,2026-02-08 12:19,968065,36750525,1,1920,3,96,51052,4002228,0,0,0,560.8,17.5,0,0.0,7137,31.7,1019117,40752753
426379,13644128,2026-02-08 12:25,968065,36750527,1,1920,0,0,51052,4002228,0,-3,0,560.8,17.5,0,0.0,7137,31.7,1019117,40752755
426380,13644160,2026-02-08 12:32,968061,36752291,0,0,5,160,51053,4002260,-4,5,-1,560.8,17.5,1,0.0,7137,31.7,1019114,40754551
426381,13644192,2026-02-08 12:38,968061,36752293,0,0,5,160,51053,4000372,0,0,0,560.8,17.5,1,0.0,7133,31.7,1019114,40752665
426382,13644224,2026-02-08 12:45,968060,36752261,1,1920,6,192,51053,4000372,-1,1,1,560.8,17.5,1,0.0,7133,31.7,1019113,40752633
426383,13644256,2026-02-08 12:51,968059,36752236,1,1920,7,224,51065,4000756,-1,1,0,560.8,17.5,1,0.0,7134,31.7,1019124,40752992
426384,13644288,2026-02-08 12:57,968059,36752237,1,1920,2,64,51065,4000756,0,-5,0,560.8,17.5,0,0.0,7134,31.7,1019124,40752993
426385,13644320,2026-02-08 13:04,968059,36752241,1,1920,2,64,51065,4000756,0,0,0,560.8,17.5,0,0.0,7134,31.7,1019124,40752997
426386,13644352,2026-02-08 13:10,968059,36752244,1,1920,1,32,51071,4000948,0,-1,0,560.8,17.5,0,0.0,7134,31.7,1019130,40753192
426387,13644384,2026-02-08 13:17,968059,36752244,1,1920,0,0,51076,4001108,0,-1,0,560.8,17.5,0,0.0,7135,31.7,1019135,40753352
426388,13644416,2026-02-08 13:23,968058,36754101,0,0,2,64,51085,4001396,-1,2,-1,560.8,17.5,0,0.0,7135,31.7,1019143,40755497
426389,13644448,2026-02-08 13:29,968058,36754104,1,1920,2,64,51085,3999508,0,0,1,560.8,17.5,0,0.0,7131,31.7,1019143,40753612
426390,13644480,2026-02-08 13:36,968058,36754105,1,1920,2,64,51085,3999508,0,0,0,560.8,17.5,0,0.0,7131,31.7,1019143,40753613
426391,13644512,2026-02-08 13:42,968058,36754107,1,1920,2,64,51085,3999508,0,0,0,560.8,17.5,0,0.0,7131,31.7,1019143,40753615
426392,13644544,2026-02-08 13:49,968058,36754108,1,1920,0,0,51085,3999508,0,-2,0,560.8,17.5,0,0.0,7131,31.7,1019143,40753616
426393,13644576,2026-02-08 13:55,968058,36754109,1,1920,0,0,51085,3999508,0,0,0,560.8,17.5,0,0.0,7131,31.7,1019143,40753617
426394,13644608,2026-02-08 14:01,968058,36754110,1,1920,0,0,51085,3999508,0,0,0,560.8,17.5,0,0.0,7131,31.7,1019143,40753618
426395,13644640,2026-02-08 14:08,968059,36756031,0,0,0,0,51086,3999541,1,0,-1,560.9,17.5,0,0.0,7131,31.7,1019145,40755572
426396,13644672,2026-02-08 14:14,968059,36756034,0,0,0,0,51085,3997621,0,0,0,560.9,17.5,0,0.0,7128,31.7,1019144,40753655
426397,13644704,2026-02-08 14:21,968059,36756036,1,1920,0,0,51089,3997749,0,0,1,560.9,17.5,0,0.0,7128,31.7,1019148,40753785
426398,13644736,2026-02-08 14:27,968059,36756037,1,1920,0,0,51089,3997749,0,0,0,560.9,17.5,0,0.0,7128,31.7,1019148,40753786
426399,13644768,2026-02-08 14:33,968059,36756039,1,1920,0,0,51090,3997779,0,0,0,560.9,17.5,0,0.0,7128,31.7,1019149,40753818
426400,13644800,2026-02-08 14:40,968059,36756044,1,1920,0,0,51091,3997811,0,0,0,560.9,17.5,0,0.0,7128,31.7,1019150,40753855
426401,13644832,2026-02-08 14:46,968059,36756044,1,1920,0,0,51093,3997875,0,0,0,560.9,17.5,0,0.0,7128,31.7,1019152,40753919
426402,13644864,2026-02-08 14:53,968059,36756045,1,1920,0,0,51093,3997875,0,0,0,560.9,17.5,0,0.0,7128,31.7,1019152,40753920
426403,13644896,2026-02-08 14:59,968060,36757967,0,0,0,0,51093,3997875,1,0,-1,560.9,17.5,0,0.0,7128,31.7,1019153,40755842
426404,13644928,2026-02-08 15:05,968060,36757970,1,1920,0,0,51093,3996014,0,0,1,560.9,17.5,0,0.0,7125,31.7,1019153,40753984
426405,13644960,2026-02-08 15:12,968059,36757939,1,1920,1,32,51093,3996014,-1,1,0,560.9,17.5,0,0.0,7125,31.7,1019152,40753953
426406,13644992,2026-02-08 15:18,968059,36757941,1,1920,1,32,51100,3996238,0,0,0,560.9,17.5,0,0.0,7125,31.7,1019159,40754179
426407,13645024,2026-02-08 15:25,968059,36757941,1,1920,1,32,51103,3996334,0,0,0,560.9,17.5,0,0.0,7125,31.7,1019162,40754275
426408,13645056,2026-02-08 15:31,968059,36757945,1,1920,1,32,51103,3996334,0,0,0,560.9,17.5,0,0.0,7125,31.7,1019162,40754279
426409,13645088,2026-02-08 15:37,968058,36757915,1,1920,1,32,51104,3996366,-1,0,0,560.9,17.5,0,0.0,7125,31.7,1019162,40754281
426410,13645120,2026-02-08 15:44,968058,36759803,0,0,2,64,51105,3996398,0,1,-1,560.9,17.5,0,0.0,7125,31.7,1019163,40756201
426411,13645152,2026-02-08 15:50,968058,36759805,0,0,2,64,51098,3994286,0,0,0,560.9,17.5,0,0.0,7121,31.6,1019156,40754091
426412,13645184,2026-02-08 15:57,968058,36759806,7,2112,2,64,51091,3994062,0,0,7,560.9,17.5,0,0.0,7121,31.6,1019149,40753868
426413,13645216,2026-02-08 16:03,968057,36759776,14,2336,2,64,51087,3993773,-1,0,7,560.9,17.5,0,0.0,7120,31.6,1019144,40753549
426414,13645248,2026-02-08 16:09,968057,36759778,18,2625,1,32,51079,3993517,0,-1,4,560.9,17.5,0,0.0,7120,31.6,1019136,40753295
426415,13645280,2026-02-08 16:16,968057,36759783,26,2881,1,32,51071,3993261,0,0,8,560.9,17.5,0,0.0,7119,31.6,1019128,40753044
426416,13645312,2026-02-08 16:22,968057,36759783,34,3137,1,32,51068,3993165,0,0,8,560.9,17.5,0,0.0,7119,31.6,1019125,40752948
426417,13645344,2026-02-08 16:29,968057,36759785,37,3233,0,0,51066,3992787,0,-1,3,560.9,17.5,0,0.0,7118,31.6,1019123,40752572
426418,13645376,2026-02-08 16:35,968059,36761837,32,1499,5,160,51064,3992624,2,5,-5,560.9,17.5,1,0.0,7118,31.6,1019123,40754461
426419,13645408,2026-02-08 16:41,968066,36762062,27,1373,5,160,51063,3992392,7,0,-5,560.9,17.5,1,0.0,7117,31.6,1019129,40754454
426420,13645440,2026-02-08 16:48,968070,36762351,24,1316,5,160,51060,3992001,4,0,-3,560.9,17.5,1,0.0,7117,31.6,1019130,40754352
426421,13645472,2026-02-08 16:54,968078,36762607,19,1451,5,160,51052,3991745,8,0,-5,561.0,17.5,1,0.0,7116,31.6,1019130,40754352
426422,13645504,2026-02-08 17:01,968086,36762864,19,1451,0,0,51044,3991489,8,-5,0,561.0,17.5,0,0.0,7116,31.6,1019130,40754353
426423,13645536,2026-02-08 17:07,968089,36762960,24,1611,0,0,51036,3991233,3,0,5,561.0,17.5,0,0.0,7115,31.6,1019125,40754193
426424,13645568,2026-02-08 17:13,968091,36763339,30,1489,0,0,51028,3990977,2,0,6,561.0,17.5,0,0.0,7114,31.6,1019119,40754316
426425,13645600,2026-02-08 17:20,968093,36763439,36,1647,0,0,51024,3990849,2,0,6,561.0,17.5,0,0.0,7114,31.6,1019117,40754288
426426,13645632,2026-02-08 17:26,968094,36763671,43,1671,0,0,51016,3990593,1,0,7,561.0,17.5,0,0.0,7114,31.6,1019110,40754264
426427,13645664,2026-02-08 17:33,968097,36764102,48,1536,0,0,51008,3990329,3,0,5,561.0,17.5,0,0.0,7113,31.6,1019105,40754431
426428,13645696,2026-02-08 17:39,968105,36764360,47,1504,0,0,51001,3990105,8,0,-1,561.0,17.5,0,0.0,7113,31.6,1019106,40754465
426429,13645728,2026-02-08 17:45,968113,36764618,47,1504,0,0,50993,3989849,8,0,0,561.0,17.5,0,0.0,7112,31.6,1019106,40754467
426430,13645760,2026-02-08 17:52,968121,36764875,47,1504,0,0,50985,3989593,8,0,0,561.0,17.5,0,0.0,7112,31.6,1019106,40754468
426431,13645792,2026-02-08 17:58,968129,36765132,47,1504,0,0,50977,3989337,8,0,0,561.0,17.5,0,0.0,7111,31.6,1019106,40754469
426432,13645824,2026-02-08 18:05,968137,36765389,47,1504,0,0,50969,3989081,8,0,0,561.0,17.5,0,0.0,7111,31.6,1019106,40754470
426433,13645856,2026-02-08 18:11,968145,36765648,47,1504,0,0,50969,3989081,8,0,0,561.0,17.5,0,0.0,7111,31.6,1019114,40754729
426434,13645888,2026-02-08 18:17,968152,36765872,48,1536,0,0,50961,3988825,7,0,1,561.0,17.5,0,0.0,7110,31.6,1019113,40754697
426435,13645920,2026-02-08 18:24,968160,36766130,48,1536,0,0,50953,3988569,8,0,0,561.0,17.5,0,0.0,7110,31.6,1019113,40754699
426436,13645952,2026-02-08 18:30,968168,36766389,48,1536,0,0,50945,3988313,8,0,0,561.0,17.5,0,0.0,7109,31.6,1019113,40754702
426437,13645984,2026-02-08 18:37,968176,36766645,48,1536,0,0,50941,3988185,8,0,0,561.0,17.5,0,0.0,7109,31.6,1019117,40754830
426438,13646016,2026-02-08 18:43,968183,36766875,48,1536,1,32,50934,3987987,7,1,0,561.0,17.5,0,0.0,7108,31.6,1019117,40754862
426439,13646048,2026-02-08 18:49,968191,36767134,48,1536,1,32,50926,3987731,8,0,0,561.0,17.5,0,0.0,7108,31.6,1019117,40754865
426440,13646080,2026-02-08 18:56,968199,36767415,48,1536,1,32,50913,3987487,8,0,0,561.0,17.5,0,0.0,7107,31.6,1019112,40754902
426441,13646112,2026-02-08 19:02,968207,36767711,47,1504,1,32,50904,3987226,8,0,-1,561.0,17.5,0,0.0,7107,31.6,1019111,40754937
426442,13646144,2026-02-08 19:09,968215,36767970,46,1472,0,0,50896,3986970,8,-1,-1,561.0,17.5,0,0.0,7106,31.6,1019111,40754940
426443,13646176,2026-02-08 19:15,968223,36768228,46,1472,0,0,50888,3986714,8,0,0,561.0,17.5,0,0.0,7106,31.6,1019111,40754942
426444,13646208,2026-02-08 19:21,968231,36768484,46,1472,0,0,50881,3986471,8,0,0,561.0,17.5,0,0.0,7105,31.6,1019112,40754955
426445,13646240,2026-02-08 19:28,968239,36768754,46,1472,0,0,50873,3986235,8,0,0,561.0,17.5,0,0.0,7105,31.6,1019112,40754989
426446,13646272,2026-02-08 19:34,968247,36769016,45,1440,0,0,50866,3986000,8,0,-1,561.1,17.5,0,0.0,7105,31.6,1019113,40755016
426447,13646304,2026-02-08 19:41,968254,36769242,46,1472,0,0,50859,3985776,7,0,1,561.1,17.5,0,0.0,7104,31.6,1019113,40755018
426448,13646336,2026-02-08 19:47,968261,36769467,47,1504,0,0,50851,3985520,7,0,1,561.1,17.5,0,0.0,7104,31.6,1019112,40754987
426449,13646368,2026-02-08 19:53,968269,36769724,47,1504,0,0,50843,3985264,8,0,0,561.1,17.5,0,0.0,7103,31.6,1019112,40754988
426450,13646400,2026-02-08 20:00,968276,36769950,47,1504,1,32,50835,3985008,7,1,0,561.1,17.5,0,0.0,7103,31.6,1019111,40754958
426451,13646432,2026-02-08 20:06,968284,36770207,47,1504,1,32,50827,3984752,8,0,0,561.1,17.5,0,0.0,7102,31.6,1019111,40754959
426452,13646464,2026-02-08 20:13,968291,36770433,48,1536,1,32,50819,3984496,7,0,1,561.1,17.5,0,0.0,7102,31.6,1019110,40754929
426453,13646496,2026-02-08 20:19,968299,36770689,48,1536,1,32,50812,3984272,8,0,0,561.1,17.5,0,0.0,7101,31.6,1019111,40754961
426454,13646528,2026-02-08 20:25,968307,36770945,48,1536,0,0,50809,3984176,8,-1,0,561.1,17.5,0,0.0,7101,31.6,1019116,40755121
426455,13646560,2026-02-08 20:32,968303,36770820,48,1536,12,384,50801,3983920,-4,12,0,561.1,17.5,2,0.0,7100,31.6,1019104,40754740
426456,13646592,2026-02-08 20:38,968311,36771076,48,1536,12,384,50793,3983664,8,0,0,561.1,17.5,2,0.0,7100,31.6,1019104,40754740
426457,13646624,2026-02-08 20:45,968319,36771335,48,1536,12,384,50785,3983408,8,0,0,561.1,17.5,2,0.0,7099,31.6,1019104,40754743
426458,13646656,2026-02-08 20:51,968327,36771591,48,1536,12,384,50777,3983152,8,0,0,561.1,17.5,2,0.0,7099,31.6,1019104,40754743
426459,13646688,2026-02-08 20:57,968333,36771783,48,1536,6,192,50769,3982896,6,-6,0,561.1,17.5,1,0.0,7098,31.5,1019102,40754679
426460,13646720,2026-02-08 21:04,968341,36772040,48,1536,2,64,50761,3982640,8,-4,0,561.1,17.5,0,0.0,7098,31.5,1019102,40754680
426461,13646752,2026-02-08 21:10,968349,36772297,48,1536,2,64,50753,3982384,8,0,0,561.1,17.5,0,0.0,7097,31.5,1019102,40754681
426462,13646784,2026-02-08 21:17,968357,36772553,48,1536,2,64,50746,3982160,8,0,0,561.1,17.5,0,0.0,7097,31.5,1019103,40754713
426463,13646816,2026-02-08 21:23,968365,36772726,48,1536,0,0,50778,3983184,8,-2,0,561.1,17.5,0,0.0,7099,31.6,1019143,40755910
426464,13646848,2026-02-08 21:29,968373,36772982,48,1536,0,0,50779,3983218,8,0,0,561.1,17.5,0,0.0,7099,31.6,1019152,40756200
426465,13646880,2026-02-08 21:36,968381,36773239,48,1536,0,0,50772,3982962,8,0,0,561.1,17.5,0,0.0,7098,31.5,1019153,40756201
426466,13646912,2026-02-08 21:42,968389,36773497,48,1536,0,0,50765,3982738,8,0,0,561.1,17.5,0,0.0,7098,31.5,1019154,40756235
426467,13646944,2026-02-08 21:49,968397,36773754,48,1536,0,0,50758,3982514,8,0,0,561.1,17.5,0,0.0,7097,31.5,1019155,40756268
426468,13646976,2026-02-08 21:55,968405,36774011,48,1536,0,0,50750,3982258,8,0,0,561.1,17.5,0,0.0,7097,31.5,1019155,40756269
426469,13647008,2026-02-08 22:01,968413,36774268,48,1536,0,0,50742,3982002,8,0,0,561.1,17.5,0,0.0,7096,31.5,1019155,40756270
426470,13647040,2026-02-08 22:08,968421,36774524,48,1536,0,0,50793,3983634,8,0,0,561.1,17.5,0,0.0,7099,31.6,1019214,40758158
426471,13647072,2026-02-08 22:14,968429,36774794,43,1376,0,0,50806,3983735,8,0,-5,561.1,17.5,0,0.0,7099,31.6,1019235,40758529
426472,13647104,2026-02-08 22:21,968437,36775066,37,1552,0,0,50839,3984808,8,0,-6,561.1,17.5,0,0.0,7101,31.6,1019276,40759874
426473,13647136,2026-02-08 22:27,968445,36775325,36,1520,0,0,50856,3985352,8,0,-1,561.1,17.5,0,0.0,7102,31.6,1019301,40760677
426474,13647168,2026-02-08 22:33,968453,36775582,36,1520,0,0,50863,3985584,8,0,0,561.2,17.5,0,0.0,7103,31.6,1019316,40761166
426475,13647200,2026-02-08 22:40,968461,36775858,36,1520,0,0,50865,3985725,8,0,0,561.2,17.5,0,0.0,7103,31.6,1019326,40761583
426476,13647232,2026-02-08 22:46,968469,36776115,35,1488,0,0,50861,3985599,8,0,-1,561.2,17.5,0,0.0,7102,31.6,1019330,40761714
426477,13647264,2026-02-08 22:53,968472,36776214,41,1680,0,0,50866,3985759,3,0,6,561.2,17.5,0,0.0,7103,31.6,1019338,40761973
426478,13647296,2026-02-08 22:59,968473,36776820,42,1344,1,32,50868,3985654,1,1,1,561.2,17.5,0,0.0,7102,31.6,1019341,40762474
426479,13647328,2026-02-08 23:05,968480,36777049,41,1312,1,32,50866,3985590,7,0,-1,561.2,17.5,0,0.0,7102,31.6,1019346,40762639
426480,13647360,2026-02-08 23:12,968488,36777305,41,1312,1,32,50861,3985431,8,0,0,561.2,17.5,0,0.0,7102,31.6,1019349,40762736
426481,13647392,2026-02-08 23:18,968496,36777563,38,1216,1,32,50862,3985463,8,0,-3,561.2,17.5,0,0.0,7102,31.6,1019358,40763026
426482,13647424,2026-02-08 23:25,968502,36777756,31,992,1,32,50862,3985463,6,0,-7,561.2,17.5,0,0.0,7102,31.6,1019364,40763219
426483,13647456,2026-02-08 23:31,968511,36778046,22,704,1,32,50862,3985463,9,0,-9,561.2,17.5,0,0.0,7102,31.6,1019373,40763509
426484,13647488,2026-02-08 23:37,968513,36778111,19,608,2,64,50862,3985463,2,1,-3,561.2,17.5,0,0.0,7102,31.6,1019375,40763574
426485,13647520,2026-02-08 23:44,968519,36778305,14,1440,2,64,50862,3984470,6,0,-5,561.2,17.5,0,0.0,7100,31.6,1019381,40762775
426486,13647552,2026-02-08 23:50,968525,36778498,6,1184,3,96,50862,3984470,6,1,-8,561.2,17.5,0,0.0,7100,31.6,1019387,40762968
426487,13647584,2026-02-08 23:57,968530,36778661,1,1024,3,96,50862,3984470,5,0,-5,561.2,17.5,0,0.0,7100,31.6,1019392,40763131
426488,13647616,2026-02-09 00:03,968530,36778662,1,1024,2,64,50861,3983446,0,-1,0,561.2,17.5,0,0.0,7098,31.5,1019391,40762108
426489,13647648,2026-02-09 00:09,968530,36778664,2,2048,2,64,50861,3983446,0,0,1,561.2,17.5,0,0.0,7098,31.5,1019391,40762110
426490,13647680,2026-02-09 00:16,968530,36778665,2,2048,0,0,50866,3983606,0,-2,0,561.2,17.5,0,0.0,7098,31.5,1019396,40762271
426491,13647712,2026-02-09 00:22,968531,36779690,1,1024,0,0,50866,3983606,1,0,-1,561.2,17.5,0,0.0,7098,31.5,1019397,40763296
426492,13647744,2026-02-09 00:29,968524,36779468,1,1024,7,224,50866,3982614,-7,7,0,561.2,17.5,1,0.0,7096,31.5,1019390,40762082
426493,13647776,2026-02-09 00:35,968516,36779212,2,2048,15,480,50866,3982614,-8,8,1,561.2,17.5,2,0.0,7097,31.5,1019382,40761826
426494,13647808,2026-02-09 00:41,968505,36778861,2,2048,26,832,50867,3982646,-11,11,0,561.2,17.5,3,0.0,7097,31.5,1019372,40761507
426495,13647840,2026-02-09 00:48,968506,36779885,1,1024,26,832,50868,3982678,1,0,-1,561.2,17.5,3,0.0,7097,31.5,1019374,40762563
426496,13647872,2026-02-09 00:54,968506,36779887,1,1024,19,608,50867,3981654,0,-7,0,561.2,17.5,2,0.0,7095,31.5,1019373,40761541
426497,13647904,2026-02-09 01:01,968506,36779888,2,2048,11,352,50867,3981654,0,-8,1,561.2,17.5,1,0.0,7095,31.5,1019373,40761542
426498,13647936,2026-02-09 01:07,968506,36779890,2,2048,3,96,50867,3981654,0,-8,0,561.2,17.5,0,0.0,7095,31.5,1019373,40761544
426499,13647968,2026-02-09 01:13,968507,36780916,1,1024,0,0,50868,3981686,1,-3,-1,561.2,17.5,0,0.0,7095,31.5,1019375,40762602
426500,13648000,2026-02-09 01:20,968507,36780916,1,1024,0,0,50873,3980854,0,0,0,561.2,17.5,0,0.0,7093,31.5,1019380,40761770
426501,13648032,2026-02-09 01:26,968504,36780820,2,2048,3,96,50894,3981305,-3,3,1,561.2,17.5,0,0.0,7094,31.5,1019398,40762125
426502,13648064,2026-02-09 01:33,968504,36780822,6,2397,3,96,50886,3981049,0,0,4,561.2,17.5,0,0.0,7093,31.5,1019390,40761871
426503,13648096,2026-02-09 01:39,968505,36781847,13,1629,3,96,50881,3980889,1,0,7,561.2,17.5,0,0.0,7093,31.5,1019386,40762736
426504,13648128,2026-02-09 01:45,968499,36781655,21,1885,9,288,50873,3980633,-6,6,8,561.2,17.5,1,0.0,7093,31.5,1019372,40762288
426505,13648160,2026-02-09 01:52,968499,36781658,29,2141,6,192,50865,3980377,0,-3,8,561.2,17.5,1,0.0,7092,31.5,1019364,40762035
426506,13648192,2026-02-09 01:58,968499,36781660,37,2397,6,192,50858,3980153,0,0,8,561.2,17.5,1,0.0,7092,31.5,1019357,40761813
426507,13648224,2026-02-09 02:05,968500,36782685,44,1629,6,192,50854,3980394,1,0,7,561.3,17.5,1,0.0,7092,31.5,1019354,40763079
426508,13648256,2026-02-09 02:11,968504,36783034,48,1536,0,0,50846,3980138,4,-6,4,561.3,17.5,0,0.0,7091,31.5,1019350,40763172
426509,13648288,2026-02-09 02:17,968512,36783290,48,1536,0,0,50838,3979882,8,0,0,561.3,17.5,0,0.0,7091,31.5,1019350,40763172
426510,13648320,2026-02-09 02:24,968520,36783547,48,1536,0,0,50830,3979626,8,0,0,561.3,17.5,0,0.0,7090,31.5,1019350,40763173
426511,13648352,2026-02-09 02:30,968528,36783804,48,1536,0,0,50823,3979402,8,0,0,561.3,17.5,0,0.0,7090,31.5,1019351,40763206
426512,13648384,2026-02-09 02:37,968536,36784062,48,1536,0,0,50815,3979147,8,0,0,561.3,17.5,0,0.0,7089,31.5,1019351,40763209
426513,13648416,2026-02-09 02:43,968544,36784347,48,1536,0,0,50907,3982128,8,0,0,561.3,17.5,0,0.0,7095,31.5,1019451,40766475
426514,13648448,2026-02-09 02:49,968552,36784606,48,1536,0,0,50901,3981936,8,0,0,561.3,17.5,0,0.0,7094,31.5,1019453,40766542
426515,13648480,2026-02-09 02:56,968560,36784955,48,1536,0,0,50894,3981705,8,0,0,561.3,17.5,0,0.0,7094,31.5,1019454,40766660
426516,13648512,2026-02-09 03:02,968568,36785214,45,1440,0,0,50886,3981449,8,0,-3,561.3,17.5,0,0.0,7093,31.5,1019454,40766663
426517,13648544,2026-02-09 03:09,968576,36785473,45,1440,0,0,50878,3981194,8,0,0,561.3,17.5,0,0.0,7093,31.5,1019454,40766667
426518,13648576,2026-02-09 03:15,968584,36785732,45,1440,0,0,50871,3981006,8,0,0,561.3,17.5,0,0.0,7092,31.5,1019455,40766738
426519,13648608,2026-02-09 03:21,968592,36785988,45,1440,0,0,50937,3983118,8,0,0,561.3,17.5,0,0.0,7096,31.5,1019529,40769106
426520,13648640,2026-02-09 03:28,968600,36786244,39,1248,0,0,50930,3982670,8,0,-6,561.3,17.5,0,0.0,7095,31.5,1019530,40768914
426521,13648672,2026-02-09 03:34,968608,36786506,38,1440,0,0,50921,3982410,8,0,-1,561.3,17.5,0,0.0,7095,31.5,1019529,40768916
426522,13648704,2026-02-09 03:41,968613,36786667,41,1536,0,0,50963,3983754,5,0,3,561.3,17.5,0,0.0,7097,31.5,1019576,40770421
426523,13648736,2026-02-09 03:47,968621,36786924,41,1536,0,0,50955,3983498,8,0,0,561.3,17.5,0,0.0,7097,31.5,1019576,40770422
426524,13648768,2026-02-09 03:53,968629,36787180,41,1536,0,0,50947,3983242,8,0,0,561.3,17.5,0,0.0,7096,31.5,1019576,40770422
426525,13648800,2026-02-09 04:00,968637,36787439,41,1536,0,0,50990,3984593,8,0,0,561.3,17.5,0,0.0,7098,31.5,1019627,40772032
426526,13648832,2026-02-09 04:06,968639,36787504,47,1728,0,0,50982,3984337,2,0,6,561.3,17.5,0,0.0,7098,31.5,1019621,40771841
426527,13648864,2026-02-09 04:13,968646,36787954,48,1536,0,0,50974,3984081,7,0,1,561.3,17.5,0,0.0,7097,31.5,1019620,40772035
426528,13648896,2026-02-09 04:19,968654,36788211,48,1536,0,0,51016,3985425,8,0,0,561.3,17.5,0,0.0,7100,31.6,1019670,40773636
426529,13648928,2026-02-09 04:25,968662,36788468,48,1536,0,0,51008,3985169,8,0,0,561.3,17.5,0,0.0,7099,31.6,1019670,40773637
426530,13648960,2026-02-09 04:32,968656,36788277,48,1536,14,448,51000,3984913,-6,14,0,561.3,17.5,2,0.0,7099,31.6,1019656,40773190
426531,13648992,2026-02-09 04:38,968664,36788534,48,1536,14,448,51034,3986001,8,0,0,561.3,17.5,2,0.0,7101,31.6,1019698,40774535
426532,13649024,2026-02-09 04:45,968652,36788150,48,1536,34,1088,51026,3985745,-12,20,0,561.3,17.5,4,0.0,7100,31.6,1019678,40773895
426533,13649056,2026-02-09 04:51,968656,36788278,48,1536,38,1216,51018,3985489,4,4,0,561.3,17.5,5,0.0,7100,31.6,1019674,40773767
426534,13649088,2026-02-09 04:57,968663,36788506,48,1536,39,1248,51010,3985233,7,1,0,561.3,17.5,5,0.0,7099,31.6,1019673,40773739
426535,13649120,2026-02-09 05:04,968671,36788763,48,1536,39,1248,51002,3984977,8,0,0,561.4,17.5,5,0.0,7099,31.6,1019673,40773740
426536,13649152,2026-02-09 05:10,968679,36789020,48,1536,39,1248,50995,3984776,8,0,0,561.4,17.5,5,0.0,7098,31.5,1019674,40773796
426537,13649184,2026-02-09 05:17,968687,36789278,48,1536,39,1248,50989,3984584,8,0,0,561.4,17.5,5,0.0,7098,31.5,1019676,40773862
426538,13649216,2026-02-09 05:23,968695,36789536,48,1536,39,1248,50981,3984328,8,0,0,561.4,17.5,5,0.0,7098,31.5,1019676,40773864
426539,13649248,2026-02-09 05:29,968703,36789796,48,1536,39,1248,50973,3984072,8,0,0,561.4,17.5,5,0.0,7097,31.5,1019676,40773868
426540,13649280,2026-02-09 05:36,968711,36790056,48,1536,39,1248,50965,3983816,8,0,0,561.4,17.5,5,0.0,7097,31.5,1019676,40773872
426541,13649312,2026-02-09 05:42,968719,36790313,48,1536,31,992,50957,3983560,8,-8,0,561.4,17.5,4,0.0,7096,31.5,1019676,40773873
426542,13649344,2026-02-09 05:49,968727,36790570,48,1536,23,736,50951,3983368,8,-8,0,561.4,17.5,3,0.0,7096,31.5,1019678,40773938
426543,13649376,2026-02-09 05:55,968735,36790816,48,1536,15,480,50943,3983112,8,-8,0,561.4,17.5,2,0.0,7095,31.5,1019678,40773928
426544,13649408,2026-02-09 06:01,968743,36791074,48,1536,7,224,50935,3982856,8,-8,0,561.4,17.5,1,0.0,7095,31.5,1019678,40773930
426545,13649440,2026-02-09 06:08,968751,36791331,48,1536,0,0,50928,3982622,8,-7,0,561.4,17.5,0,0.0,7094,31.5,1019679,40773953
426546,13649472,2026-02-09 06:14,968759,36791539,48,1536,0,0,50927,3982590,8,0,0,561.4,17.5,0,0.0,7094,31.5,1019686,40774129
426547,13649504,2026-02-09 06:21,968767,36791797,48,1536,0,0,50919,3982334,8,0,0,561.4,17.5,0,0.0,7094,31.5,1019686,40774131
426548,13649536,2026-02-09 06:27,968775,36792054,48,1536,0,0,50911,3982078,8,0,0,561.4,17.5,0,0.0,7093,31.5,1019686,40774132
426549,13649568,2026-02-09 06:33,968783,36792314,48,1536,0,0,50904,3981855,8,0,0,561.4,17.5,0,0.0,7093,31.5,1019687,40774169
426550,13649600,2026-02-09 06:40,968790,36792538,48,1536,1,32,50896,3981599,7,1,0,561.4,17.5,0,0.0,7092,31.5,1019686,40774137
426551,13649632,2026-02-09 06:46,968798,36792796,48,1536,1,32,50888,3981343,8,0,0,561.4,17.5,0,0.0,7092,31.5,1019686,40774139
426552,13649664,2026-02-09 06:53,968806,36793054,48,1536,1,32,50880,3981087,8,0,0,561.4,17.5,0,0.0,7091,31.5,1019686,40774141
426553,13649696,2026-02-09 06:59,968814,36793311,48,1536,1,32,50873,3980863,8,0,0,561.4,17.5,0,0.0,7091,31.5,1019687,40774174
426554,13649728,2026-02-09 07:05,968822,36793569,48,1536,0,0,50867,3980648,8,-1,0,561.4,17.5,0,0.0,7090,31.5,1019689,40774217
426555,13649760,2026-02-09 07:12,968829,36793779,48,1536,1,32,50859,3980392,7,1,0,561.4,17.5,0,0.0,7090,31.5,1019688,40774171
426556,13649792,2026-02-09 07:18,968836,36794006,48,1536,2,64,50860,3980424,7,1,0,561.4,17.5,0,0.0,7090,31.5,1019696,40774430
426557,13649824,2026-02-09 07:25,968844,36794259,48,1536,2,64,50852,3980168,8,0,0,561.4,17.5,0,0.0,7089,31.5,1019696,40774427
426558,13649856,2026-02-09 07:31,968852,36794518,48,1536,2,64,50844,3979912,8,0,0,561.4,17.5,0,0.0,7089,31.5,1019696,40774430
426559,13649888,2026-02-09 07:37,968860,36794775,48,1536,1,32,50836,3979657,8,-1,0,561.4,17.5,0,0.0,7088,31.5,1019696,40774432
426560,13649920,2026-02-09 07:44,968868,36795010,48,1536,0,0,50830,3979433,8,-1,0,561.4,17.5,0,0.0,7088,31.5,1019698,40774443
426561,13649952,2026-02-09 07:50,968876,36795269,48,1536,0,0,50823,3979209,8,0,0,561.5,17.5,0,0.0,7087,31.5,1019699,40774478
426562,13649984,2026-02-09 07:57,968884,36795529,48,1536,0,0,50816,3978985,8,0,0,561.5,17.5,0,0.0,7087,31.5,1019700,40774514
426563,13650016,2026-02-09 08:03,968892,36795787,48,1536,0,0,50809,3978761,8,0,0,561.5,17.5,0,0.0,7086,31.5,1019701,40774548
426564,13650048,2026-02-09 08:09,968900,36796045,48,1536,0,0,50801,3978505,8,0,0,561.5,17.5,0,0.0,7086,31.5,1019701,40774550
426565,13650080,2026-02-09 08:16,968908,36796302,48,1536,0,0,50794,3978281,8,0,0,561.5,17.5,0,0.0,7086,31.5,1019702,40774583
426566,13650112,2026-02-09 08:22,968916,36796558,48,1536,0,0,50786,3978025,8,0,0,561.5,17.5,0,0.0,7085,31.5,1019702,40774583
426567,13650144,2026-02-09 08:29,968924,36796816,48,1536,0,0,50780,3977833,8,0,0,561.5,17.5,0,0.0,7085,31.5,1019704,40774649
426568,13650176,2026-02-09 08:35,968906,36796241,48,1536,26,832,50773,3977609,-18,26,0,561.5,17.5,3,0.0,7084,31.5,1019679,40773850
426569,13650208,2026-02-09 08:41,968901,36796082,48,1536,39,1248,50765,3977353,-5,13,0,561.5,17.5,5,0.0,7084,31.5,1019666,40773435
426570,13650240,2026-02-09 08:48,968909,36796339,48,1536,39,1248,50757,3977097,8,0,0,561.5,17.5,5,0.0,7083,31.5,1019666,40773436
426571,13650272,2026-02-09 08:54,968917,36796596,48,1536,39,1248,50749,3976841,8,0,0,561.5,17.5,5,0.0,7083,31.5,1019666,40773437
426572,13650304,2026-02-09 09:01,968925,36796853,48,1536,31,992,50742,3976649,8,-8,0,561.5,17.5,4,0.0,7082,31.5,1019667,40773502
426573,13650336,2026-02-09 09:07,968933,36797112,48,1536,23,736,50736,3976451,8,-8,0,561.5,17.5,3,0.0,7082,31.5,1019669,40773563
426574,13650368,2026-02-09 09:13,968940,36797338,47,1510,16,512,50728,3976195,7,-7,-1,561.5,17.5,2,0.0,7082,31.5,1019668,40773533
426575,13650400,2026-02-09 09:20,968948,36797596,47,1510,8,256,50725,3976064,8,-8,0,561.5,17.5,1,0.0,7081,31.5,1019673,40773660
426576,13650432,2026-02-09 09:26,968956,36797855,46,1512,1,32,50731,3976120,8,-7,-1,561.5,17.5,0,0.0,7081,31.5,1019687,40773975
426577,13650464,2026-02-09 09:33,968964,36798113,42,1520,1,32,50723,3975864,8,0,-4,561.5,17.5,0,0.0,7081,31.5,1019687,40773977
426578,13650496,2026-02-09 09:39,968969,36798273,42,1520,4,128,50721,3975663,5,3,0,561.5,17.5,0,0.0,7080,31.5,1019690,40773936
426579,13650528,2026-02-09 09:45,968977,36798529,38,1529,3,96,50718,3975567,8,-1,-4,561.5,17.5,0,0.0,7080,31.5,1019695,40774096
426580,13650560,2026-02-09 09:52,968984,36798760,34,1395,3,96,50718,3975567,7,0,-4,561.5,17.5,0,0.0,7080,31.5,1019702,40774327
426581,13650592,2026-02-09 09:58,968992,36799019,26,1139,3,96,50719,3975599,8,0,-8,561.5,17.5,0,0.0,7080,31.5,1019711,40774618
426582,13650624,2026-02-09 10:05,968998,36799245,19,881,1,32,50719,3975599,6,-2,-7,561.5,17.5,0,0.0,7080,31.5,1019717,40774844
426583,13650656,2026-02-09 10:11,969002,36799511,15,617,1,32,50720,3975631,4,0,-4,561.5,17.5,0,0.0,7080,31.5,1019722,40775142
426584,13650688,2026-02-09 10:17,969010,36799768,7,361,1,32,50720,3975631,8,0,-8,561.5,17.5,0,0.0,7080,31.5,1019730,40775399
426585,13650720,2026-02-09 10:24,969014,36800034,3,96,1,32,50722,3975695,4,0,-4,561.5,17.5,0,0.0,7080,31.5,1019736,40775729
426586,13650752,2026-02-09 10:30,969017,36800134,0,0,0,0,50715,3973743,3,-1,-3,561.5,17.5,0,0.0,7077,31.5,1019732,40773877
426587,13650784,2026-02-09 10:37,969016,36800104,7,1952,1,32,50707,3973487,-1,1,7,561.5,17.5,0,0.0,7076,31.4,1019723,40773591
426588,13650816,2026-02-09 10:43,969016,36800108,15,2208,1,32,50699,3973231,0,0,8,561.5,17.5,0,0.0,7076,31.4,1019715,40773339
426589,13650848,2026-02-09 10:49,969016,36800109,23,2464,1,32,50691,3972975,0,0,8,561.5,17.5,0,0.0,7075,31.4,1019707,40773084
426590,13650880,2026-02-09 10:56,969016,36800111,31,2720,1,32,50683,3972719,0,0,8,561.5,17.5,0,0.0,7075,31.4,1019699,40772830
426591,13650912,2026-02-09 11:02,969016,36800111,39,2976,0,0,50675,3972463,0,-1,8,561.5,17.5,0,0.0,7074,31.4,1019691,40772574
426592,13650944,2026-02-09 11:09,969016,36800115,47,3232,0,0,50668,3972239,0,0,8,561.5,17.5,0,0.0,7074,31.4,1019684,40772354
426593,13650976,2026-02-09 11:15,969023,36802067,48,1536,0,0,50660,3971983,7,0,1,561.6,17.5,0,0.0,7073,31.4,1019683,40774050
426594,13651008,2026-02-09 11:21,969031,36802326,48,1536,0,0,50661,3972015,8,0,0,561.6,17.5,0,0.0,7073,31.4,1019692,40774341
426595,13651040,2026-02-09 11:28,969039,36802628,48,1536,0,0,50654,3971778,8,0,0,561.6,17.5,0,0.0,7073,31.4,1019693,40774406
426596,13651072,2026-02-09 11:34,969047,36802885,46,1472,0,0,50650,3971650,8,0,-2,561.6,17.5,0,0.0,7072,31.4,1019697,40774535
426597,13651104,2026-02-09 11:41,969055,36803141,42,1344,0,0,50646,3971297,8,0,-4,561.6,17.5,0,0.0,7072,31.4,1019701,40774438
426598,13651136,2026-02-09 11:47,969063,36803400,39,1473,0,0,50638,3971041,8,0,-3,561.6,17.5,0,0.0,7071,31.4,1019701,40774441
426599,13651168,2026-02-09 11:53,969071,36803657,39,1473,0,0,50630,3970786,8,0,0,561.6,17.5,0,0.0,7071,31.4,1019701,40774443
426600,13651200,2026-02-09 12:00,969079,36803913,39,1473,0,0,50622,3970530,8,0,0,561.6,17.5,0,0.0,7070,31.4,1019701,40774443
426601,13651232,2026-02-09 12:06,969087,36804170,39,1473,0,0,50614,3970274,8,0,0,561.6,17.5,0,0.0,7070,31.4,1019701,40774444
426602,13651264,2026-02-09 12:13,969093,36804363,41,1537,0,0,50606,3970018,6,0,2,561.6,17.5,0,0.0,7069,31.4,1019699,40774381
426603,13651296,2026-02-09 12:19,969097,36804494,45,1665,0,0,50635,3970946,4,0,4,561.6,17.5,0,0.0,7071,31.4,1019732,40775440
426604,13651328,2026-02-09 12:25,969102,36804880,48,1536,0,0,50648,3971362,5,0,3,561.6,17.5,0,0.0,7072,31.4,1019750,40776242
426605,13651360,2026-02-09 12:32,969104,36804946,48,1536,6,192,50640,3971106,2,6,0,561.6,17.5,1,0.0,7071,31.4,1019744,40776052
426606,13651392,2026-02-09 12:38,969112,36805204,48,1536,6,192,50640,3971099,8,0,0,561.6,17.6,1,0.0,7071,31.4,1019752,40776303
426607,13651424,2026-02-09 12:45,968885,36797943,48,1536,241,7712,50632,3970843,-227,235,0,561.5,17.5,30,0.1,7072,31.4,1019517,40768786
426608,13651456,2026-02-09 12:51,968832,36796248,48,1536,302,9664,50624,3970587,-53,61,0,561.5,17.5,38,0.2,7072,31.4,1019456,40766835
426609,13651488,2026-02-09 12:57,968830,36796184,48,1536,306,9792,50616,3970331,-2,4,0,561.5,17.5,38,0.2,7071,31.4,1019446,40766515
426610,13651520,2026-02-09 13:04,968838,36796442,48,1536,306,9792,50608,3970075,8,0,0,561.5,17.5,38,0.2,7071,31.4,1019446,40766517
426611,13651552,2026-02-09 13:10,968843,36796607,48,1536,301,9632,50609,3970107,5,-5,0,561.5,17.5,38,0.2,7071,31.4,1019452,40766714
426612,13651584,2026-02-09 13:17,968851,36796864,48,1536,293,9376,50609,3970166,8,-8,0,561.5,17.5,37,0.2,7071,31.4,1019460,40767030
426613,13651616,2026-02-09 13:23,968859,36797123,48,1536,285,9120,50601,3969910,8,-8,0,561.5,17.5,36,0.2,7070,31.4,1019460,40767033
426614,13651648,2026-02-09 13:29,968867,36797381,48,1536,277,8864,50593,3969654,8,-8,0,561.5,17.5,35,0.2,7070,31.4,1019460,40767035
426615,13651680,2026-02-09 13:36,968875,36797638,48,1536,269,8608,50586,3969400,8,-8,0,561.5,17.5,34,0.2,7069,31.4,1019461,40767038
426616,13651712,2026-02-09 13:42,968883,36797896,48,1536,261,8352,50578,3969144,8,-8,0,561.5,17.5,33,0.1,7069,31.4,1019461,40767040
426617,13651744,2026-02-09 13:49,968891,36798155,48,1536,253,8096,50570,3968888,8,-8,0,561.5,17.5,32,0.1,7068,31.4,1019461,40767043
426618,13651776,2026-02-09 13:55,968899,36798413,48,1536,245,7840,50563,3968664,8,-8,0,561.5,17.5,31,0.1,7068,31.4,1019462,40767077
426619,13651808,2026-02-09 14:01,968907,36798672,48,1536,237,7584,50555,3968408,8,-8,0,561.5,17.5,30,0.1,7067,31.4,1019462,40767080
426620,13651840,2026-02-09 14:08,968915,36798930,48,1536,229,7328,50547,3968152,8,-8,0,561.5,17.5,29,0.1,7067,31.4,1019462,40767082
426621,13651872,2026-02-09 14:14,968922,36799157,48,1536,222,7104,50539,3967896,7,-7,0,561.5,17.5,28,0.1,7066,31.4,1019461,40767053
426622,13651904,2026-02-09 14:21,968927,36799318,48,1536,217,6944,50531,3967640,5,-5,0,561.5,17.5,27,0.1,7066,31.4,1019458,40766958
426623,13651936,2026-02-09 14:27,968934,36799545,48,1536,210,6720,50523,3967384,7,-7,0,561.5,17.5,26,0.1,7065,31.4,1019457,40766929
426624,13651968,2026-02-09 14:33,968942,36799802,48,1536,202,6464,50515,3967128,8,-8,0,561.5,17.5,25,0.1,7065,31.4,1019457,40766930
426625,13652000,2026-02-09 14:40,968950,36800061,48,1536,194,6208,50508,3967128,8,-8,0,561.5,17.5,24,0.1,7065,31.4,1019458,40767189
426626,13652032,2026-02-09 14:46,968953,36800158,48,1536,191,6112,50501,3967512,3,-3,0,561.5,17.5,24,0.1,7066,31.4,1019454,40767670
426627,13652064,2026-02-09 14:53,968957,36800286,48,1536,187,5984,50493,3967256,4,-4,0,561.5,17.5,23,0.1,7065,31.4,1019450,40767542
426628,13652096,2026-02-09 14:59,968965,36800543,48,1536,179,5728,50488,3966978,8,-8,0,561.5,17.5,22,0.1,7065,31.4,1019453,40767521
426629,13652128,2026-02-09 15:05,968968,36800644,45,1558,176,5632,50480,3966738,3,-3,-3,561.5,17.5,22,0.1,7064,31.4,1019448,40767382
426630,13652160,2026-02-09 15:12,968975,36800870,44,1540,169,5408,50472,3966482,7,-7,-1,561.5,17.5,21,0.1,7064,31.4,1019447,40767352
426631,13652192,2026-02-09 15:18,968983,36801130,44,1540,161,5152,50470,3966418,8,-8,0,561.5,17.5,20,0.1,7063,31.4,1019453,40767548
426632,13652224,2026-02-09 15:25,968991,36801388,44,1540,153,4896,50464,3966226,8,-8,0,561.5,17.5,19,0.1,7063,31.4,1019455,40767614
426633,13652256,2026-02-09 15:31,968999,36801655,44,1540,145,4640,50454,3965961,8,-8,0,561.5,17.5,18,0.1,7063,31.4,1019453,40767616
426634,13652288,2026-02-09 15:37,969007,36801916,44,1540,137,4384,50452,3965897,8,-8,0,561.6,17.5,17,0.1,7062,31.4,1019459,40767813
426635,13652320,2026-02-09 15:44,969012,36802407,47,1518,129,4128,50447,3965652,5,-8,3,561.6,17.5,16,0.1,7062,31.4,1019459,40768059
426636,13652352,2026-02-09 15:50,969019,36802646,44,1408,121,3872,50443,3965524,7,-8,-3,561.6,17.5,15,0.1,7062,31.4,1019462,40768170
426637,13652384,2026-02-09 15:57,969027,36802905,41,1312,113,3616,50443,3965524,8,-8,-3,561.6,17.5,14,0.1,7062,31.4,1019470,40768429
426638,13652416,2026-02-09 16:03,969035,36803162,33,1056,105,3360,50445,3965742,8,-8,-8,561.6,17.5,13,0.1,7062,31.4,1019480,40768904
426639,13652448,2026-02-09 16:09,969043,36803419,25,800,97,3104,50445,3965742,8,-8,-8,561.6,17.5,12,0.1,7062,31.4,1019488,40769161
426640,13652480,2026-02-09 16:16,969021,36802716,17,544,119,3808,50445,3965742,-22,22,-8,561.6,17.5,15,0.1,7062,31.4,1019466,40768458
426641,13652512,2026-02-09 16:22,969029,36802973,10,1312,111,3552,50445,3964750,8,-8,-7,561.6,17.5,14,0.1,7060,31.4,1019474,40767723
426642,13652544,2026-02-09 16:29,969033,36803101,6,1184,103,3296,50446,3964755,4,-8,-4,561.6,17.5,13,0.1,7060,31.4,1019479,40767856
426643,13652576,2026-02-09 16:35,969018,36802623,1,1024,115,3680,50446,3964755,-15,12,-5,561.6,17.5,14,0.1,7060,31.4,1019464,40767378
426644,13652608,2026-02-09 16:41,969018,36802625,1,1024,107,3424,50445,3963731,0,-8,0,561.6,17.5,13,0.1,7058,31.4,1019463,40766356
426645,13652640,2026-02-09 16:48,969017,36802594,2,2048,100,3200,50468,3964234,-1,-7,1,561.6,17.5,12,0.1,7059,31.4,1019485,40766828
426646,13652672,2026-02-09 16:54,969017,36802597,6,2409,92,2944,50460,3963978,0,-8,4,561.6,17.5,12,0.1,7059,31.4,1019477,40766575
426647,13652704,2026-02-09 17:01,969018,36803632,13,1641,84,2688,50452,3963742,1,-8,7,561.6,17.5,10,0.0,7058,31.4,1019470,40767374
426648,13652736,2026-02-09 17:07,969010,36803393,20,1867,84,2688,50443,3963473,-8,0,7,561.6,17.5,10,0.0,7058,31.4,1019453,40766866
426649,13652768,2026-02-09 17:13,969005,36803234,28,2123,81,2592,50435,3963218,-5,-3,8,561.6,17.5,10,0.0,7057,31.4,1019440,40766452
426650,13652800,2026-02-09 17:20,969005,36803235,36,2379,73,2336,50428,3962994,0,-8,8,561.6,17.5,9,0.0,7057,31.4,1019433,40766229
426651,13652832,2026-02-09 17:26,969006,36804266,43,1611,65,2080,50422,3962733,1,-8,7,561.6,17.5,8,0.0,7056,31.4,1019428,40766999
426652,13652864,2026-02-09 17:33,969003,36804404,43,1506,64,2048,50414,3962477,-3,-1,0,561.6,17.5,8,0.0,7056,31.4,1019417,40766881
426653,13652896,2026-02-09 17:39,969011,36804662,43,1506,56,1792,50408,3962540,8,-8,0,561.6,17.5,7,0.0,7056,31.4,1019419,40767202
426654,13652928,2026-02-09 17:45,969018,36804890,44,1536,48,1536,50401,3962289,7,-8,1,561.6,17.5,6,0.0,7055,31.4,1019419,40767179
426655,13652960,2026-02-09 17:52,969026,36805148,44,1536,40,1280,50395,3962136,8,-8,0,561.6,17.6,5,0.0,7055,31.4,1019421,40767284
426656,13652992,2026-02-09 17:58,969034,36805406,44,1536,32,1024,50388,3961912,8,-8,0,561.6,17.6,4,0.0,7055,31.4,1019422,40767318
426657,13653024,2026-02-09 18:05,969042,36805662,44,1536,24,768,50381,3961688,8,-8,0,561.6,17.6,3,0.0,7054,31.4,1019423,40767350
426658,13653056,2026-02-09 18:11,969046,36805920,47,1504,16,512,50375,3961400,4,-8,3,561.6,17.6,2,0.0,7054,31.4,1019421,40767320
426659,13653088,2026-02-09 18:17,969054,36806178,45,1536,8,256,50389,3961791,8,-8,-2,561.6,17.6,1,0.0,7054,31.4,1019443,40767969
426660,13653120,2026-02-09 18:24,969062,36806437,44,1536,0,0,50382,3961567,8,-8,-1,561.6,17.6,0,0.0,7054,31.4,1019444,40768004
426661,13653152,2026-02-09 18:30,969070,36806694,44,1536,0,0,50375,3961344,8,0,0,561.6,17.6,0,0.0,7053,31.3,1019445,40768038
426662,13653184,2026-02-09 18:37,969078,36806950,44,1536,0,0,50368,3961120,8,0,0,561.6,17.6,0,0.0,7053,31.3,1019446,40768070
426663,13653216,2026-02-09 18:43,969086,36807208,44,1536,0,0,50361,3960877,8,0,0,561.6,17.6,0,0.0,7052,31.3,1019447,40768085
426664,13653248,2026-02-09 18:49,969091,36807373,45,1568,2,64,50353,3960621,5,2,1,561.6,17.6,0,0.0,7052,31.3,1019444,40767994
426665,13653280,2026-02-09 18:56,969086,36807311,47,1536,13,416,50345,3960365,-5,11,2,561.6,17.6,2,0.0,7051,31.3,1019431,40767676
426666,13653312,2026-02-09 19:02,969093,36807567,48,1536,13,416,50337,3960109,7,0,1,561.6,17.6,2,0.0,7051,31.3,1019430,40767676
426667,13653344,2026-02-09 19:09,969101,36807824,48,1536,13,416,50330,3959947,8,0,0,561.6,17.6,2,0.0,7051,31.3,1019431,40767771
426668,13653376,2026-02-09 19:15,969108,36806032,48,1536,12,2400,50322,3959691,7,-1,0,561.6,17.6,2,0.0,7051,31.3,1019430,40765723
426669,13653408,2026-02-09 19:21,969116,36806290,48,1536,4,2144,50314,3959435,8,-8,0,561.6,17.6,0,0.0,7050,31.3,1019430,40765725
426670,13653440,2026-02-09 19:28,969124,36806547,48,1536,1,2048,50306,3959179,8,-3,0,561.6,17.6,0,0.0,7050,31.3,1019430,40765726
426671,13653472,2026-02-09 19:34,969132,36806806,48,1536,1,2048,50298,3958923,8,0,0,561.6,17.6,0,0.0,7049,31.3,1019430,40765729
426672,13653504,2026-02-09 19:41,969139,36807000,48,1536,2,2112,50290,3958667,7,1,0,561.6,17.6,0,0.0,7049,31.3,1019429,40765667
426673,13653536,2026-02-09 19:47,969147,36807257,48,1536,2,2112,50282,3958411,8,0,0,561.6,17.6,0,0.0,7048,31.3,1019429,40765668
426674,13653568,2026-02-09 19:53,969155,36807513,48,1536,2,2112,50274,3958155,8,0,0,561.6,17.6,0,0.0,7048,31.3,1019429,40765668
426675,13653600,2026-02-09 20:00,969163,36807770,48,1536,2,2112,50267,3957938,8,0,0,561.6,17.6,0,0.0,7047,31.3,1019430,40765708
426676,13653632,2026-02-09 20:06,969166,36807867,48,1536,7,2272,50259,3957682,3,5,0,561.6,17.6,1,0.0,7047,31.3,1019425,40765549
426677,13653664,2026-02-09 20:13,969174,36808124,48,1536,7,2272,50253,3957490,8,0,0,561.6,17.6,1,0.0,7046,31.3,1019427,40765614
426678,13653696,2026-02-09 20:19,969181,36808349,48,1536,8,2304,50246,3957243,7,1,0,561.7,17.6,1,0.0,7046,31.3,1019427,40765592
426679,13653728,2026-02-09 20:25,969188,36808573,48,1536,8,288,50314,3959387,7,0,0,561.7,17.6,1,0.0,7050,31.3,1019502,40767960
426680,13653760,2026-02-09 20:32,969193,36808736,48,1536,5,160,50307,3959164,5,-3,0,561.7,17.6,1,0.0,7049,31.3,1019500,40767900
426681,13653792,2026-02-09 20:38,969182,36808385,48,1536,24,768,50299,3958908,-11,19,0,561.7,17.6,3,0.0,7049,31.3,1019481,40767293
426682,13653824,2026-02-09 20:45,969190,36808643,48,1536,23,736,50291,3958652,8,-1,0,561.7,17.6,3,0.0,7048,31.3,1019481,40767295
426683,13653856,2026-02-09 20:51,969198,36808899,48,1536,22,704,50283,3958396,8,-1,0,561.7,17.6,3,0.0,7048,31.3,1019481,40767295
426684,13653888,2026-02-09 20:57,969206,36809156,48,1536,19,608,50275,3958140,8,-3,0,561.7,17.6,2,0.0,7047,31.3,1019481,40767296
426685,13653920,2026-02-09 21:04,969214,36809414,48,1536,11,352,50268,3957885,8,-8,0,561.7,17.6,1,0.0,7047,31.3,1019482,40767299
426686,13653952,2026-02-09 21:10,969222,36809670,48,1536,3,96,50260,3957629,8,-8,0,561.7,17.6,0,0.0,7046,31.3,1019482,40767299
426687,13653984,2026-02-09 21:17,969230,36809926,48,1536,0,0,50254,3957437,8,-3,0,561.7,17.6,0,0.0,7046,31.3,1019484,40767363
426688,13654016,2026-02-09 21:23,969233,36810025,48,1536,5,160,50247,3957219,3,5,0,561.7,17.6,1,0.0,7045,31.3,1019480,40767244
426689,13654048,2026-02-09 21:29,969241,36810281,48,1536,5,160,50239,3956963,8,0,0,561.7,17.6,1,0.0,7045,31.3,1019480,40767244
426690,13654080,2026-02-09 21:36,969249,36810537,48,1536,5,160,50234,3958544,8,0,0,561.7,17.6,1,0.0,7048,31.3,1019483,40769081
426691,13654112,2026-02-09 21:42,969257,36810793,48,1536,5,160,50227,3958320,8,0,0,561.7,17.6,1,0.0,7047,31.3,1019484,40769113
426692,13654144,2026-02-09 21:49,969265,36811051,48,1536,0,0,50222,3958160,8,-5,0,561.7,17.6,0,0.0,7047,31.3,1019487,40769211
426693,13654176,2026-02-09 21:55,969273,36811308,48,1536,0,0,50256,3959248,8,0,0,561.7,17.6,0,0.0,7049,31.3,1019529,40770556
426694,13654208,2026-02-09 22:01,969281,36811564,48,1536,0,0,50248,3958992,8,0,0,561.7,17.6,0,0.0,7048,31.3,1019529,40770556
426695,13654240,2026-02-09 22:08,969289,36811824,48,1536,0,0,50304,3960796,8,0,0,561.7,17.6,0,0.0,7051,31.3,1019593,40772620
426696,13654272,2026-02-09 22:14,969297,36812082,48,1536,0,0,50321,3961340,8,0,0,561.7,17.6,0,0.0,7052,31.3,1019618,40773422
426697,13654304,2026-02-09 22:21,969305,36812339,48,1536,0,0,50374,3963017,8,0,0,561.7,17.6,0,0.0,7055,31.4,1019679,40775356
426698,13654336,2026-02-09 22:27,969313,36812597,48,1536,0,0,50452,3965482,8,0,0,561.7,17.6,0,0.0,7060,31.4,1019765,40778079
426699,13654368,2026-02-09 22:33,969321,36812854,48,1536,0,0,50444,3965226,8,0,0,561.7,17.6,0,0.0,7059,31.4,1019765,40778080
426700,13654400,2026-02-09 22:40,969329,36813110,48,1536,0,0,50450,3965418,8,0,0,561.7,17.6,0,0.0,7059,31.4,1019779,40778528
426701,13654432,2026-02-09 22:46,969337,36813369,48,1536,0,0,50446,3965290,8,0,0,561.7,17.6,0,0.0,7059,31.4,1019783,40778659
426702,13654464,2026-02-09 22:53,969345,36813628,48,1536,0,0,50444,3965226,8,0,0,561.7,17.6,0,0.0,7059,31.4,1019789,40778854
426703,13654496,2026-02-09 22:59,969353,36813884,48,1536,0,0,50440,3965098,8,0,0,561.7,17.6,0,0.0,7059,31.4,1019793,40778982
426704,13654528,2026-02-09 23:05,969361,36814145,48,1536,0,0,50435,3965130,8,0,0,561.7,17.6,0,0.0,7059,31.4,1019796,40779275
426705,13654560,2026-02-09 23:12,969369,36814404,48,1536,0,0,50427,3964874,8,0,0,561.7,17.6,0,0.0,7058,31.4,1019796,40779278
426706,13654592,2026-02-09 23:18,969377,36814662,48,1536,0,0,50425,3964810,8,0,0,561.7,17.6,0,0.0,7058,31.4,1019802,40779472
426707,13654624,2026-02-09 23:25,969382,36814825,48,1536,3,96,50417,3964554,5,3,0,561.7,17.6,0,0.0,7058,31.4,1019799,40779379
426708,13654656,2026-02-09 23:31,969390,36815085,48,1536,3,96,50409,3964298,8,0,0,561.8,17.6,0,0.0,7057,31.4,1019799,40779383
426709,13654688,2026-02-09 23:37,969397,36815309,48,1536,4,128,50401,3964030,7,1,0,561.8,17.6,0,0.0,7056,31.4,1019798,40779339
426710,13654720,2026-02-09 23:44,969405,36815591,48,1548,4,128,50395,3963800,8,0,0,561.8,17.6,0,0.0,7056,31.4,1019800,40779391
426711,13654752,2026-02-09 23:50,969413,36815879,45,1498,1,32,50388,3963530,8,-3,-3,561.8,17.6,0,0.0,7055,31.4,1019801,40779409
426712,13654784,2026-02-09 23:57,969421,36816169,43,1482,1,32,50381,3963306,8,0,-2,561.8,17.6,0,0.0,7055,31.4,1019802,40779475
426713,13654816,2026-02-10 00:03,969429,36816586,41,1418,0,0,50373,3963022,8,-1,-2,561.8,17.6,0,0.0,7054,31.4,1019802,40779608
426714,13654848,2026-02-10 00:09,969437,36816844,37,1290,0,0,50365,3962755,8,0,-4,561.8,17.6,0,0.0,7054,31.4,1019802,40779599
426715,13654880,2026-02-10 00:16,969445,36817100,36,1300,0,0,50362,3962659,8,0,-1,561.8,17.6,0,0.0,7054,31.4,1019807,40779759
426716,13654912,2026-02-10 00:22,969453,36817422,36,1288,0,0,50412,3964223,8,0,0,561.8,17.6,0,0.0,7056,31.4,1019865,40781645
426717,13654944,2026-02-10 00:29,969458,36817629,37,1283,0,0,50404,3963967,5,0,1,561.8,17.6,0,0.0,7056,31.4,1019862,40781596
426718,13654976,2026-02-10 00:35,969442,36817166,39,1299,22,704,50396,3963711,-16,22,2,561.8,17.6,3,0.0,7056,31.4,1019838,40780877
426719,13655008,2026-02-10 00:41,969448,36817358,41,1363,22,704,50390,3963519,6,0,2,561.8,17.6,3,0.0,7055,31.4,1019838,40780877
426720,13655040,2026-02-10 00:48,969452,36817493,45,1491,22,704,50381,3963258,4,0,4,561.8,17.6,3,0.0,7055,31.4,1019833,40780751
426721,13655072,2026-02-10 00:54,969459,36817760,46,1481,22,704,50374,3963034,7,0,1,561.8,17.6,3,0.0,7054,31.4,1019833,40780794
426722,13655104,2026-02-10 01:01,969466,36817987,46,1481,15,480,50366,3962778,7,-7,0,561.8,17.6,2,0.0,7054,31.4,1019832,40780765
426723,13655136,2026-02-10 01:07,969472,36818190,48,1536,7,224,50364,3962692,6,-8,2,561.8,17.6,1,0.0,7054,31.4,1019836,40780882
426724,13655168,2026-02-10 01:13,969480,36818447,43,1376,1,32,50364,3962692,8,-6,-5,561.8,17.6,0,0.0,7054,31.4,1019844,40781139
426725,13655200,2026-02-10 01:20,969488,36818707,35,1120,1,32,50372,3962948,8,0,-8,561.8,17.6,0,0.0,7054,31.4,1019860,40781655
426726,13655232,2026-02-10 01:26,969496,36818966,27,864,0,0,50372,3962948,8,-1,-8,561.8,17.6,0,0.0,7054,31.4,1019868,40781914
426727,13655264,2026-02-10 01:33,969504,36819224,19,608,0,0,50373,3962980,8,0,-8,561.8,17.6,0,0.0,7054,31.4,1019877,40782204
426728,13655296,2026-02-10 01:39,969512,36819483,11,352,0,0,50373,3962980,8,0,-8,561.8,17.6,0,0.0,7054,31.4,1019885,40782463
426729,13655328,2026-02-10 01:45,969512,36819483,3,96,8,256,50373,3962980,0,8,-8,561.8,17.6,1,0.0,7054,31.4,1019885,40782463
426730,13655360,2026-02-10 01:52,969515,36819586,0,0,8,256,50373,3962980,3,0,-3,561.8,17.6,1,0.0,7054,31.4,1019888,40782566
426731,13655392,2026-02-10 01:58,969512,36814595,1,1920,11,5248,50374,3961124,-3,3,1,561.7,17.6,1,0.0,7051,31.3,1019886,40775719
426732,13655424,2026-02-10 02:05,969512,36814595,1,1920,11,5248,50377,3961220,0,0,0,561.7,17.6,1,0.0,7052,31.3,1019889,40775815
426733,13655456,2026-02-10 02:11,969512,36814596,1,1920,3,4992,50382,3961380,0,-8,0,561.7,17.6,0,0.0,7052,31.3,1019894,40775976
426734,13655488,2026-02-10 02:17,969512,36814597,1,1920,3,4992,50382,3961380,0,0,0,561.7,17.6,0,0.0,7052,31.3,1019894,40775977
426735,13655520,2026-02-10 02:24,969512,36814599,1,1920,3,4992,50383,3961394,0,0,0,561.7,17.6,0,0.0,7052,31.3,1019895,40775993
426736,13655552,2026-02-10 02:30,969512,36814601,1,1920,3,4992,50383,3961394,0,0,0,561.7,17.6,0,0.0,7052,31.3,1019895,40775995
426737,13655584,2026-02-10 02:37,969513,36816522,0,0,3,4992,50383,3961394,1,0,-1,561.8,17.6,0,0.0,7052,31.3,1019896,40777916
426738,13655616,2026-02-10 02:43,969513,36816522,0,0,3,4992,50383,3961394,0,0,0,561.8,17.6,0,0.0,7052,31.3,1019896,40777916
426739,13655648,2026-02-10 02:49,969513,36816524,1,1920,2,3904,50385,3959570,0,-1,1,561.8,17.6,0,0.0,7048,31.3,1019898,40776094
426740,13655680,2026-02-10 02:56,969513,36816524,1,1920,2,3904,50385,3959570,0,0,0,561.8,17.6,0,0.0,7048,31.3,1019898,40776094
426741,13655712,2026-02-10 03:02,969513,36816527,1,1920,2,3904,50385,3959570,0,0,0,561.8,17.6,0,0.0,7048,31.3,1019898,40776097
426742,13655744,2026-02-10 03:09,969513,36816528,1,1920,2,3904,50386,3959844,0,0,0,561.8,17.6,0,0.0,7049,31.3,1019899,40776372
426743,13655776,2026-02-10 03:15,969512,36816501,1,1920,3,3936,50386,3959844,-1,1,0,561.8,17.6,0,0.0,7049,31.3,1019898,40776345
426744,13655808,2026-02-10 03:21,969512,36816503,1,1920,3,3936,50397,3960196,0,0,0,561.8,17.6,0,0.0,7049,31.3,1019909,40776699
426745,13655840,2026-02-10 03:28,969513,36818424,0,0,3,3936,50396,3958276,1,0,-1,561.8,17.6,0,0.0,7046,31.3,1019909,40776700
426746,13655872,2026-02-10 03:34,969513,36818425,1,1920,2,1952,50396,3958276,0,-1,1,561.8,17.6,0,0.0,7046,31.3,1019909,40776701
426747,13655904,2026-02-10 03:41,969513,36818426,1,1920,2,1952,50397,3958308,0,0,0,561.8,17.6,0,0.0,7046,31.3,1019910,40776734
426748,13655936,2026-02-10 03:47,969513,36818428,1,1920,2,1952,50397,3958308,0,0,0,561.8,17.6,0,0.0,7046,31.3,1019910,40776736
426749,13655968,2026-02-10 03:53,969513,36818431,1,1920,2,1952,50397,3958308,0,0,0,561.8,17.6,0,0.0,7046,31.3,1019910,40776739
426750,13656000,2026-02-10 04:00,969513,36818432,1,1920,2,1952,50397,3958308,0,0,0,561.8,17.6,0,0.0,7046,31.3,1019910,40776740
426751,13656032,2026-02-10 04:06,969513,36818432,1,1920,2,1952,50397,3958308,0,0,0,561.8,17.6,0,0.0,7046,31.3,1019910,40776740
426752,13656064,2026-02-10 04:13,969514,36820352,0,0,2,1952,50397,3958308,1,0,-1,561.8,17.6,0,0.0,7045,31.3,1019911,40778660
426753,13656096,2026-02-10 04:19,969514,36820354,0,0,2,1952,50396,3956388,0,0,0,561.8,17.6,0,0.0,7042,31.3,1019910,40776742
426754,13656128,2026-02-10 04:25,969514,36820354,1,1920,0,0,50396,3956388,0,-2,1,561.8,17.6,0,0.0,7042,31.3,1019910,40776742
426755,13656160,2026-02-10 04:32,969509,36820197,1,1920,5,160,50399,3956465,-5,5,0,561.8,17.6,1,0.0,7042,31.3,1019908,40776662
426756,13656192,2026-02-10 04:38,969509,36820199,1,1920,5,160,50399,3956465,0,0,0,561.8,17.6,1,0.0,7042,31.3,1019908,40776664
426757,13656224,2026-02-10 04:45,969509,36820202,1,1920,5,160,50400,3956466,0,0,0,561.8,17.6,1,0.0,7042,31.3,1019909,40776668
426758,13656256,2026-02-10 04:51,969509,36820203,1,1920,5,160,50400,3956466,0,0,0,561.8,17.6,1,0.0,7042,31.3,1019909,40776669
426759,13656288,2026-02-10 04:57,969509,36820203,1,1920,0,0,50400,3956466,0,-5,0,561.8,17.6,0,0.0,7042,31.3,1019909,40776669
426760,13656320,2026-02-10 05:04,969510,36822124,0,0,0,0,50399,3954546,1,0,-1,561.9,17.6,0,0.0,7038,31.3,1019909,40776670
426761,13656352,2026-02-10 05:10,969510,36822124,1,1920,0,0,50399,3954546,0,0,1,561.9,17.6,0,0.0,7038,31.3,1019909,40776670
426762,13656384,2026-02-10 05:17,969510,36822124,1,1920,0,0,50403,3954674,0,0,0,561.9,17.6,0,0.0,7039,31.3,1019913,40776798
426763,13656416,2026-02-10 05:23,969510,36822125,1,1920,0,0,50404,3954706,0,0,0,561.9,17.6,0,0.0,7039,31.3,1019914,40776831
426764,13656448,2026-02-10 05:29,969510,36822128,1,1920,0,0,50404,3954706,0,0,0,561.9,17.6,0,0.0,7039,31.3,1019914,40776834
426765,13656480,2026-02-10 05:36,969510,36822129,1,1920,0,0,50405,3954738,0,0,0,561.9,17.6,0,0.0,7039,31.3,1019915,40776867
426766,13656512,2026-02-10 05:42,969510,36822129,1,1920,0,0,50406,3954770,0,0,0,561.9,17.6,0,0.0,7039,31.3,1019916,40776899
426767,13656544,2026-02-10 05:49,969511,36824049,0,0,0,0,50406,3954770,1,0,-1,561.9,17.6,0,0.0,7038,31.3,1019917,40778819
426768,13656576,2026-02-10 05:55,969510,36824001,0,0,1,32,50405,3952850,-1,1,0,561.9,17.6,0,0.0,7035,31.3,1019915,40776851
426769,13656608,2026-02-10 06:01,969510,36824005,1,1920,1,32,50406,3952882,0,0,1,561.9,17.6,0,0.0,7035,31.3,1019916,40776887
426770,13656640,2026-02-10 06:08,969510,36824009,1,1920,1,32,50407,3952998,0,0,0,561.9,17.6,0,0.0,7035,31.3,1019917,40777007
426771,13656672,2026-02-10 06:14,969510,36824010,1,1920,1,32,50425,3953707,0,0,0,561.9,17.6,0,0.0,7036,31.3,1019935,40777717
426772,13656704,2026-02-10 06:21,969510,36824011,1,1920,0,0,50428,3953934,0,-1,0,561.9,17.6,0,0.0,7037,31.3,1019938,40777945
426773,13656736,2026-02-10 06:27,969510,36824017,1,1920,0,0,50429,3953970,0,0,0,561.9,17.6,0,0.0,7037,31.3,1019939,40777987
426774,13656768,2026-02-10 06:33,969509,36823985,1,1920,1,32,50429,3953970,-1,1,0,561.9,17.6,0,0.0,7037,31.3,1019938,40777955
426775,13656800,2026-02-10 06:40,969510,36825908,0,0,1,32,50428,3952050,1,0,-1,561.9,17.6,0,0.0,7033,31.3,1019938,40777958
426776,13656832,2026-02-10 06:46,969510,36825911,1,1920,1,32,50428,3952050,0,0,1,561.9,17.6,0,0.0,7033,31.3,1019938,40777961
426777,13656864,2026-02-10 06:53,969510,36825912,1,1920,1,32,50432,3952178,0,0,0,561.9,17.6,0,0.0,7033,31.3,1019942,40778090
426778,13656896,2026-02-10 06:59,969510,36825912,1,1920,0,0,50432,3952178,0,-1,0,561.9,17.6,0,0.0,7033,31.3,1019942,40778090
426779,13656928,2026-02-10 07:05,969510,36825914,1,1920,0,0,50433,3953778,0,0,0,561.9,17.6,0,0.0,7036,31.3,1019943,40779692
426780,13656960,2026-02-10 07:12,969510,36825917,1,1920,0,0,50433,3953778,0,0,0,561.9,17.6,0,0.0,7036,31.3,1019943,40779695
426781,13656992,2026-02-10 07:18,969510,36825921,1,1920,0,0,50443,3954098,0,0,0,561.9,17.6,0,0.0,7037,31.3,1019953,40780019
426782,13657024,2026-02-10 07:25,969511,36827841,0,0,0,0,50456,3954514,1,0,-1,561.9,17.6,0,0.0,7037,31.3,1019967,40782355
426783,13657056,2026-02-10 07:31,969511,36827844,0,0,0,0,50455,3952594,0,0,0,561.9,17.6,0,0.0,7034,31.3,1019966,40780438
426784,13657088,2026-02-10 07:37,969511,36827847,1,1920,0,0,50455,3952594,0,0,1,561.9,17.6,0,0.0,7034,31.3,1019966,40780441
426785,13657120,2026-02-10 07:44,969511,36827847,1,1920,0,0,50456,3952626,0,0,0,561.9,17.6,0,0.0,7034,31.3,1019967,40780473
426786,13657152,2026-02-10 07:50,969511,36827848,1,1920,0,0,50457,3952658,0,0,0,561.9,17.6,0,0.0,7034,31.3,1019968,40780506
426787,13657184,2026-02-10 07:57,969511,36827848,1,1920,0,0,50457,3952658,0,0,0,561.9,17.6,0,0.0,7034,31.3,1019968,40780506
426788,13657216,2026-02-10 08:03,969511,36827849,1,1920,0,0,50457,3952658,0,0,0,561.9,17.6,0,0.0,7034,31.3,1019968,40780507
426789,13657248,2026-02-10 08:09,969511,36827852,1,1920,0,0,50457,3952658,0,0,0,561.9,17.6,0,0.0,7034,31.3,1019968,40780510
426790,13657280,2026-02-10 08:16,969512,36829775,0,0,0,0,50456,3950738,1,0,-1,562.0,17.6,0,0.0,7030,31.2,1019968,40780513
426791,13657312,2026-02-10 08:22,969512,36828247,1,1920,0,0,50456,3950738,0,0,1,562.0,17.6,0,0.0,7030,31.2,1019968,40778985
426792,13657344,2026-02-10 08:29,969512,36828249,1,1920,0,0,50457,3950770,0,0,0,562.0,17.6,0,0.0,7030,31.2,1019969,40779019
426793,13657376,2026-02-10 08:35,969508,36828121,1,1920,4,128,50458,3950873,-4,4,0,562.0,17.6,0,0.0,7031,31.2,1019966,40778994
426794,13657408,2026-02-10 08:41,969508,36828121,1,1920,4,128,50458,3950873,0,0,0,562.0,17.6,0,0.0,7031,31.2,1019966,40778994
426795,13657440,2026-02-10 08:48,969502,36827931,1,1920,10,320,50458,3950873,-6,6,0,561.9,17.6,1,0.0,7031,31.2,1019960,40778804
426796,13657472,2026-02-10 08:54,969499,36827836,1,1920,13,416,50458,3950873,-3,3,0,561.9,17.6,2,0.0,7031,31.2,1019957,40778709
426797,13657504,2026-02-10 09:01,969500,36828225,0,0,9,288,50458,3950873,1,-4,-1,562.0,17.6,1,0.0,7031,31.2,1019958,40779098
426798,13657536,2026-02-10 09:07,969500,36828225,0,0,9,288,50457,3948953,0,0,0,562.0,17.6,1,0.0,7027,31.2,1019957,40777178
426799,13657568,2026-02-10 09:13,969500,36828228,1,1920,4,128,50457,3948953,0,-5,1,562.0,17.6,0,0.0,7027,31.2,1019957,40777181
426800,13657600,2026-02-10 09:20,969498,36828164,1,1920,2,64,50472,3949433,-2,-2,0,562.0,17.6,0,0.0,7028,31.2,1019970,40777597
426801,13657632,2026-02-10 09:26,969492,36827977,1,1920,8,256,50477,3949593,-6,6,0,562.0,17.6,1,0.0,7028,31.2,1019969,40777570
426802,13657664,2026-02-10 09:33,969488,36827850,1,1920,12,384,50477,3949593,-4,4,0,561.9,17.6,2,0.0,7028,31.2,1019965,40777443
426803,13657696,2026-02-10 09:39,969482,36827660,1,1920,18,576,50478,3949625,-6,6,0,561.9,17.6,2,0.0,7028,31.2,1019960,40777285
426804,13657728,2026-02-10 09:45,969475,36827438,1,1920,23,736,50479,3949657,-7,5,0,561.9,17.6,3,0.0,7029,31.2,1019954,40777095
426805,13657760,2026-02-10 09:52,969472,36829230,0,0,21,672,50479,3949657,-3,-2,-1,562.0,17.6,3,0.0,7028,31.2,1019951,40778887
426806,13657792,2026-02-10 09:58,969469,36829134,1,1920,20,640,50481,3947801,-3,-1,1,562.0,17.6,2,0.0,7025,31.2,1019950,40776935
426807,13657824,2026-02-10 10:05,969469,36829134,1,1920,14,448,50481,3947801,0,-6,0,562.0,17.6,2,0.0,7025,31.2,1019950,40776935
426808,13657856,2026-02-10 10:11,969469,36829134,1,1920,7,224,50483,3949009,0,-7,0,562.0,17.6,1,0.0,7027,31.2,1019952,40778143
426809,13657888,2026-02-10 10:17,969469,36829134,1,1920,3,96,50483,3949009,0,-4,0,562.0,17.6,0,0.0,7027,31.2,1019952,40778143
426810,13657920,2026-02-10 10:24,969469,36829136,1,1920,0,0,50488,3951057,0,-3,0,562.0,17.6,0,0.0,7031,31.2,1019957,40780193
426811,13657952,2026-02-10 10:30,969469,36829137,1,1920,0,0,50489,3952057,0,0,0,562.0,17.6,0,0.0,7033,31.3,1019958,40781194
426812,13657984,2026-02-10 10:37,969470,36831058,0,0,0,0,50489,3952057,1,0,-1,562.0,17.6,0,0.0,7032,31.3,1019959,40783115
426813,13658016,2026-02-10 10:43,969470,36831060,0,0,0,0,50493,3950242,0,0,0,562.0,17.6,0,0.0,7029,31.2,1019963,40781302
426814,13658048,2026-02-10 10:49,969470,36831062,1,1920,0,0,50494,3950274,0,0,1,562.0,17.6,0,0.0,7029,31.2,1019964,40781336
426815,13658080,2026-02-10 10:56,969470,36831062,1,1920,0,0,50494,3950274,0,0,0,562.0,17.6,0,0.0,7029,31.2,1019964,40781336
426816,13658112,2026-02-10 11:02,969470,36831064,1,1920,0,0,50494,3950274,0,0,0,562.0,17.6,0,0.0,7029,31.2,1019964,40781338
426817,13658144,2026-02-10 11:09,969470,36831070,1,1920,0,0,50494,3950274,0,0,0,562.0,17.6,0,0.0,7029,31.2,1019964,40781344
426818,13658176,2026-02-10 11:15,969467,36830977,1,1920,3,96,50495,3950306,-3,3,0,562.0,17.6,0,0.0,7029,31.2,1019962,40781283
426819,13658208,2026-02-10 11:21,969466,36830949,1,1920,4,128,50510,3950786,-1,1,0,562.0,17.6,0,0.0,7030,31.2,1019976,40781735
426820,13658240,2026-02-10 11:28,969467,36832870,0,0,4,128,50509,3948866,1,0,-1,562.0,17.6,0,0.0,7026,31.2,1019976,40781736
426821,13658272,2026-02-10 11:34,969467,36832871,1,1920,4,128,50509,3948866,0,0,1,562.0,17.6,0,0.0,7026,31.2,1019976,40781737
426822,13658304,2026-02-10 11:41,969467,36832875,1,1920,1,32,50509,3948866,0,-3,0,562.0,17.6,0,0.0,7026,31.2,1019976,40781741
426823,13658336,2026-02-10 11:47,969467,36832877,1,1920,0,0,50509,3948866,0,-1,0,562.0,17.6,0,0.0,7026,31.2,1019976,40781743
426824,13658368,2026-02-10 11:53,969442,36832079,1,1920,25,800,50509,3948866,-25,25,0,562.0,17.6,3,0.0,7026,31.2,1019951,40780945
426825,13658400,2026-02-10 12:00,969442,36832084,1,1920,25,800,50509,3948866,0,0,0,562.0,17.6,3,0.0,7026,31.2,1019951,40780950
426826,13658432,2026-02-10 12:06,969442,36832085,1,1920,25,800,50509,3948866,0,0,0,562.0,17.6,3,0.0,7026,31.2,1019951,40780951
426827,13658464,2026-02-10 12:13,969443,36834007,0,0,25,800,50512,3948962,1,0,-1,562.0,17.6,3,0.0,7026,31.2,1019955,40782969
426828,13658496,2026-02-10 12:19,969394,36832440,0,0,66,2112,50511,3947042,-49,41,0,562.0,17.6,8,0.0,7023,31.2,1019905,40779482
426829,13658528,2026-02-10 12:25,969394,36832441,1,1920,58,1856,50512,3947074,0,-8,1,562.0,17.6,7,0.0,7023,31.2,1019906,40779515
426830,13658560,2026-02-10 12:32,969394,36832441,1,1920,50,1600,50513,3947106,0,-8,0,562.0,17.6,6,0.0,7023,31.2,1019907,40779547
426831,13658592,2026-02-10 12:38,969224,36827002,1,1920,219,7008,50528,3947586,-170,169,0,561.9,17.6,27,0.1,7025,31.2,1019752,40774588
426832,13658624,2026-02-10 12:45,969224,36827007,1,1920,211,6752,50529,3947618,0,-8,0,561.9,17.6,26,0.1,7025,31.2,1019753,40774625
426833,13658656,2026-02-10 12:51,969224,36827009,1,1920,203,6496,50529,3947618,0,-8,0,561.9,17.6,25,0.1,7025,31.2,1019753,40774627
426834,13658688,2026-02-10 12:57,969224,36827009,1,1920,195,6240,50529,3947618,0,-8,0,561.9,17.6,24,0.1,7025,31.2,1019753,40774627
426835,13658720,2026-02-10 13:04,969225,36828931,0,0,187,5984,50536,3945954,1,-8,-1,562.0,17.6,23,0.1,7022,31.2,1019761,40774885
426836,13658752,2026-02-10 13:10,969225,36828934,1,1920,179,5728,50536,3945954,0,-8,1,562.0,17.6,22,0.1,7022,31.2,1019761,40774888
426837,13658784,2026-02-10 13:17,969225,36828935,1,1920,171,5472,50541,3946114,0,-8,0,562.0,17.6,21,0.1,7022,31.2,1019766,40775049
426838,13658816,2026-02-10 13:23,969225,36828936,1,1920,163,5216,50544,3946210,0,-8,0,562.0,17.6,20,0.1,7022,31.2,1019769,40775146
426839,13658848,2026-02-10 13:29,969225,36828938,1,1920,155,4960,50544,3946210,0,-8,0,562.0,17.6,19,0.1,7022,31.2,1019769,40775148
426840,13658880,2026-02-10 13:36,969225,36828940,1,1920,147,4704,50545,3946242,0,-8,0,562.0,17.6,18,0.1,7022,31.2,1019770,40775182
426841,13658912,2026-02-10 13:42,969225,36828943,1,1920,139,4448,50545,3946242,0,-8,0,562.0,17.6,17,0.1,7022,31.2,1019770,40775185
426842,13658944,2026-02-10 13:49,969226,36830864,0,0,131,4192,50545,3946242,1,-8,-1,562.0,17.6,16,0.1,7022,31.2,1019771,40777106
426843,13658976,2026-02-10 13:55,969226,36830865,0,0,123,3936,50544,3944322,0,-8,0,562.0,17.6,15,0.1,7018,31.2,1019770,40775187
426844,13659008,2026-02-10 14:01,969226,36830869,1,1920,115,3680,50544,3944322,0,-8,1,562.0,17.6,14,0.1,7018,31.2,1019770,40775191
426845,13659040,2026-02-10 14:08,969226,36830869,1,1920,107,3424,50544,3944322,0,-8,0,562.0,17.6,13,0.1,7018,31.2,1019770,40775191
426846,13659072,2026-02-10 14:14,969226,36830870,1,1920,99,3168,50544,3944322,0,-8,0,562.0,17.6,12,0.1,7018,31.2,1019770,40775192
426847,13659104,2026-02-10 14:21,969226,36830870,1,1920,91,2912,50544,3944322,0,-8,0,562.0,17.6,11,0.0,7018,31.2,1019770,40775192
426848,13659136,2026-02-10 14:27,969226,36830873,1,1920,83,2656,50544,3944322,0,-8,0,562.0,17.6,10,0.0,7018,31.2,1019770,40775195
426849,13659168,2026-02-10 14:33,969226,36830876,1,1920,75,2400,50544,3944322,0,-8,0,562.0,17.6,9,0.0,7018,31.2,1019770,40775198
426850,13659200,2026-02-10 14:40,969227,36832799,0,0,67,2144,50543,3942402,1,-8,-1,562.0,17.6,8,0.0,7015,31.2,1019770,40775201
426851,13659232,2026-02-10 14:46,969226,36832768,1,1920,60,1920,50550,3942626,-1,-7,1,562.0,17.6,8,0.0,7015,31.2,1019776,40775394
426852,13659264,2026-02-10 14:53,969226,36832769,1,1920,52,1664,50551,3942734,0,-8,0,562.0,17.6,6,0.0,7015,31.2,1019777,40775503
426853,13659296,2026-02-10 14:59,969226,36832773,1,1920,44,1408,50551,3942734,0,-8,0,562.0,17.6,6,0.0,7015,31.2,1019777,40775507
426854,13659328,2026-02-10 15:05,969226,36832773,1,1920,36,1152,50551,3942734,0,-8,0,562.0,17.6,4,0.0,7015,31.2,1019777,40775507
426855,13659360,2026-02-10 15:12,969222,36832647,1,1920,32,1024,50551,3942734,-4,-4,0,562.0,17.6,4,0.0,7015,31.2,1019773,40775381
426856,13659392,2026-02-10 15:18,969221,36832615,1,1920,25,800,50560,3943022,-1,-7,0,562.0,17.6,3,0.0,7016,31.2,1019781,40775637
426857,13659424,2026-02-10 15:25,969222,36834537,0,0,17,544,50560,3943022,1,-8,-1,562.1,17.6,2,0.0,7015,31.2,1019782,40777559
426858,13659456,2026-02-10 15:31,969222,36834540,0,0,9,288,50560,3943022,0,-8,0,562.1,17.6,1,0.0,7015,31.2,1019782,40777562
426859,13659488,2026-02-10 15:37,969221,36834509,1,1920,2,64,50561,3941166,-1,-7,1,562.1,17.6,0,0.0,7012,31.2,1019782,40775675
426860,13659520,2026-02-10 15:44,969221,36834510,1,1920,1,32,50561,3941166,0,-1,0,562.1,17.6,0,0.0,7012,31.2,1019782,40775676
426861,13659552,2026-02-10 15:50,969221,36834511,1,1920,1,32,50561,3941166,0,0,0,562.1,17.6,0,0.0,7012,31.2,1019782,40775677
426862,13659584,2026-02-10 15:57,969221,36834512,1,1920,1,32,50561,3941166,0,0,0,562.1,17.6,0,0.0,7012,31.2,1019782,40775678
426863,13659616,2026-02-10 16:03,969221,36834512,1,1920,0,0,50561,3941166,0,-1,0,562.1,17.6,0,0.0,7012,31.2,1019782,40775678
426864,13659648,2026-02-10 16:09,969221,36834519,1,1920,0,0,50561,3941166,0,0,0,562.1,17.6,0,0.0,7012,31.2,1019782,40775685
426865,13659680,2026-02-10 16:16,969222,36836442,0,0,0,0,50560,3939246,1,0,-1,562.1,17.6,0,0.0,7008,31.1,1019782,40775688
426866,13659712,2026-02-10 16:22,969222,36836443,1,1920,0,0,50562,3939567,0,0,1,562.1,17.6,0,0.0,7009,31.2,1019784,40776010
426867,13659744,2026-02-10 16:29,969222,36836445,1,1920,0,0,50562,3939567,0,0,0,562.1,17.6,0,0.0,7009,31.2,1019784,40776012
426868,13659776,2026-02-10 16:35,969216,36836255,1,1920,6,192,50562,3939567,-6,6,0,562.1,17.6,1,0.0,7009,31.2,1019778,40775822
426869,13659808,2026-02-10 16:41,969216,36836257,1,1920,6,192,50562,3939567,0,0,0,562.1,17.6,1,0.0,7009,31.2,1019778,40775824
426870,13659840,2026-02-10 16:48,969216,36836259,1,1920,6,192,50562,3939567,0,0,0,562.1,17.6,1,0.0,7009,31.2,1019778,40775826
426871,13659872,2026-02-10 16:54,969216,36836261,1,1920,6,192,50563,3939637,0,0,0,562.1,17.6,1,0.0,7009,31.2,1019779,40775898
426872,13659904,2026-02-10 17:01,969217,36838184,0,0,0,0,50564,3939669,1,-6,-1,562.1,17.6,0,0.0,7009,31.2,1019781,40777853
426873,13659936,2026-02-10 17:07,969217,36838187,0,0,0,0,50563,3937749,0,0,0,562.1,17.6,0,0.0,7005,31.1,1019780,40775936
426874,13659968,2026-02-10 17:13,969217,36838188,1,1920,0,0,50563,3937749,0,0,1,562.1,17.6,0,0.0,7005,31.1,1019780,40775937
426875,13660000,2026-02-10 17:20,969213,36838061,1,1920,4,128,50564,3937781,-4,4,0,562.1,17.6,0,0.0,7005,31.1,1019777,40775842
426876,13660032,2026-02-10 17:26,969212,36838031,1,1920,5,160,50564,3937781,-1,1,0,562.1,17.6,1,0.0,7005,31.1,1019776,40775812
426877,13660064,2026-02-10 17:33,969210,36837969,1,1920,7,224,50570,3937974,-2,2,0,562.1,17.6,1,0.0,7006,31.1,1019780,40775943
426878,13660096,2026-02-10 17:39,969210,36837970,1,1920,7,224,50570,3937974,0,0,0,562.1,17.6,1,0.0,7006,31.1,1019780,40775944
426879,13660128,2026-02-10 17:45,969209,36837939,1,1920,4,128,50570,3937974,-1,-3,0,562.1,17.6,0,0.0,7006,31.1,1019779,40775913
426880,13660160,2026-02-10 17:52,969210,36839860,0,0,3,96,50570,3937974,1,-1,-1,562.1,17.6,0,0.0,7005,31.1,1019780,40777834
426881,13660192,2026-02-10 17:58,969210,36839862,1,1920,1,32,50570,3936056,0,-2,1,562.1,17.6,0,0.0,7002,31.1,1019780,40775918
426882,13660224,2026-02-10 18:05,969210,36839864,1,1920,1,32,50570,3936056,0,0,0,562.1,17.6,0,0.0,7002,31.1,1019780,40775920
426883,13660256,2026-02-10 18:11,969209,36839834,1,1920,1,32,50570,3936056,-1,0,0,562.1,17.6,0,0.0,7002,31.1,1019779,40775890
426884,13660288,2026-02-10 18:17,969208,36839802,1,1920,2,64,50576,3936248,-1,1,0,562.1,17.6,0,0.0,7002,31.1,1019784,40776050
426885,13660320,2026-02-10 18:24,969208,36839806,1,1920,2,64,50576,3936248,0,0,0,562.1,17.6,0,0.0,7002,31.1,1019784,40776054
426886,13660352,2026-02-10 18:30,969208,36839807,1,1920,2,64,50576,3936248,0,0,0,562.1,17.6,0,0.0,7002,31.1,1019784,40776055
426887,13660384,2026-02-10 18:37,969208,36841696,0,0,2,64,50576,3936248,0,0,-1,562.2,17.6,0,0.0,7002,31.1,1019784,40777944
426888,13660416,2026-02-10 18:43,969208,36841696,0,0,1,32,50576,3936248,0,-1,0,562.2,17.6,0,0.0,7002,31.1,1019784,40777944
426889,13660448,2026-02-10 18:49,969208,36841697,1,1920,1,32,50576,3934360,0,0,1,562.2,17.6,0,0.0,6999,31.1,1019784,40776057
426890,13660480,2026-02-10 18:56,969207,36841667,1,1920,2,64,50577,3934398,-1,1,0,562.2,17.6,0,0.0,6999,31.1,1019784,40776065
426891,13660512,2026-02-10 19:02,969206,36841638,1,1920,2,64,50579,3934460,-1,0,0,562.2,17.6,0,0.0,6999,31.1,1019785,40776098
426892,13660544,2026-02-10 19:09,969204,36841578,1,1920,4,128,50580,3934716,-2,2,0,562.2,17.6,0,0.0,6999,31.1,1019784,40776294
426893,13660576,2026-02-10 19:15,969202,36841514,1,1920,6,192,50580,3934716,-2,2,0,562.2,17.6,1,0.0,6999,31.1,1019782,40776230
426894,13660608,2026-02-10 19:21,969200,36841452,1,1920,7,224,50580,3934716,-2,1,0,562.2,17.6,1,0.0,6999,31.1,1019780,40776168
426895,13660640,2026-02-10 19:28,969201,36843373,0,0,6,192,50580,3934716,1,-1,-1,562.2,17.6,1,0.0,6999,31.1,1019781,40778089
426896,13660672,2026-02-10 19:34,969201,36843376,1,1920,4,128,50581,3932863,0,-2,1,562.2,17.6,0,0.0,6996,31.1,1019782,40776239
426897,13660704,2026-02-10 19:41,969201,36843380,1,1920,2,64,50581,3932863,0,-2,0,562.2,17.6,0,0.0,6996,31.1,1019782,40776243
426898,13660736,2026-02-10 19:47,969201,36843381,1,1920,0,0,50581,3932863,0,-2,0,562.2,17.6,0,0.0,6996,31.1,1019782,40776244
426899,13660768,2026-02-10 19:53,969201,36843381,1,1920,0,0,50581,3932863,0,0,0,562.2,17.6,0,0.0,6996,31.1,1019782,40776244
426900,13660800,2026-02-10 20:00,969200,36843350,1,1920,1,32,50581,3932863,-1,1,0,562.2,17.6,0,0.0,6996,31.1,1019781,40776213
426901,13660832,2026-02-10 20:06,969200,36843355,1,1920,1,32,50581,3932863,0,0,0,562.2,17.6,0,0.0,6996,31.1,1019781,40776218
426902,13660864,2026-02-10 20:13,969201,36845278,0,0,1,32,50583,3932927,1,0,-1,562.2,17.6,0,0.0,6995,31.1,1019784,40778205
426903,13660896,2026-02-10 20:19,969201,36845280,0,0,1,32,50582,3931007,0,0,0,562.2,17.6,0,0.0,6992,31.1,1019783,40776287
426904,13660928,2026-02-10 20:25,969201,36845282,1,1920,0,0,50582,3931007,0,-1,1,562.2,17.6,0,0.0,6992,31.1,1019783,40776289
426905,13660960,2026-02-10 20:32,969201,36845286,1,1920,0,0,50582,3931007,0,0,0,562.2,17.6,0,0.0,6992,31.1,1019783,40776293
426906,13660992,2026-02-10 20:38,969191,36844967,1,1920,10,320,50664,4071407,-10,10,0,562.2,17.6,1,0.0,7242,32.2,1019855,40916374
426907,13661024,2026-02-10 20:45,969191,36844969,1,1920,10,320,50664,4071407,0,0,0,562.2,17.6,1,0.0,7242,32.2,1019855,40916376
426908,13661056,2026-02-10 20:51,969191,36844973,1,1920,10,320,50664,4071407,0,0,0,562.2,17.6,1,0.0,7242,32.2,1019855,40916380
426909,13661088,2026-02-10 20:57,969191,36844974,1,1920,10,320,50664,4071407,0,0,0,562.2,17.6,1,0.0,7242,32.2,1019855,40916381
426910,13661120,2026-02-10 21:04,969192,36846895,0,0,2,64,50675,4071759,1,-8,-1,562.2,17.6,0,0.0,7242,32.2,1019867,40918654
426911,13661152,2026-02-10 21:10,969187,36846737,1,1920,5,160,50677,4069958,-5,3,1,562.2,17.6,1,0.0,7239,32.2,1019864,40916695
426912,13661184,2026-02-10 21:17,969187,36846740,1,1920,5,160,50678,4069990,0,0,0,562.2,17.6,1,0.0,7239,32.2,1019865,40916730
426913,13661216,2026-02-10 21:23,969187,36846741,1,1920,5,160,50678,4069990,0,0,0,562.2,17.6,1,0.0,7239,32.2,1019865,40916731
426914,13661248,2026-02-10 21:29,969187,36846744,1,1920,5,160,50678,4069990,0,0,0,562.2,17.6,1,0.0,7239,32.2,1019865,40916734
426915,13661280,2026-02-10 21:36,969187,36846746,1,1920,0,0,50679,4070022,0,-5,0,562.2,17.6,0,0.0,7239,32.2,1019866,40916768
426916,13661312,2026-02-10 21:42,969187,36846747,1,1920,0,0,50681,4070086,0,0,0,562.2,17.6,0,0.0,7239,32.2,1019868,40916833
426917,13661344,2026-02-10 21:49,969188,36848670,0,0,0,0,50682,4070118,1,0,-1,562.3,17.6,0,0.0,7239,32.2,1019870,40918788
426918,13661376,2026-02-10 21:55,969188,36848631,0,0,0,0,50682,4070118,0,0,0,562.3,17.6,0,0.0,7239,32.2,1019870,40918749
426919,13661408,2026-02-10 22:01,969188,36848630,1,1920,0,0,50682,4068198,0,0,1,562.3,17.6,0,0.0,7235,32.2,1019870,40916828
426920,13661440,2026-02-10 22:08,969188,36848632,1,1920,0,0,50733,4069830,0,0,0,562.3,17.6,0,0.0,7238,32.2,1019921,40918462
426921,13661472,2026-02-10 22:14,969188,36848633,1,1920,0,0,50774,4072010,0,0,0,562.3,17.6,0,0.0,7242,32.2,1019962,40920643
426922,13661504,2026-02-10 22:21,969188,36848635,1,1920,0,0,50811,4073194,0,0,0,562.3,17.6,0,0.0,7244,32.2,1019999,40921829
426923,13661536,2026-02-10 22:27,969188,36848635,1,1920,0,0,50812,4073226,0,0,0,562.3,17.6,0,0.0,7244,32.2,1020000,40921861
426924,13661568,2026-02-10 22:33,969188,36848637,1,1920,0,0,50813,4073258,0,0,0,562.3,17.6,0,0.0,7244,32.2,1020001,40921895
426925,13661600,2026-02-10 22:40,969189,36850560,0,0,0,0,50815,4073322,1,0,-1,562.3,17.6,0,0.0,7244,32.2,1020004,40923882
426926,13661632,2026-02-10 22:46,969189,36850563,1,1920,0,0,50817,4071498,0,0,1,562.3,17.6,0,0.0,7241,32.2,1020006,40922061
426927,13661664,2026-02-10 22:53,969189,36850563,1,1920,0,0,50818,4071530,0,0,0,562.3,17.6,0,0.0,7241,32.2,1020007,40922093
426928,13661696,2026-02-10 22:59,969189,36850565,1,1920,0,0,50823,4071690,0,0,0,562.3,17.6,0,0.0,7241,32.2,1020012,40922255
426929,13661728,2026-02-10 23:05,969189,36850567,1,1920,0,0,50825,4071730,0,0,0,562.3,17.6,0,0.0,7241,32.2,1020014,40922297
426930,13661760,2026-02-10 23:12,969189,36850568,1,1920,0,0,50825,4071730,0,0,0,562.3,17.6,0,0.0,7241,32.2,1020014,40922298
426931,13661792,2026-02-10 23:18,969189,36850570,1,1920,0,0,50828,4071826,0,0,0,562.3,17.6,0,0.0,7241,32.2,1020017,40922396
426932,13661824,2026-02-10 23:25,969184,36852299,0,0,6,192,50835,4072050,-5,6,-1,562.3,17.6,1,0.0,7241,32.2,1020019,40924349
426933,13661856,2026-02-10 23:31,969184,36852301,0,0,6,192,50834,4070130,0,0,0,562.3,17.6,1,0.0,7238,32.2,1020018,40922431
426934,13661888,2026-02-10 23:37,969184,36852302,1,1920,6,192,50834,4070130,0,0,1,562.3,17.6,1,0.0,7238,32.2,1020018,40922432
426935,13661920,2026-02-10 23:44,969184,36852302,1,1920,6,192,50835,4070162,0,0,0,562.3,17.6,1,0.0,7238,32.2,1020019,40922464
426936,13661952,2026-02-10 23:50,969184,36852305,1,1920,0,0,50835,4070162,0,-6,0,562.3,17.6,0,0.0,7238,32.2,1020019,40922467
426937,13661984,2026-02-10 23:57,969184,36852307,1,1920,0,0,50835,4070162,0,0,0,562.3,17.6,0,0.0,7238,32.2,1020019,40922469
426938,13662016,2026-02-11 00:03,969182,36852244,1,1920,2,64,50835,4070162,-2,2,0,562.3,17.6,0,0.0,7238,32.2,1020017,40922406
426939,13662048,2026-02-11 00:09,969170,36851863,1,1920,14,448,50835,4070162,-12,12,0,562.3,17.6,2,0.0,7238,32.2,1020005,40922025
426940,13662080,2026-02-11 00:16,969096,36851386,0,0,89,2848,50836,4068306,-74,75,-1,562.3,17.6,11,0.0,7235,32.2,1019932,40919692
426941,13662112,2026-02-11 00:22,969047,36849821,1,1920,138,4416,50838,4068370,-49,49,1,562.3,17.6,17,0.1,7235,32.2,1019885,40918191
426942,13662144,2026-02-11 00:29,969047,36849825,1,1920,136,4352,50838,4068370,0,-2,0,562.3,17.6,17,0.1,7235,32.2,1019885,40918195
426943,13662176,2026-02-11 00:35,969019,36848929,1,1920,156,4992,50839,4068402,-28,20,0,562.3,17.6,20,0.1,7236,32.2,1019858,40917331
426944,13662208,2026-02-11 00:41,968945,36846561,1,1920,222,7104,50843,4068530,-74,66,0,562.2,17.6,28,0.1,7236,32.2,1019788,40915091
426945,13662240,2026-02-11 00:48,968870,36844163,1,1920,289,9248,50843,4068530,-75,67,0,562.2,17.6,36,0.2,7237,32.2,1019713,40912693
426946,13662272,2026-02-11 00:54,968809,36842213,1,1920,342,10944,50843,4068530,-61,53,0,562.2,17.6,43,0.2,7237,32.2,1019652,40910743
426947,13662304,2026-02-11 01:01,968810,36844135,0,0,334,10688,50843,4068530,1,-8,-1,562.2,17.6,42,0.2,7237,32.2,1019653,40912665
426948,13662336,2026-02-11 01:07,968809,36844103,0,0,327,10464,50842,4066610,-1,-7,0,562.2,17.6,41,0.2,7233,32.1,1019651,40910713
426949,13662368,2026-02-11 01:13,968809,36844103,1,1920,319,10208,50845,4067260,0,-8,1,562.2,17.6,40,0.2,7235,32.2,1019654,40911363
426950,13662400,2026-02-11 01:20,968809,36844104,1,1920,311,9952,50848,4067356,0,-8,0,562.2,17.6,39,0.2,7235,32.2,1019657,40911460
426951,13662432,2026-02-11 01:26,968809,36844105,1,1920,303,9696,50848,4067356,0,-8,0,562.2,17.6,38,0.2,7235,32.2,1019657,40911461
426952,13662464,2026-02-11 01:33,968809,36844107,1,1920,294,9408,50849,4067388,0,-9,0,562.2,17.6,37,0.2,7235,32.2,1019658,40911495
426953,13662496,2026-02-11 01:39,968809,36844107,1,1920,286,9152,50849,4067388,0,-8,0,562.2,17.6,36,0.2,7235,32.2,1019658,40911495
426954,13662528,2026-02-11 01:45,968808,36844076,1,1920,279,8928,50849,4067388,-1,-7,0,562.2,17.6,35,0.2,7235,32.2,1019657,40911464
426955,13662560,2026-02-11 01:52,968809,36845998,0,0,271,8672,50848,4065468,1,-8,-1,562.2,17.6,34,0.2,7231,32.1,1019657,40911466
426956,13662592,2026-02-11 01:58,968809,36845999,1,1920,263,8416,50850,4065532,0,-8,1,562.2,17.6,33,0.1,7231,32.1,1019659,40911531
426957,13662624,2026-02-11 02:05,968809,36846001,1,1920,255,8160,50853,4065628,0,-8,0,562.2,17.6,32,0.1,7231,32.1,1019662,40911629
426958,13662656,2026-02-11 02:11,968809,36846001,1,1920,247,7904,50853,4065628,0,-8,0,562.2,17.6,31,0.1,7231,32.1,1019662,40911629
426959,13662688,2026-02-11 02:17,968808,36845970,1,1920,240,7681,50854,4065660,-1,-7,0,562.2,17.6,30,0.1,7231,32.1,1019662,40911630
426960,13662720,2026-02-11 02:24,968808,36845971,1,1920,232,7425,50973,4069468,0,-8,0,562.2,17.6,29,0.1,7238,32.2,1019781,40915439
426961,13662752,2026-02-11 02:30,968808,36845972,1,1920,224,7169,51122,4074236,0,-8,0,562.2,17.6,28,0.1,7247,32.2,1019930,40920208
426962,13662784,2026-02-11 02:37,968808,36847859,0,0,217,6946,51122,4074236,0,-7,-1,562.3,17.6,27,0.1,7246,32.2,1019930,40922095
426963,13662816,2026-02-11 02:43,968808,36847862,0,0,208,6657,51121,4072316,0,-9,0,562.3,17.6,26,0.1,7243,32.2,1019929,40920178
426964,13662848,2026-02-11 02:49,968808,36847864,1,1920,200,6401,51125,4072444,0,-8,1,562.3,17.6,25,0.1,7243,32.2,1019933,40920308
426965,13662880,2026-02-11 02:56,968808,36847866,1,1920,192,6145,51130,4072604,0,-8,0,562.3,17.6,24,0.1,7243,32.2,1019938,40920470
426966,13662912,2026-02-11 03:02,968805,36847772,1,1920,186,5952,51130,4072604,-3,-6,0,562.3,17.6,23,0.1,7243,32.2,1019935,40920376
426967,13662944,2026-02-11 03:09,968805,36847773,1,1920,178,5696,51130,4072604,0,-8,0,562.3,17.6,22,0.1,7243,32.2,1019935,40920377
426968,13662976,2026-02-11 03:15,968805,36847776,1,1920,170,5440,51131,4072710,0,-8,0,562.3,17.6,21,0.1,7244,32.2,1019936,40920486
426969,13663008,2026-02-11 03:21,968739,36845665,1,1920,228,7296,51141,4073030,-66,58,0,562.2,17.6,28,0.1,7245,32.2,1019880,40918695
426970,13663040,2026-02-11 03:28,968622,36843811,0,0,338,10816,51140,4071110,-117,110,-1,562.2,17.6,42,0.2,7241,32.2,1019762,40914921
426971,13663072,2026-02-11 03:34,968622,36843815,1,1920,330,10560,51140,4071110,0,-8,1,562.2,17.6,41,0.2,7241,32.2,1019762,40914925
426972,13663104,2026-02-11 03:41,968622,36843816,1,1920,322,10304,51140,4071110,0,-8,0,562.2,17.6,40,0.2,7241,32.2,1019762,40914926
426973,13663136,2026-02-11 03:47,968622,36843820,1,1920,314,10048,51143,4071110,0,-8,0,562.2,17.6,39,0.2,7241,32.2,1019765,40914930
426974,13663168,2026-02-11 03:53,968622,36843821,1,1920,306,9792,51146,4072081,0,-8,0,562.2,17.6,38,0.2,7243,32.2,1019768,40915902
426975,13663200,2026-02-11 04:00,968622,36843823,1,1920,298,9536,51146,4072081,0,-8,0,562.2,17.6,37,0.2,7243,32.2,1019768,40915904
426976,13663232,2026-02-11 04:06,968622,36843829,1,1920,290,9280,51146,4072081,0,-8,0,562.2,17.6,36,0.2,7243,32.2,1019768,40915910
426977,13663264,2026-02-11 04:13,968623,36845751,0,0,282,9024,51146,4072081,1,-8,-1,562.2,17.6,35,0.2,7243,32.2,1019769,40917832
426978,13663296,2026-02-11 04:19,968623,36845752,0,0,274,8768,51146,4070193,0,-8,0,562.2,17.6,34,0.2,7239,32.2,1019769,40915945
426979,13663328,2026-02-11 04:25,968623,36845752,1,1920,266,8512,51146,4070193,0,-8,1,562.2,17.6,33,0.1,7239,32.2,1019769,40915945
426980,13663360,2026-02-11 04:32,968623,36845756,1,1920,258,8256,51146,4070193,0,-8,0,562.2,17.6,32,0.1,7239,32.2,1019769,40915949
426981,13663392,2026-02-11 04:38,968607,36845244,1,1920,266,8512,51146,4070193,-16,8,0,562.2,17.6,33,0.1,7240,32.2,1019753,40915437
426982,13663424,2026-02-11 04:45,968604,36845152,1,1920,261,8352,51146,4070193,-3,-5,0,562.2,17.6,33,0.1,7240,32.2,1019750,40915345
426983,13663456,2026-02-11 04:51,968604,36845154,1,1920,253,8096,51146,4070193,0,-8,0,562.2,17.6,32,0.1,7240,32.2,1019750,40915347
426984,13663488,2026-02-11 04:57,968604,36845157,1,1920,245,7840,51146,4070193,0,-8,0,562.2,17.6,31,0.1,7240,32.2,1019750,40915350
426985,13663520,2026-02-11 05:04,968604,36847050,0,0,238,7616,51145,4068273,0,-7,-1,562.2,17.6,30,0.1,7236,32.2,1019749,40915323
426986,13663552,2026-02-11 05:10,968604,36847051,1,1920,230,7360,51145,4068273,0,-8,1,562.2,17.6,29,0.1,7236,32.2,1019749,40915324
426987,13663584,2026-02-11 05:17,968604,36847054,1,1920,222,7104,51151,4068476,0,-8,0,562.2,17.6,28,0.1,7236,32.2,1019755,40915530
426988,13663616,2026-02-11 05:23,968604,36847057,1,1920,214,6848,51159,4068732,0,-8,0,562.2,17.6,27,0.1,7237,32.2,1019763,40915789
426989,13663648,2026-02-11 05:29,968603,36847027,1,1920,207,6624,51159,4068732,-1,-7,0,562.2,17.6,26,0.1,7237,32.2,1019762,40915759
426990,13663680,2026-02-11 05:36,968603,36847030,1,1920,200,6400,51159,4068732,0,-7,0,562.2,17.6,25,0.1,7237,32.2,1019762,40915762
426991,13663712,2026-02-11 05:42,968602,36847001,1,1920,193,6176,51160,4068764,-1,-7,0,562.2,17.6,24,0.1,7237,32.2,1019762,40915765
426992,13663744,2026-02-11 05:49,968603,36848924,0,0,185,5920,51160,4068764,1,-8,-1,562.3,17.6,23,0.1,7236,32.2,1019763,40917688
426993,13663776,2026-02-11 05:55,968603,36848924,0,0,177,5664,51159,4066844,0,-8,0,562.3,17.6,22,0.1,7233,32.1,1019762,40915768
426994,13663808,2026-02-11 06:01,968603,36848925,1,1920,169,5408,51159,4066844,0,-8,1,562.3,17.6,21,0.1,7233,32.1,1019762,40915769
426995,13663840,2026-02-11 06:08,968603,36848926,1,1920,161,5152,51159,4066844,0,-8,0,562.3,17.6,20,0.1,7233,32.1,1019762,40915770
426996,13663872,2026-02-11 06:14,968603,36848926,1,1920,153,4896,51166,4067068,0,-8,0,562.3,17.6,19,0.1,7233,32.1,1019769,40915994
426997,13663904,2026-02-11 06:21,968603,36848931,1,1920,145,4640,51180,4067516,0,-8,0,562.3,17.6,18,0.1,7234,32.2,1019783,40916447
426998,13663936,2026-02-11 06:27,968602,36848902,1,1920,138,4416,51181,4067548,-1,-7,0,562.3,17.6,17,0.1,7234,32.2,1019783,40916450
426999,13663968,2026-02-11 06:33,968602,36848903,1,1920,130,4160,51181,4067548,0,-8,0,562.3,17.6,16,0.1,7234,32.2,1019783,40916451
427000,13664000,2026-02-11 06:40,968603,36850824,0,0,122,3904,51180,4065628,1,-8,-1,562.3,17.6,15,0.1,7230,32.1,1019783,40916452
427001,13664032,2026-02-11 06:46,968603,36850825,1,1920,114,3648,51180,4065628,0,-8,1,562.3,17.6,14,0.1,7230,32.1,1019783,40916453
427002,13664064,2026-02-11 06:53,968603,36850827,1,1920,105,3360,51180,4065628,0,-9,0,562.3,17.6,13,0.1,7230,32.1,1019783,40916455
427003,13664096,2026-02-11 06:59,968603,36850829,1,1920,97,3104,51180,4065628,0,-8,0,562.3,17.6,12,0.1,7230,32.1,1019783,40916457
427004,13664128,2026-02-11 07:05,968603,36850832,1,1920,89,2848,51180,4065628,0,-8,0,562.3,17.6,11,0.0,7230,32.1,1019783,40916460
427005,13664160,2026-02-11 07:12,968603,36850834,1,1920,81,2592,51181,4065660,0,-8,0,562.3,17.6,10,0.0,7230,32.1,1019784,40916494
427006,13664192,2026-02-11 07:18,968603,36850837,1,1920,73,2336,51191,4065980,0,-8,0,562.3,17.6,9,0.0,7231,32.1,1019794,40916817
427007,13664224,2026-02-11 07:25,968604,36852759,0,0,65,2080,51191,4065980,1,-8,-1,562.3,17.6,8,0.0,7231,32.1,1019795,40918739
427008,13664256,2026-02-11 07:31,968604,36852761,0,0,57,1824,51191,4064107,0,-8,0,562.3,17.6,7,0.0,7227,32.1,1019795,40916868
427009,13664288,2026-02-11 07:37,968604,36852762,1,1920,49,1568,51191,4064107,0,-8,1,562.3,17.6,6,0.0,7227,32.1,1019795,40916869
427010,13664320,2026-02-11 07:44,968604,36852764,1,1920,41,1312,51192,4064139,0,-8,0,562.3,17.6,5,0.0,7227,32.1,1019796,40916903
427011,13664352,2026-02-11 07:50,968604,36852767,1,1920,33,1056,51192,4064139,0,-8,0,562.3,17.6,4,0.0,7227,32.1,1019796,40916906
427012,13664384,2026-02-11 07:57,968604,36852768,1,1920,25,800,51192,4064139,0,-8,0,562.3,17.6,3,0.0,7227,32.1,1019796,40916907
427013,13664416,2026-02-11 08:03,968604,36852771,1,1920,17,544,51192,4064139,0,-8,0,562.3,17.6,2,0.0,7227,32.1,1019796,40916910
427014,13664448,2026-02-11 08:09,968604,36852774,1,1920,9,288,51193,4064171,0,-8,0,562.3,17.6,1,0.0,7227,32.1,1019797,40916945
427015,13664480,2026-02-11 08:16,968605,36854696,0,0,2,64,51194,4062315,1,-7,-1,562.4,17.6,0,0.0,7224,32.1,1019799,40917011
427016,13664512,2026-02-11 08:22,968605,36854696,1,1920,0,0,51194,4062315,0,-2,1,562.4,17.6,0,0.0,7224,32.1,1019799,40917011
427017,13664544,2026-02-11 08:29,968605,36854698,1,1920,0,0,51194,4062315,0,0,0,562.4,17.6,0,0.0,7224,32.1,1019799,40917013
427018,13664576,2026-02-11 08:35,968569,36853549,1,1920,36,1152,51195,4062347,-36,36,0,562.3,17.6,4,0.0,7224,32.1,1019764,40915896
427019,13664608,2026-02-11 08:41,968569,36853552,1,1920,36,1152,51196,4062379,0,0,0,562.3,17.6,4,0.0,7224,32.1,1019765,40915931
427020,13664640,2026-02-11 08:48,968569,36853554,1,1920,36,1152,51196,4062379,0,0,0,562.3,17.6,4,0.0,7224,32.1,1019765,40915933
427021,13664672,2026-02-11 08:54,968569,36853556,1,1920,36,1152,51228,4122452,0,0,0,562.3,17.6,4,0.0,7331,32.6,1019797,40976008
427022,13664704,2026-02-11 09:01,968570,36855478,0,0,28,896,51228,4122452,1,-8,-1,562.4,17.6,4,0.0,7330,32.6,1019798,40977930
427023,13664736,2026-02-11 09:07,968570,36855478,0,0,20,640,51227,4120532,0,-8,0,562.4,17.6,2,0.0,7327,32.6,1019797,40976010
427024,13664768,2026-02-11 09:13,968570,36855478,1,1920,12,384,51227,4120532,0,-8,1,562.4,17.6,2,0.0,7327,32.6,1019797,40976010
427025,13664800,2026-02-11 09:20,968570,36855481,1,1920,4,128,51239,4120916,0,-8,0,562.4,17.6,0,0.0,7328,32.6,1019809,40976397
427026,13664832,2026-02-11 09:26,968570,36855481,1,1920,0,0,51239,4120916,0,-4,0,562.4,17.6,0,0.0,7328,32.6,1019809,40976397
427027,13664864,2026-02-11 09:33,968570,36855481,1,1920,0,0,51241,4120954,0,0,0,562.4,17.6,0,0.0,7328,32.6,1019811,40976435
427028,13664896,2026-02-11 09:39,968570,36855513,1,1920,0,0,51242,4120986,0,0,0,562.4,17.6,0,0.0,7328,32.6,1019812,40976499
427029,13664928,2026-02-11 09:45,968566,36855387,1,1920,4,128,51242,4120986,-4,4,0,562.4,17.6,0,0.0,7328,32.6,1019808,40976373
427030,13664960,2026-02-11 09:52,968567,36857308,0,0,4,128,51241,4119066,1,0,-1,562.4,17.6,0,0.0,7324,32.6,1019808,40976374
427031,13664992,2026-02-11 09:58,968567,36857312,1,1920,4,128,51241,4119066,0,0,1,562.4,17.6,0,0.0,7324,32.6,1019808,40976378
427032,13665024,2026-02-11 10:05,968567,36857316,1,1920,4,128,51242,4119098,0,0,0,562.4,17.6,0,0.0,7324,32.6,1019809,40976414
427033,13665056,2026-02-11 10:11,968567,36857317,1,1920,0,0,51245,4119263,0,-4,0,562.4,17.6,0,0.0,7324,32.6,1019812,40976580
427034,13665088,2026-02-11 10:17,968567,36857322,1,1920,0,0,51245,4119263,0,0,0,562.4,17.6,0,0.0,7324,32.6,1019812,40976585
427035,13665120,2026-02-11 10:24,968502,36855242,1,1920,65,2080,51249,4119391,-65,65,0,562.4,17.6,8,0.0,7325,32.6,1019751,40974633
427036,13665152,2026-02-11 10:30,968195,36845418,1,1920,372,11904,51249,4119391,-307,307,0,562.2,17.6,46,0.2,7327,32.6,1019444,40964809
427037,13665184,2026-02-11 10:37,967804,36834796,0,0,764,24448,51249,4119391,-391,392,-1,562.1,17.6,96,0.4,7329,32.6,1019053,40954187
427038,13665216,2026-02-11 10:43,967573,36827340,0,0,995,31840,51249,4119391,-231,231,0,561.9,17.6,124,0.6,7331,32.6,1018822,40946731
427039,13665248,2026-02-11 10:49,967573,36827342,1,1920,988,31616,51249,4117503,0,-7,1,561.9,17.6,124,0.6,7327,32.6,1018822,40944845
427040,13665280,2026-02-11 10:56,967412,36822191,1,1920,1141,36512,51249,4117503,-161,153,0,561.9,17.6,143,0.6,7328,32.6,1018661,40939694
427041,13665312,2026-02-11 11:02,967077,36811471,1,1920,1468,46976,51249,4117503,-335,327,0,561.7,17.6,184,0.8,7330,32.6,1018326,40928974
427043,13665376,2026-02-11 11:15,966443,36791189,1,1920,2086,66752,51249,4117503,-634,618,0,561.4,17.5,261,1.2,7334,32.6,1017692,40908692
427044,13665408,2026-02-11 11:21,966289,36786263,1,1920,2232,71424,51261,4117887,-154,146,0,561.3,17.5,279,1.2,7336,32.6,1017550,40904150
427045,13665440,2026-02-11 11:28,966068,36781082,0,0,2446,78272,51260,4115967,-221,214,-1,561.2,17.5,306,1.4,7334,32.6,1017328,40897049
427046,13665472,2026-02-11 11:34,966024,36779676,1,1920,2482,79424,51261,4115999,-44,36,1,561.2,17.5,310,1.4,7334,32.6,1017285,40895675
427047,13665504,2026-02-11 11:41,966024,36779677,1,1920,2474,79168,51261,4115999,0,-8,0,561.2,17.5,309,1.4,7334,32.6,1017285,40895676
427048,13665536,2026-02-11 11:47,966024,36779683,1,1920,2466,78912,51261,4115999,0,-8,0,561.2,17.5,308,1.4,7334,32.6,1017285,40895682
427049,13665568,2026-02-11 11:53,966024,36779686,1,1920,2458,78656,51262,4115999,0,-8,0,561.2,17.5,307,1.4,7334,32.6,1017286,40895685
427050,13665600,2026-02-11 12:00,966023,36779654,1,1920,2451,78432,51262,4115999,-1,-7,0,561.2,17.5,306,1.4,7334,32.6,1017285,40895653
427051,13665632,2026-02-11 12:06,966023,36779656,1,1920,2443,78176,51264,4116063,0,-8,0,561.2,17.5,305,1.4,7334,32.6,1017287,40895719
427052,13665664,2026-02-11 12:13,966024,36781576,0,0,2435,77920,51265,4116071,1,-8,-1,561.2,17.5,304,1.4,7334,32.6,1017289,40897647
427053,13665696,2026-02-11 12:19,966024,36781577,0,0,2427,77664,51289,4116839,0,-8,0,561.2,17.5,303,1.3,7335,32.6,1017313,40898416
427054,13665728,2026-02-11 12:25,966018,36781386,1,1920,2425,77600,51294,4115111,-6,-2,1,561.2,17.5,303,1.3,7332,32.6,1017312,40896497
427055,13665760,2026-02-11 12:32,966018,36781388,1,1920,2417,77344,51299,4115271,0,-8,0,561.2,17.5,302,1.3,7332,32.6,1017317,40896659
427056,13665792,2026-02-11 12:38,966016,36781326,1,1920,2411,77152,51329,4116231,-2,-6,0,561.2,17.5,301,1.3,7334,32.6,1017345,40897557
427057,13665824,2026-02-11 12:45,966016,36781328,1,1920,2403,76896,51334,4116391,0,-8,0,561.2,17.5,300,1.3,7334,32.6,1017350,40897719
427058,13665856,2026-02-11 12:51,966016,36781103,1,1920,2395,76640,51355,4117063,0,-8,0,561.2,17.5,299,1.3,7336,32.6,1017371,40898166
427059,13665888,2026-02-11 12:57,966016,36781105,1,1920,2387,76384,51357,4117127,0,-8,0,561.2,17.5,298,1.3,7336,32.6,1017373,40898232
427060,13665920,2026-02-11 13:04,966017,36783094,0,0,2379,76128,51358,4115271,1,-8,-1,561.3,17.5,297,1.3,7332,32.6,1017375,40898365
427061,13665952,2026-02-11 13:10,966017,36783287,2,1952,2371,75872,51352,4115079,0,-8,2,561.3,17.5,296,1.3,7332,32.6,1017369,40898366
427062,13665984,2026-02-11 13:17,966017,36783419,10,2208,2363,75616,51356,4115207,0,-8,8,561.3,17.5,295,1.3,7332,32.6,1017373,40898626
427063,13666016,2026-02-11 13:23,966017,36783611,18,2464,2355,75360,51351,4115047,0,-8,8,561.3,17.5,294,1.3,7332,32.6,1017368,40898658
427064,13666048,2026-02-11 13:29,966017,36783836,26,2720,2347,75104,51369,4115623,0,-8,8,561.3,17.5,293,1.3,7333,32.6,1017386,40899459
427065,13666080,2026-02-11 13:36,966016,36783934,34,2976,2340,74880,51410,4116935,-1,-7,8,561.3,17.5,292,1.3,7335,32.6,1017426,40900869
427066,13666112,2026-02-11 13:42,965986,36783071,42,3232,2362,75584,51405,4116831,-30,22,8,561.3,17.5,295,1.3,7335,32.6,1017391,40899902
427067,13666144,2026-02-11 13:49,965988,36785027,48,1536,2354,75328,51400,4116671,2,-8,6,561.3,17.5,294,1.3,7334,32.6,1017388,40901698
427068,13666176,2026-02-11 13:55,965996,36785286,48,1536,2346,75072,51394,4116479,8,-8,0,561.3,17.5,293,1.3,7334,32.6,1017390,40901765
427069,13666208,2026-02-11 14:01,966004,36785544,48,1536,2338,74816,51388,4116287,8,-8,0,561.3,17.5,292,1.3,7333,32.6,1017392,40901831
427070,13666240,2026-02-11 14:08,966011,36785770,48,1536,2331,74592,51380,4116031,7,-7,0,561.3,17.5,291,1.3,7333,32.6,1017391,40901801
427071,13666272,2026-02-11 14:14,966002,36785485,48,1536,2340,74880,51372,4115775,-9,9,0,561.3,17.5,292,1.3,7333,32.6,1017374,40901260
427072,13666304,2026-02-11 14:21,966010,36785743,48,1536,2332,74624,51390,4116351,8,-8,0,561.3,17.5,292,1.3,7334,32.6,1017400,40902094
427073,13666336,2026-02-11 14:27,966018,36786001,48,1536,2324,74368,51384,4116159,8,-8,0,561.3,17.5,290,1.3,7333,32.6,1017402,40902160
427074,13666368,2026-02-11 14:33,966026,36786260,48,1536,2316,74112,51378,4115967,8,-8,0,561.3,17.5,290,1.3,7333,32.6,1017404,40902227
427075,13666400,2026-02-11 14:40,966034,36786520,48,1536,2308,73856,51372,4115775,8,-8,0,561.3,17.5,288,1.3,7332,32.6,1017406,40902295
427076,13666432,2026-02-11 14:46,966042,36786782,48,1536,2300,73600,51366,4115583,8,-8,0,561.3,17.5,288,1.3,7332,32.6,1017408,40902365
427077,13666464,2026-02-11 14:53,966050,36787040,48,1536,2292,73344,51371,4115871,8,-8,0,561.3,17.5,286,1.3,7332,32.6,1017421,40902911
427078,13666496,2026-02-11 14:59,966058,36787299,48,1536,2284,73088,51365,4115679,8,-8,0,561.3,17.5,286,1.3,7332,32.6,1017423,40902978
427079,13666528,2026-02-11 15:05,966066,36787556,48,1536,2276,72832,51361,4115551,8,-8,0,561.3,17.5,284,1.3,7332,32.6,1017427,40903107
427080,13666560,2026-02-11 15:12,966073,36787781,48,1536,2269,72608,51357,4115500,7,-7,0,561.3,17.5,284,1.3,7332,32.6,1017430,40903281
427081,13666592,2026-02-11 15:18,966081,36788038,48,1536,2261,72352,51351,4115308,8,-8,0,561.3,17.5,283,1.3,7331,32.6,1017432,40903346
427082,13666624,2026-02-11 15:25,966089,36788295,48,1536,2253,72096,51349,4115244,8,-8,0,561.3,17.5,282,1.3,7331,32.6,1017438,40903539
427083,13666656,2026-02-11 15:31,966097,36788551,48,1536,2245,71840,51344,4115084,8,-8,0,561.3,17.5,281,1.2,7331,32.6,1017441,40903635
427084,13666688,2026-02-11 15:37,966105,36788800,48,1536,2237,71584,51342,4115020,8,-8,0,561.4,17.5,280,1.2,7331,32.6,1017447,40903820
427085,13666720,2026-02-11 15:44,966113,36789057,48,1536,2229,71328,51536,4121228,8,-8,0,561.4,17.5,279,1.2,7342,32.6,1017649,40910285
427086,13666752,2026-02-11 15:50,966121,36789316,48,1536,2221,71072,51531,4121085,8,-8,0,561.4,17.5,278,1.2,7341,32.6,1017652,40910401
427087,13666784,2026-02-11 15:57,966129,36789573,48,1536,2213,70816,51589,4122941,8,-8,0,561.4,17.5,277,1.2,7345,32.6,1017718,40912514
427088,13666816,2026-02-11 16:03,966137,36789830,48,1536,2205,70560,51600,4123293,8,-8,0,561.4,17.5,276,1.2,7345,32.6,1017737,40913123
427089,13666848,2026-02-11 16:09,966145,36790089,48,1536,2197,70304,51592,4123037,8,-8,0,561.4,17.5,275,1.2,7345,32.6,1017737,40913126
427090,13666880,2026-02-11 16:16,966153,36790347,48,1536,2189,70048,51584,4122781,8,-8,0,561.4,17.5,274,1.2,7344,32.6,1017737,40913128
427091,13666912,2026-02-11 16:22,966161,36790604,48,1536,2181,69792,51579,4122629,8,-8,0,561.4,17.5,273,1.2,7344,32.6,1017740,40913233
427092,13666944,2026-02-11 16:29,966169,36790861,48,1536,2173,69536,51571,4122373,8,-8,0,561.4,17.5,272,1.2,7343,32.6,1017740,40913234
427093,13666976,2026-02-11 16:35,966168,36790832,48,1536,2174,69568,51656,4125093,-1,1,0,561.4,17.5,272,1.2,7348,32.7,1017824,40915925
427094,13667008,2026-02-11 16:41,966176,36791088,48,1536,2166,69312,51650,4124901,8,-8,0,561.4,17.5,271,1.2,7348,32.7,1017826,40915989
427095,13667040,2026-02-11 16:48,966184,36791346,48,1536,2158,69056,51652,4124965,8,-8,0,561.4,17.5,270,1.2,7348,32.7,1017836,40916311
427096,13667072,2026-02-11 16:54,966192,36791603,48,1536,2150,68800,51644,4124709,8,-8,0,561.4,17.5,269,1.2,7347,32.7,1017836,40916312
427097,13667104,2026-02-11 17:01,966199,36791829,48,1536,2143,68576,51636,4124453,7,-7,0,561.4,17.5,268,1.2,7347,32.7,1017835,40916282
427098,13667136,2026-02-11 17:07,966207,36792086,48,1536,2135,68320,51628,4124197,8,-8,0,561.4,17.5,267,1.2,7346,32.6,1017835,40916283
427099,13667168,2026-02-11 17:13,966215,36792345,48,1536,2127,68064,51620,4123941,8,-8,0,561.4,17.5,266,1.2,7346,32.6,1017835,40916286
427100,13667200,2026-02-11 17:20,966223,36792602,48,1536,2119,67808,51621,4123973,8,-8,0,561.4,17.5,265,1.2,7346,32.6,1017844,40916575
427101,13667232,2026-02-11 17:26,966214,36792317,48,1536,2128,68096,51614,4123749,-9,9,0,561.4,17.5,266,1.2,7345,32.6,1017828,40916066
427102,13667264,2026-02-11 17:33,966221,36792541,48,1536,2121,67872,51612,4123685,7,-7,0,561.4,17.5,265,1.2,7345,32.6,1017833,40916226
427103,13667296,2026-02-11 17:39,966228,36792768,42,1344,2114,67648,51612,4123685,7,-7,-6,561.4,17.5,264,1.2,7345,32.6,1017840,40916453
427104,13667328,2026-02-11 17:45,966236,36793026,34,1088,2106,67392,51606,4123048,8,-8,-8,561.4,17.5,263,1.2,7344,32.6,1017842,40916074
427105,13667360,2026-02-11 17:52,966244,36793283,34,1536,2098,67136,51599,4123078,8,-8,0,561.4,17.5,262,1.2,7344,32.6,1017843,40916361
427106,13667392,2026-02-11 17:58,966252,36793541,34,1536,2090,66880,51592,4122854,8,-8,0,561.4,17.5,261,1.2,7344,32.6,1017844,40916395
427107,13667424,2026-02-11 18:05,966260,36793798,34,1536,2082,66624,51584,4122598,8,-8,0,561.4,17.5,260,1.2,7343,32.6,1017844,40916396
427108,13667456,2026-02-11 18:11,966267,36794025,34,1536,2075,66400,51579,4122438,7,-7,0,561.4,17.5,259,1.2,7343,32.6,1017846,40916463
427109,13667488,2026-02-11 18:17,966269,36794097,40,1728,2067,66144,51587,4122718,2,-8,6,561.4,17.5,258,1.1,7343,32.6,1017856,40916815
427110,13667520,2026-02-11 18:24,966269,36794099,47,1952,2059,65888,51594,4122942,0,-8,7,561.4,17.5,257,1.1,7344,32.6,1017863,40917041
427111,13667552,2026-02-11 18:30,966277,36794805,47,1504,2051,65632,51588,4122750,8,-8,0,561.4,17.5,256,1.1,7343,32.6,1017865,40917555
427112,13667584,2026-02-11 18:37,966285,36795170,46,1472,2043,65376,51581,4122478,8,-8,-1,561.4,17.5,255,1.1,7343,32.6,1017866,40917648
427113,13667616,2026-02-11 18:43,966293,36795485,43,1414,2035,65120,51575,4122293,8,-8,-3,561.5,17.5,254,1.1,7342,32.6,1017868,40917778
427114,13667648,2026-02-11 18:49,966301,36795744,39,1286,2027,64864,51575,4122293,8,-8,-4,561.5,17.5,253,1.1,7342,32.6,1017876,40918037
427115,13667680,2026-02-11 18:56,966309,36796003,31,1030,2019,64608,51575,4122293,8,-8,-8,561.5,17.5,252,1.1,7342,32.6,1017884,40918296
427116,13667712,2026-02-11 19:02,966316,36796321,24,806,2011,64352,51573,4121497,7,-8,-7,561.5,17.5,251,1.1,7341,32.6,1017889,40917818
427117,13667744,2026-02-11 19:09,966324,36796580,17,1253,2003,64096,51573,4121497,8,-8,-7,561.5,17.5,250,1.1,7341,32.6,1017897,40918077
427118,13667776,2026-02-11 19:15,966331,36797184,10,1029,1995,63840,51567,4121009,7,-8,-7,561.5,17.5,249,1.1,7340,32.6,1017898,40918193
427119,13667808,2026-02-11 19:21,966335,36797465,8,1006,1988,63616,51565,4120880,4,-7,-2,561.5,17.5,248,1.1,7339,32.6,1017900,40918345
427120,13667840,2026-02-11 19:28,966332,36797372,8,1014,1987,63584,51559,4120688,-3,-1,0,561.5,17.5,248,1.1,7339,32.6,1017891,40918060
427121,13667872,2026-02-11 19:34,966332,36797372,16,1270,1979,63328,51551,4120417,0,-8,8,561.5,17.5,247,1.1,7338,32.6,1017883,40917789
427122,13667904,2026-02-11 19:41,966332,36797384,24,1540,1971,63072,51543,4120184,0,-8,8,561.5,17.5,246,1.1,7338,32.6,1017875,40917568
427123,13667936,2026-02-11 19:47,966333,36798088,30,1061,1963,62816,51535,4119928,1,-8,6,561.5,17.5,245,1.1,7337,32.6,1017868,40918016
427124,13667968,2026-02-11 19:53,966333,36798093,38,1317,1955,62560,51527,4119672,0,-8,8,561.5,17.5,244,1.1,7337,32.6,1017860,40917765
427125,13668000,2026-02-11 20:00,966336,36798271,43,1398,1947,62304,51520,4119448,3,-8,5,561.5,17.5,243,1.1,7337,32.6,1017856,40917719
427126,13668032,2026-02-11 20:06,966340,36798411,47,1518,1939,62048,51512,4119192,4,-8,4,561.5,17.5,242,1.1,7336,32.6,1017852,40917603
427127,13668064,2026-02-11 20:13,966348,36798666,47,1518,1931,61792,51509,4118958,8,-8,0,561.5,17.5,241,1.1,7336,32.6,1017857,40917624
427128,13668096,2026-02-11 20:19,966355,36798906,43,1514,1924,61568,51506,4118784,7,-7,-4,561.5,17.5,240,1.1,7335,32.6,1017861,40917690
427129,13668128,2026-02-11 20:25,966362,36799131,39,1464,1916,61312,51503,4118538,7,-8,-4,561.5,17.5,240,1.1,7335,32.6,1017865,40917669
427130,13668160,2026-02-11 20:32,966370,36799387,34,1453,1908,61056,51496,4118199,8,-8,-5,561.5,17.5,238,1.1,7334,32.6,1017866,40917586
427131,13668192,2026-02-11 20:38,966368,36799325,33,1536,1910,61120,51488,4117943,-2,2,-1,561.5,17.5,239,1.1,7334,32.6,1017856,40917268
427132,13668224,2026-02-11 20:45,966376,36799582,33,1536,1902,60864,51482,4117751,8,-8,0,561.5,17.5,238,1.1,7333,32.6,1017858,40917333
427133,13668256,2026-02-11 20:51,966384,36800184,31,1472,1894,60608,51481,4117408,8,-8,-2,561.5,17.5,237,1.1,7333,32.6,1017865,40917592
427134,13668288,2026-02-11 20:57,966388,36800452,27,1206,1886,60352,51469,4117152,4,-8,-4,561.5,17.5,236,1.0,7332,32.6,1017857,40917604
427135,13668320,2026-02-11 21:04,966390,36800595,32,1288,1879,60128,51461,4116896,2,-7,5,561.5,17.5,235,1.0,7332,32.6,1017851,40917491
427136,13668352,2026-02-11 21:10,966386,36800617,37,1299,1878,60096,51453,4116640,-4,-1,5,561.5,17.5,235,1.0,7331,32.6,1017839,40917257
427137,13668384,2026-02-11 21:17,966393,36800957,38,1216,1870,59840,51449,4116512,7,-8,1,561.5,17.5,234,1.0,7331,32.6,1017842,40917469
427138,13668416,2026-02-11 21:23,966401,36801214,38,1216,1862,59584,51441,4116256,8,-8,0,561.5,17.5,233,1.0,7330,32.6,1017842,40917470
427139,13668448,2026-02-11 21:29,966407,36801407,40,1280,1854,59328,51435,4116064,6,-8,2,561.5,17.5,232,1.0,7330,32.6,1017842,40917471
427140,13668480,2026-02-11 21:36,966407,36801409,48,1536,1846,59072,51427,4115808,0,-8,8,561.5,17.5,231,1.0,7329,32.6,1017834,40917217
427141,13668512,2026-02-11 21:42,966414,36801634,48,1536,1839,58848,51420,4115584,7,-7,0,561.5,17.5,230,1.0,7329,32.6,1017834,40917218
427142,13668544,2026-02-11 21:49,966422,36801893,48,1536,1831,58592,51413,4115333,8,-8,0,561.6,17.5,229,1.0,7328,32.6,1017835,40917226
427143,13668576,2026-02-11 21:55,966430,36802150,48,1536,1823,58336,51405,4115077,8,-8,0,561.6,17.5,228,1.0,7328,32.6,1017835,40917227
427144,13668608,2026-02-11 22:01,966438,36802408,48,1536,1815,58080,51397,4114821,8,-8,0,561.6,17.5,227,1.0,7327,32.6,1017835,40917229
427145,13668640,2026-02-11 22:08,966446,36802665,48,1536,1807,57824,51414,4115365,8,-8,0,561.6,17.5,226,1.0,7328,32.6,1017860,40918030
427146,13668672,2026-02-11 22:14,966454,36802922,48,1536,1799,57568,51426,4115749,8,-8,0,561.6,17.5,225,1.0,7329,32.6,1017880,40918671
427147,13668704,2026-02-11 22:21,966462,36803181,48,1536,1791,57312,51487,4117701,8,-8,0,561.6,17.5,224,1.0,7332,32.6,1017949,40920882
427148,13668736,2026-02-11 22:27,966470,36803438,48,1536,1783,57056,51479,4117445,8,-8,0,561.6,17.5,223,1.0,7332,32.6,1017949,40920883
427149,13668768,2026-02-11 22:33,966478,36803695,48,1536,1775,56800,51471,4117189,8,-8,0,561.6,17.5,222,1.0,7331,32.6,1017949,40920884
427150,13668800,2026-02-11 22:40,966486,36803956,48,1536,1767,56544,51466,4117029,8,-8,0,561.6,17.5,221,1.0,7331,32.6,1017952,40920985
427151,13668832,2026-02-11 22:46,966494,36804219,48,1536,1759,56288,51476,4117349,8,-8,0,561.6,17.5,220,1.0,7332,32.6,1017970,40921568
427152,13668864,2026-02-11 22:53,966502,36804479,48,1536,1751,56032,51475,4117317,8,-8,0,561.6,17.5,219,1.0,7332,32.6,1017977,40921796
427153,13668896,2026-02-11 22:59,966510,36804736,48,1536,1743,55776,51469,4117097,8,-8,0,561.6,17.5,218,1.0,7331,32.6,1017979,40921833
427154,13668928,2026-02-11 23:05,966518,36804993,47,1532,1735,55520,51464,4116937,8,-8,-1,561.6,17.5,217,1.0,7331,32.6,1017982,40921930
427155,13668960,2026-02-11 23:12,966526,36805251,47,1532,1727,55264,51462,4116873,8,-8,0,561.6,17.6,216,1.0,7331,32.6,1017988,40922124
427156,13668992,2026-02-11 23:18,966534,36805507,47,1532,1719,55008,51461,4116841,8,-8,0,561.6,17.6,215,1.0,7330,32.6,1017995,40922348
427157,13669024,2026-02-11 23:25,966542,36805765,47,1532,1711,54752,51500,4118089,8,-8,0,561.6,17.6,214,1.0,7333,32.6,1018042,40923854
427158,13669056,2026-02-11 23:31,966550,36806021,47,1532,1703,54496,51492,4117833,8,-8,0,561.6,17.6,213,0.9,7332,32.6,1018042,40923854
427159,13669088,2026-02-11 23:37,966558,36806280,47,1532,1695,54240,51485,4117609,8,-8,0,561.6,17.6,212,0.9,7332,32.6,1018043,40923889
427160,13669120,2026-02-11 23:44,966565,36806534,48,1536,1687,53984,51478,4117385,7,-8,1,561.6,17.6,211,0.9,7331,32.6,1018043,40923919
427161,13669152,2026-02-11 23:50,966573,36806791,48,1536,1679,53728,51470,4117129,8,-8,0,561.6,17.6,210,0.9,7331,32.6,1018043,40923920
427162,13669184,2026-02-11 23:57,966581,36807047,48,1536,1671,53472,51462,4116873,8,-8,0,561.6,17.6,209,0.9,7330,32.6,1018043,40923920
427163,13669216,2026-02-12 00:03,966589,36807337,48,1536,1663,53216,51455,4116632,8,-8,0,561.6,17.6,208,0.9,7330,32.6,1018044,40923969
427164,13669248,2026-02-12 00:09,966597,36807594,46,1489,1655,52960,51457,4116702,8,-8,-2,561.6,17.6,207,0.9,7330,32.6,1018054,40924296
427165,13669280,2026-02-12 00:16,966605,36807853,38,1233,1647,52704,51464,4116467,8,-8,-8,561.6,17.6,206,0.9,7329,32.6,1018069,40924320
427166,13669312,2026-02-12 00:22,966613,36808132,32,1499,1639,52448,51456,4116221,8,-8,-6,561.6,17.6,205,0.9,7329,32.6,1018069,40924353
427167,13669344,2026-02-12 00:29,966621,36808389,31,1467,1631,52192,51448,4115956,8,-8,-1,561.7,17.6,204,0.9,7328,32.6,1018069,40924345
427168,13669376,2026-02-12 00:35,966590,36807399,31,1476,1662,53184,51441,4115732,-31,31,0,561.6,17.6,208,0.9,7328,32.6,1018031,40923131
427169,13669408,2026-02-12 00:41,966598,36807655,31,1476,1654,52928,51435,4115540,8,-8,0,561.6,17.6,207,0.9,7328,32.6,1018033,40923195
427170,13669440,2026-02-12 00:48,966604,36807865,33,1523,1646,52672,51428,4115316,6,-8,2,561.6,17.6,206,0.9,7327,32.6,1018032,40923181
427171,13669472,2026-02-12 00:54,966604,36807963,40,1747,1638,52416,51419,4115028,0,-8,7,561.6,17.6,205,0.9,7327,32.6,1018023,40922991
427172,13669504,2026-02-12 01:01,966606,36808486,44,1417,1630,52160,51412,4114804,2,-8,4,561.7,17.6,204,0.9,7326,32.6,1018018,40923290
427173,13669536,2026-02-12 01:07,966613,36808712,44,1417,1622,51904,51410,4114552,7,-8,0,561.7,17.6,203,0.9,7326,32.6,1018023,40923264
427174,13669568,2026-02-12 01:13,966621,36808979,38,1404,1614,51648,51410,4114552,8,-8,-6,561.7,17.6,202,0.9,7326,32.6,1018031,40923531
427175,13669600,2026-02-12 01:20,966629,36809236,31,1368,1606,51392,51415,4114494,8,-8,-7,561.7,17.6,201,0.9,7326,32.6,1018044,40923730
427176,13669632,2026-02-12 01:26,966637,36809495,25,1364,1598,51136,51409,4114177,8,-8,-6,561.7,17.6,200,0.9,7325,32.6,1018046,40923672
427177,13669664,2026-02-12 01:33,966644,36809840,24,1456,1590,50880,51402,4113896,7,-8,-1,561.7,17.6,199,0.9,7324,32.6,1018046,40923736
427178,13669696,2026-02-12 01:39,966650,36810032,23,1424,1582,50624,51394,4113640,6,-8,-1,561.7,17.6,198,0.9,7324,32.6,1018044,40923672
427179,13669728,2026-02-12 01:45,966657,36810258,24,1456,1574,50368,51386,4113384,7,-8,1,561.7,17.6,197,0.9,7323,32.5,1018043,40923642
427180,13669760,2026-02-12 01:52,966658,36810478,30,1460,1567,50148,51378,4113128,1,-7,6,561.7,17.6,196,0.9,7323,32.5,1018036,40923606
427181,13669792,2026-02-12 01:58,966658,36810665,37,1496,1560,49927,51374,4113000,0,-7,7,561.7,17.6,195,0.9,7323,32.5,1018032,40923665
427182,13669824,2026-02-12 02:05,966659,36810887,43,1500,1553,49703,51376,4113226,1,-7,6,561.7,17.6,194,0.9,7323,32.5,1018035,40924113
427183,13669856,2026-02-12 02:11,966665,36811203,45,1440,1545,49447,51368,4112970,6,-8,2,561.7,17.6,193,0.9,7322,32.5,1018033,40924173
427184,13669888,2026-02-12 02:17,966670,36811365,48,1536,1536,49155,51361,4112746,5,-9,3,561.7,17.6,192,0.9,7322,32.5,1018031,40924111
427185,13669920,2026-02-12 02:24,966678,36811623,48,1536,1527,48864,51353,4112490,8,-9,0,561.7,17.6,191,0.8,7321,32.5,1018031,40924113
427186,13669952,2026-02-12 02:30,966686,36811879,48,1536,1519,48608,51345,4112234,8,-8,0,561.7,17.6,190,0.8,7321,32.5,1018031,40924113
427187,13669984,2026-02-12 02:37,966694,36812137,48,1536,1511,48352,51337,4111978,8,-8,0,561.7,17.6,189,0.8,7320,32.5,1018031,40924115
427188,13670016,2026-02-12 02:43,966702,36812393,48,1536,1503,48096,51329,4111722,8,-8,0,561.7,17.6,188,0.8,7320,32.5,1018031,40924115
427189,13670048,2026-02-12 02:49,966709,36812619,48,1536,1496,47872,51323,4111530,7,-7,0,561.7,17.6,187,0.8,7320,32.5,1018032,40924149
427190,13670080,2026-02-12 02:56,966717,36812879,48,1536,1488,47616,51315,4111274,8,-8,0,561.7,17.6,186,0.8,7319,32.5,1018032,40924153
427191,13670112,2026-02-12 03:02,966725,36813136,48,1536,1480,47360,51307,4111018,8,-8,0,561.7,17.6,185,0.8,7319,32.5,1018032,40924154
427192,13670144,2026-02-12 03:09,966733,36813394,48,1536,1472,47104,51302,4110858,8,-8,0,561.7,17.6,184,0.8,7318,32.5,1018035,40924252
427193,13670176,2026-02-12 03:15,966741,36813651,46,1472,1464,46848,51299,4110603,8,-8,-2,561.7,17.6,183,0.8,7318,32.5,1018040,40924254
427194,13670208,2026-02-12 03:21,966749,36813908,42,1528,1456,46592,51300,4110635,8,-8,-4,561.7,17.6,182,0.8,7318,32.5,1018049,40924543
427195,13670240,2026-02-12 03:28,966757,36814164,42,1528,1448,46336,51293,4110382,8,-8,0,561.7,17.6,181,0.8,7317,32.5,1018050,40924546
427196,13670272,2026-02-12 03:34,966765,36814420,42,1528,1440,46080,51286,4110196,8,-8,0,561.7,17.6,180,0.8,7317,32.5,1018051,40924616
427197,13670304,2026-02-12 03:41,966773,36814677,42,1528,1432,45824,51280,4110004,8,-8,0,561.7,17.6,179,0.8,7316,32.5,1018053,40924681
427198,13670336,2026-02-12 03:47,966781,36814936,42,1528,1424,45568,51272,4109748,8,-8,0,561.8,17.6,178,0.8,7316,32.5,1018053,40924684
427199,13670368,2026-02-12 03:53,966787,36815128,44,1592,1416,45312,51268,4113588,6,-8,2,561.8,17.6,177,0.8,7323,32.5,1018055,40928716
427200,13670400,2026-02-12 04:00,966791,36815442,48,1536,1408,45056,51263,4115418,4,-8,4,561.8,17.6,176,0.8,7326,32.6,1018054,40930860
427201,13670432,2026-02-12 04:06,966799,36815699,48,1536,1400,44800,51260,4115295,8,-8,0,561.8,17.6,175,0.8,7326,32.6,1018059,40930994
427202,13670464,2026-02-12 04:13,966807,36816148,44,1408,1392,44544,51253,4114912,8,-8,-4,561.8,17.6,174,0.8,7325,32.6,1018060,40931060
427203,13670496,2026-02-12 04:19,966815,36816406,42,1344,1384,44288,51250,4114816,8,-8,-2,561.8,17.6,173,0.8,7325,32.6,1018065,40931222
427204,13670528,2026-02-12 04:25,966823,36816667,42,1344,1376,44032,51242,4114560,8,-8,0,561.8,17.6,172,0.8,7324,32.6,1018065,40931227
427205,13670560,2026-02-12 04:32,966826,36816766,42,1344,1373,43936,51234,4114304,3,-3,0,561.8,17.6,172,0.8,7324,32.6,1018060,40931070
427206,13670592,2026-02-12 04:38,966834,36817024,42,1344,1365,43680,51233,4114272,8,-8,0,561.8,17.6,171,0.8,7324,32.6,1018067,40931296
427207,13670624,2026-02-12 04:45,966842,36817281,35,1120,1357,43424,51233,4114272,8,-8,-7,561.8,17.6,170,0.8,7324,32.6,1018075,40931553
427208,13670656,2026-02-12 04:51,966846,36817443,31,992,1349,43168,51233,4114272,4,-8,-4,561.8,17.6,169,0.8,7324,32.6,1018079,40931715
427209,13670688,2026-02-12 04:57,966852,36817641,25,800,1341,42912,51233,4114272,6,-8,-6,561.8,17.6,168,0.7,7323,32.5,1018085,40931913
427210,13670720,2026-02-12 05:04,966860,36817899,17,544,1333,42656,51233,4114272,8,-8,-8,561.8,17.6,167,0.7,7323,32.5,1018093,40932171
427211,13670752,2026-02-12 05:10,966868,36818155,9,288,1325,42400,51233,4114272,8,-8,-8,561.8,17.6,166,0.7,7323,32.5,1018101,40932427
427212,13670784,2026-02-12 05:17,966876,36818413,1,32,1317,42144,51238,4114430,8,-8,-8,561.8,17.6,165,0.7,7324,32.6,1018114,40932843
427213,13670816,2026-02-12 05:23,966877,36818448,0,0,1309,41888,51237,4112542,1,-8,-1,561.8,17.6,164,0.7,7320,32.5,1018114,40930990
427214,13670848,2026-02-12 05:29,966877,36818450,1,1888,1301,41632,51237,4112542,0,-8,1,561.8,17.6,163,0.7,7320,32.5,1018114,40930992
427215,13670880,2026-02-12 05:36,966877,36818451,1,1888,1293,41376,51237,4112542,0,-8,0,561.8,17.6,162,0.7,7320,32.5,1018114,40930993
427216,13670912,2026-02-12 05:42,966877,36818454,1,1888,1285,41120,51237,4112542,0,-8,0,561.8,17.6,161,0.7,7320,32.5,1018114,40930996
427217,13670944,2026-02-12 05:49,966877,36818455,1,1888,1277,40864,51237,4112542,0,-8,0,561.8,17.6,160,0.7,7320,32.5,1018114,40930997
427218,13670976,2026-02-12 05:55,966877,36818456,1,1888,1269,40608,51237,4112542,0,-8,0,561.8,17.6,159,0.7,7320,32.5,1018114,40930998
427219,13671008,2026-02-12 06:01,966877,36818490,1,1888,1261,40352,51237,4112542,0,-8,0,561.8,17.6,158,0.7,7320,32.5,1018114,40931032
427220,13671040,2026-02-12 06:08,966877,36820347,0,0,1254,40128,51237,4110686,0,-7,-1,561.8,17.6,157,0.7,7317,32.5,1018114,40931033
427221,13671072,2026-02-12 06:14,966876,36820318,1,1888,1247,39904,51239,4110750,-1,-7,1,561.8,17.6,156,0.7,7317,32.5,1018115,40931068
427222,13671104,2026-02-12 06:21,966876,36820353,1,1888,1239,39648,51240,4110799,0,-8,0,561.8,17.6,155,0.7,7317,32.5,1018116,40931152
427223,13671136,2026-02-12 06:27,966876,36820353,1,1888,1231,39392,51241,4110848,0,-8,0,561.8,17.6,154,0.7,7317,32.5,1018117,40931201
427224,13671168,2026-02-12 06:33,966876,36820356,1,1888,1223,39136,51243,4110942,0,-8,0,561.8,17.6,153,0.7,7317,32.5,1018119,40931298
427225,13671200,2026-02-12 06:40,966876,36820358,1,1888,1215,38880,51247,4111070,0,-8,0,561.8,17.6,152,0.7,7317,32.5,1018123,40931428
427226,13671232,2026-02-12 06:46,966875,36820328,1,1888,1208,38656,51247,4111070,-1,-7,0,561.8,17.6,151,0.7,7317,32.5,1018122,40931398
427227,13671264,2026-02-12 06:53,966875,36822188,0,0,1201,38432,51247,4111070,0,-7,-1,561.9,17.6,150,0.7,7317,32.5,1018122,40933258
427228,13671296,2026-02-12 06:59,966874,36822156,0,0,1194,38208,51246,4109182,-1,-7,0,561.9,17.6,149,0.7,7314,32.5,1018120,40931338
427229,13671328,2026-02-12 07:05,966874,36822157,1,1888,1186,37952,51246,4109182,0,-8,1,561.9,17.6,148,0.7,7314,32.5,1018120,40931339
427230,13671360,2026-02-12 07:12,966874,36822158,1,1888,1177,37664,51246,4109182,0,-9,0,561.9,17.6,147,0.7,7314,32.5,1018120,40931340
427231,13671392,2026-02-12 07:18,966874,36822164,1,1888,1168,37376,51253,4109406,0,-9,0,561.9,17.6,146,0.6,7314,32.5,1018127,40931570
427232,13671424,2026-02-12 07:25,966874,36822165,1,1888,1159,37088,51253,4109406,0,-9,0,561.9,17.6,145,0.6,7314,32.5,1018127,40931571
427233,13671456,2026-02-12 07:31,966874,36822167,1,1888,1151,36832,51253,4109406,0,-8,0,561.9,17.6,144,0.6,7314,32.5,1018127,40931573
427234,13671488,2026-02-12 07:37,966874,36822168,1,1888,1143,36576,51254,4109438,0,-8,0,561.9,17.6,143,0.6,7314,32.5,1018128,40931606
427235,13671520,2026-02-12 07:44,966875,36824056,0,0,1135,36320,51253,4107550,1,-8,-1,561.9,17.6,142,0.6,7310,32.5,1018128,40931606
427236,13671552,2026-02-12 07:50,966871,36823930,1,1888,1131,36192,51253,4107550,-4,-4,1,561.9,17.6,141,0.6,7310,32.5,1018124,40931480
427237,13671584,2026-02-12 07:57,966871,36823931,1,1888,1123,35936,51254,4107587,0,-8,0,561.9,17.6,140,0.6,7310,32.5,1018125,40931518
427238,13671616,2026-02-12 08:03,966871,36823933,1,1888,1115,35680,51254,4107587,0,-8,0,561.9,17.6,139,0.6,7310,32.5,1018125,40931520
427239,13671648,2026-02-12 08:09,966871,36823934,1,1888,1107,35424,51255,4107598,0,-8,0,561.9,17.6,138,0.6,7310,32.5,1018126,40931532
427240,13671680,2026-02-12 08:16,966871,36823938,1,1888,1095,35040,51255,4107598,0,-12,0,561.9,17.6,137,0.6,7310,32.5,1018126,40931536
427241,13671712,2026-02-12 08:22,966871,36823940,1,1888,1087,34784,51256,4107630,0,-8,0,561.9,17.6,136,0.6,7310,32.5,1018127,40931570
427242,13671744,2026-02-12 08:29,966872,36825830,0,0,1079,34528,51255,4105742,1,-8,-1,561.9,17.6,135,0.6,7307,32.5,1018127,40931572
427243,13671776,2026-02-12 08:35,966864,36825577,1,1888,1079,34528,51255,4105742,-8,0,1,561.9,17.6,135,0.6,7307,32.5,1018119,40931319
427244,13671808,2026-02-12 08:41,966864,36825578,1,1888,1071,34272,51255,4105742,0,-8,0,561.9,17.6,134,0.6,7307,32.5,1018119,40931320
427245,13671840,2026-02-12 08:48,966864,36825580,1,1888,1063,34016,51255,4105742,0,-8,0,561.9,17.6,133,0.6,7307,32.5,1018119,40931322
427246,13671872,2026-02-12 08:54,966864,36825580,1,1888,1055,33760,51255,4105742,0,-8,0,561.9,17.6,132,0.6,7307,32.5,1018119,40931322
427247,13671904,2026-02-12 09:01,966858,36825369,1,1888,1053,33696,51256,4105774,-6,-2,0,561.9,17.6,132,0.6,7307,32.5,1018114,40931143
427248,13671936,2026-02-12 09:07,966858,36825371,1,1888,1045,33440,51256,4105774,0,-8,0,561.9,17.6,131,0.6,7307,32.5,1018114,40931145
427249,13671968,2026-02-12 09:13,966809,36825659,0,0,1087,34784,51256,4105774,-49,42,-1,561.9,17.6,136,0.6,7307,32.5,1018065,40931433
427250,13672000,2026-02-12 09:20,966809,36825661,0,0,1079,34528,51263,4104142,0,-8,0,561.9,17.6,135,0.6,7304,32.5,1018072,40929803
427251,13672032,2026-02-12 09:26,966809,36825662,1,1888,1071,34272,51263,4104142,0,-8,1,561.9,17.6,134,0.6,7304,32.5,1018072,40929804
427252,13672064,2026-02-12 09:33,966789,36825022,1,1888,1083,34656,51264,4105142,-20,12,0,561.9,17.6,135,0.6,7306,32.5,1018053,40930164
427253,13672096,2026-02-12 09:39,966789,36825022,1,1888,1075,34400,51266,4105206,0,-8,0,561.9,17.6,134,0.6,7306,32.5,1018055,40930228
427254,13672128,2026-02-12 09:45,966789,36825023,1,1888,1067,34144,51266,4105206,0,-8,0,561.9,17.6,133,0.6,7306,32.5,1018055,40930229
427255,13672160,2026-02-12 09:52,966789,36825025,1,1888,1059,33888,51267,4105238,0,-8,0,561.9,17.6,132,0.6,7306,32.5,1018056,40930263
427256,13672192,2026-02-12 09:58,966789,36825027,1,1888,1051,33632,51269,4107372,0,-8,0,561.9,17.6,131,0.6,7310,32.5,1018058,40932399
427257,13672224,2026-02-12 10:05,966790,36826920,0,0,1043,33376,51268,4105484,1,-8,-1,561.9,17.6,130,0.6,7306,32.5,1018058,40932404
427258,13672256,2026-02-12 10:11,966790,36826955,1,1888,1035,33120,51268,4105484,0,-8,1,561.9,17.6,129,0.6,7306,32.5,1018058,40932439
427259,13672288,2026-02-12 10:17,966790,36826958,1,1888,1027,32864,51268,4105484,0,-8,0,561.9,17.6,128,0.6,7306,32.5,1018058,40932442
427260,13672320,2026-02-12 10:24,966790,36826961,1,1888,1019,32608,51268,4105484,0,-8,0,561.9,17.6,127,0.6,7306,32.5,1018058,40932445
427261,13672352,2026-02-12 10:30,966790,36826962,1,1888,1011,32352,51270,4105548,0,-8,0,561.9,17.6,126,0.6,7306,32.5,1018060,40932510
427262,13672384,2026-02-12 10:37,966790,36826964,1,1888,1003,32096,51271,4105580,0,-8,0,561.9,17.6,125,0.6,7306,32.5,1018061,40932544
427263,13672416,2026-02-12 10:43,966790,36826966,1,1888,995,31840,51272,4105612,0,-8,0,561.9,17.6,124,0.6,7306,32.5,1018062,40932578
427264,13672448,2026-02-12 10:49,966791,36828856,0,0,987,31584,51272,4105612,1,-8,-1,562.0,17.6,123,0.5,7306,32.5,1018063,40934468
427265,13672480,2026-02-12 10:56,966791,36828859,0,0,979,31328,51272,4105612,0,-8,0,562.0,17.6,122,0.5,7306,32.5,1018063,40934471
427266,13672512,2026-02-12 11:02,966791,36828860,1,1888,971,31072,51272,4103820,0,-8,1,562.0,17.6,121,0.5,7303,32.5,1018063,40932680
427267,13672544,2026-02-12 11:09,966791,36828861,1,1888,963,30816,51272,4103820,0,-8,0,562.0,17.6,120,0.5,7303,32.5,1018063,40932681
427268,13672576,2026-02-12 11:15,966786,36828702,0,0,960,30720,51272,4103820,-5,-3,-1,562.0,17.6,120,0.5,7303,32.5,1018058,40932522
427269,13672608,2026-02-12 11:21,966786,36828704,1,1888,952,30464,51287,4104300,0,-8,1,562.0,17.6,119,0.5,7304,32.5,1018073,40933004
427270,13672640,2026-02-12 11:28,966786,36828704,1,1888,944,30208,51287,4104300,0,-8,0,562.0,17.6,118,0.5,7304,32.5,1018073,40933004
427271,13672672,2026-02-12 11:34,966786,36828708,1,1888,936,29952,51293,4104492,0,-8,0,562.0,17.6,117,0.5,7304,32.5,1018079,40933200
427272,13672704,2026-02-12 11:41,966787,36830574,0,0,928,29696,51292,4102604,1,-8,-1,562.0,17.6,116,0.5,7300,32.4,1018079,40933178
427273,13672736,2026-02-12 11:47,966787,36830526,1,1888,920,29440,51292,4102604,0,-8,1,562.0,17.6,115,0.5,7300,32.4,1018079,40933130
427274,13672768,2026-02-12 11:53,966778,36830240,1,1888,921,29472,51292,4102604,-9,1,0,562.0,17.6,115,0.5,7300,32.4,1018070,40932844
427275,13672800,2026-02-12 12:00,966778,36830241,1,1888,913,29216,51385,4105580,0,-8,0,562.0,17.6,114,0.5,7305,32.5,1018163,40935821
427276,13672832,2026-02-12 12:06,966778,36830244,1,1888,905,28960,51385,4105580,0,-8,0,562.0,17.6,113,0.5,7305,32.5,1018163,40935824
427277,13672864,2026-02-12 12:13,966778,36830244,1,1888,897,28704,51385,4105580,0,-8,0,562.0,17.6,112,0.5,7305,32.5,1018163,40935824
427278,13672896,2026-02-12 12:19,966778,36830247,1,1888,889,28448,51386,4105609,0,-8,0,562.0,17.6,111,0.5,7306,32.5,1018164,40935856
427279,13672928,2026-02-12 12:25,966779,36832138,0,0,881,28192,51388,4103817,1,-8,-1,562.0,17.6,110,0.5,7302,32.5,1018167,40935955
427280,13672960,2026-02-12 12:32,966777,36832075,1,1888,875,28000,51388,4103817,-2,-6,1,562.0,17.6,109,0.5,7302,32.5,1018165,40935892
427281,13672992,2026-02-12 12:38,966777,36832077,1,1888,867,27744,51414,4104649,0,-8,0,562.0,17.6,108,0.5,7303,32.5,1018191,40936726
427282,13673024,2026-02-12 12:45,966777,36832078,1,1888,859,27488,51414,4104649,0,-8,0,562.0,17.6,107,0.5,7303,32.5,1018191,40936727
427283,13673056,2026-02-12 12:51,966777,36832079,1,1888,851,27232,51420,4104841,0,-8,0,562.0,17.6,106,0.5,7304,32.5,1018197,40936920
427284,13673088,2026-02-12 12:57,966777,36832080,1,1888,843,26976,51434,4105289,0,-8,0,562.0,17.6,105,0.5,7305,32.5,1018211,40937369
427285,13673120,2026-02-12 13:04,966777,36832081,1,1888,835,26720,51436,4105353,0,-8,0,562.0,17.6,104,0.5,7305,32.5,1018213,40937434
427286,13673152,2026-02-12 13:10,966778,36833971,0,0,827,26464,51436,4105353,1,-8,-1,562.0,17.6,103,0.5,7304,32.5,1018214,40939324
427287,13673184,2026-02-12 13:17,966778,36833977,0,0,819,26208,51440,4103625,0,-8,0,562.0,17.6,102,0.5,7301,32.4,1018218,40937602
427288,13673216,2026-02-12 13:23,966778,36833981,1,1888,811,25952,51477,4104809,0,-8,1,562.0,17.6,101,0.4,7303,32.5,1018255,40938790
427289,13673248,2026-02-12 13:29,966778,36833982,1,1888,803,25696,51477,4104809,0,-8,0,562.0,17.6,100,0.4,7303,32.5,1018255,40938791
427290,13673280,2026-02-12 13:36,966778,36833986,1,1888,795,25440,51477,4104809,0,-8,0,562.0,17.6,99,0.4,7303,32.5,1018255,40938795
427291,13673312,2026-02-12 13:42,966778,36833991,1,1888,787,25184,51477,4104809,0,-8,0,562.0,17.6,98,0.4,7303,32.5,1018255,40938800
427292,13673344,2026-02-12 13:49,966778,36833993,1,1888,779,24928,51479,4104873,0,-8,0,562.0,17.6,97,0.4,7303,32.5,1018257,40938866
427293,13673376,2026-02-12 13:55,966778,36833996,1,1888,771,24672,51480,4104905,0,-8,0,562.0,17.6,96,0.4,7304,32.5,1018258,40938901
427294,13673408,2026-02-12 14:01,966779,36835885,0,0,763,24416,51479,4103017,1,-8,-1,562.1,17.6,95,0.4,7300,32.4,1018258,40938902
427295,13673440,2026-02-12 14:08,966779,36835888,1,1888,755,24160,51479,4103017,0,-8,1,562.1,17.6,94,0.4,7300,32.4,1018258,40938905
427296,13673472,2026-02-12 14:14,966779,36835890,1,1888,747,23904,51479,4103017,0,-8,0,562.1,17.6,93,0.4,7300,32.4,1018258,40938907
427297,13673504,2026-02-12 14:21,966779,36835891,1,1888,739,23648,51483,4103145,0,-8,0,562.1,17.6,92,0.4,7300,32.4,1018262,40939036
427298,13673536,2026-02-12 14:27,966779,36835895,1,1888,731,23392,51484,4103307,0,-8,0,562.1,17.6,91,0.4,7300,32.4,1018263,40939202
427299,13673568,2026-02-12 14:33,966779,36835895,1,1888,723,23136,51484,4103307,0,-8,0,562.1,17.6,90,0.4,7300,32.4,1018263,40939202
427300,13673600,2026-02-12 14:40,966779,36835897,1,1888,715,22880,51485,4103339,0,-8,0,562.1,17.6,89,0.4,7300,32.4,1018264,40939236
427301,13673632,2026-02-12 14:46,966780,36837789,0,0,707,22624,51485,4103339,1,-8,-1,562.1,17.6,88,0.4,7300,32.4,1018265,40941128
427302,13673664,2026-02-12 14:53,966780,36837791,1,1888,699,22368,51477,4101323,0,-8,1,562.1,17.6,87,0.4,7296,32.4,1018257,40939114
427303,13673696,2026-02-12 14:59,966780,36837793,9,2144,691,22112,51477,4101323,0,-8,8,562.1,17.6,86,0.4,7296,32.4,1018257,40939116
427304,13673728,2026-02-12 15:05,966780,36837799,9,2144,683,21856,51477,4101323,0,-8,0,562.1,17.6,85,0.4,7296,32.4,1018257,40939122
427305,13673760,2026-02-12 15:12,966771,36837513,9,2144,684,21888,51478,4101325,-9,1,0,562.1,17.6,86,0.4,7296,32.4,1018249,40938838
427306,13673792,2026-02-12 15:18,966771,36837515,9,2144,676,21632,51487,4101613,0,-8,0,562.1,17.6,84,0.4,7297,32.4,1018258,40939128
427307,13673824,2026-02-12 15:25,966771,36837516,9,2144,668,21376,51489,4101677,0,-8,0,562.1,17.6,84,0.4,7297,32.4,1018260,40939193
427308,13673856,2026-02-12 15:31,966772,36839407,8,256,660,21120,51489,4101677,1,-8,-1,562.1,17.6,82,0.4,7297,32.4,1018261,40941084
427309,13673888,2026-02-12 15:37,966780,36839663,0,0,652,20864,51491,4102109,8,-8,-8,562.1,17.6,82,0.4,7297,32.4,1018271,40941772
427310,13673920,2026-02-12 15:44,966780,36839664,0,0,644,20608,51491,4102109,0,-8,0,562.1,17.6,80,0.4,7297,32.4,1018271,40941773
427311,13673952,2026-02-12 15:50,966780,36839668,1,1888,636,20352,51491,4100253,0,-8,1,562.1,17.6,80,0.4,7294,32.4,1018271,40939921
427312,13673984,2026-02-12 15:57,966780,36839671,1,1888,628,20096,51492,4100285,0,-8,0,562.1,17.6,78,0.3,7294,32.4,1018272,40939956
427313,13674016,2026-02-12 16:03,966780,36839671,1,1888,620,19840,51492,4100285,0,-8,0,562.1,17.6,78,0.3,7294,32.4,1018272,40939956
427314,13674048,2026-02-12 16:09,966780,36839673,1,1888,612,19584,51492,4100285,0,-8,0,562.1,17.6,76,0.3,7294,32.4,1018272,40939958
427315,13674080,2026-02-12 16:16,966780,36839675,1,1888,604,19328,51492,4100285,0,-8,0,562.1,17.6,76,0.3,7294,32.4,1018272,40939960
427316,13674112,2026-02-12 16:22,966780,36839677,1,1888,596,19072,51494,4100765,0,-8,0,562.1,17.6,74,0.3,7295,32.4,1018274,40940442
427317,13674144,2026-02-12 16:29,966781,36841565,0,0,588,18816,51495,4100772,1,-8,-1,562.2,17.6,74,0.3,7295,32.4,1018276,40942337
427318,13674176,2026-02-12 16:35,966770,36841215,1,1888,591,18912,51495,4098916,-11,3,1,562.2,17.6,74,0.3,7291,32.4,1018265,40940131
427319,13674208,2026-02-12 16:41,966770,36841217,1,1888,583,18656,51495,4098916,0,-8,0,562.2,17.6,73,0.3,7291,32.4,1018265,40940133
427320,13674240,2026-02-12 16:48,966770,36841218,1,1888,575,18400,51497,4098980,0,-8,0,562.2,17.6,72,0.3,7292,32.4,1018267,40940198
427321,13674272,2026-02-12 16:54,966770,36841221,1,1888,567,18144,51497,4098980,0,-8,0,562.2,17.6,71,0.3,7292,32.4,1018267,40940201
427322,13674304,2026-02-12 17:01,966770,36841222,1,1888,559,17888,51497,4098980,0,-8,0,562.2,17.6,70,0.3,7292,32.4,1018267,40940202
427323,13674336,2026-02-12 17:07,966770,36841224,1,1888,551,17632,51497,4098980,0,-8,0,562.2,17.6,69,0.3,7292,32.4,1018267,40940204
427324,13674368,2026-02-12 17:13,966771,36843113,0,0,543,17376,51497,4098980,1,-8,-1,562.2,17.6,68,0.3,7291,32.4,1018268,40942093
427325,13674400,2026-02-12 17:20,966771,36843115,0,0,535,17120,51500,4097220,0,-8,0,562.2,17.6,67,0.3,7288,32.4,1018271,40940335
427326,13674432,2026-02-12 17:26,966771,36843116,1,1888,527,16864,51500,4097220,0,-8,1,562.2,17.6,66,0.3,7288,32.4,1018271,40940336
427327,13674464,2026-02-12 17:33,966771,36843118,1,1888,519,16608,51500,4097220,0,-8,0,562.2,17.6,65,0.3,7288,32.4,1018271,40940338
427328,13674496,2026-02-12 17:39,966771,36843119,1,1888,511,16352,51502,4097255,0,-8,0,562.2,17.6,64,0.3,7288,32.4,1018273,40940374
427329,13674528,2026-02-12 17:45,966771,36843121,1,1888,503,16096,51508,4097447,0,-8,0,562.2,17.6,63,0.3,7288,32.4,1018279,40940568
427330,13674560,2026-02-12 17:52,966771,36843123,1,1888,495,15840,51510,4097929,0,-8,0,562.2,17.6,62,0.3,7289,32.4,1018281,40941052
427331,13674592,2026-02-12 17:58,966771,36843125,1,1888,487,15584,51511,4097978,0,-8,0,562.2,17.6,61,0.3,7289,32.4,1018282,40941103
427332,13674624,2026-02-12 18:05,966772,36845014,0,0,479,15328,51511,4096122,1,-8,-1,562.2,17.6,60,0.3,7286,32.4,1018283,40941136
427333,13674656,2026-02-12 18:11,966771,36844982,1,1888,472,15104,51514,4096218,-1,-7,1,562.2,17.6,59,0.3,7286,32.4,1018285,40941200
427334,13674688,2026-02-12 18:17,966771,36844986,1,1888,464,14848,51524,4096538,0,-8,0,562.2,17.6,58,0.3,7286,32.4,1018295,40941524
427335,13674720,2026-02-12 18:24,966771,36844987,1,1888,456,14592,51524,4096538,0,-8,0,562.2,17.6,57,0.3,7286,32.4,1018295,40941525
427336,13674752,2026-02-12 18:30,966771,36844987,1,1888,448,14336,51524,4096538,0,-8,0,562.2,17.6,56,0.2,7286,32.4,1018295,40941525
427337,13674784,2026-02-12 18:37,966771,36844988,1,1888,440,14080,51526,4096655,0,-8,0,562.2,17.6,55,0.2,7287,32.4,1018297,40941643
427338,13674816,2026-02-12 18:43,966771,36844989,1,1888,432,13824,51526,4096655,0,-8,0,562.2,17.6,54,0.2,7287,32.4,1018297,40941644
427339,13674848,2026-02-12 18:49,966772,36846878,0,0,424,13568,51525,4094767,1,-8,-1,562.2,17.6,53,0.2,7283,32.4,1018297,40941645
427340,13674880,2026-02-12 18:56,966772,36846881,1,1888,416,13312,51525,4094767,0,-8,1,562.2,17.6,52,0.2,7283,32.4,1018297,40941648
427341,13674912,2026-02-12 19:02,966772,36846883,1,1888,408,13056,51525,4094767,0,-8,0,562.2,17.6,51,0.2,7283,32.4,1018297,40941650
427342,13674944,2026-02-12 19:09,966772,36846884,1,1888,400,12800,51526,4094799,0,-8,0,562.2,17.6,50,0.2,7283,32.4,1018298,40941683
427343,13674976,2026-02-12 19:15,966772,36846885,1,1888,392,12544,51526,4094799,0,-8,0,562.2,17.6,49,0.2,7283,32.4,1018298,40941684
427344,13675008,2026-02-12 19:21,966772,36846887,1,1888,384,12288,51537,4095151,0,-8,0,562.2,17.6,48,0.2,7284,32.4,1018309,40942038
427345,13675040,2026-02-12 19:28,966772,36846888,1,1888,376,12032,51538,4095183,0,-8,0,562.2,17.6,47,0.2,7284,32.4,1018310,40942071
427346,13675072,2026-02-12 19:34,966773,36848776,0,0,368,11776,51539,4095215,1,-8,-1,562.3,17.6,46,0.2,7283,32.4,1018312,40943991
427347,13675104,2026-02-12 19:41,966773,36848776,0,0,360,11520,51539,4095215,0,-8,0,562.3,17.6,45,0.2,7283,32.4,1018312,40943991
427348,13675136,2026-02-12 19:47,966773,36848778,1,1888,352,11264,51540,4093359,0,-8,1,562.3,17.6,44,0.2,7280,32.4,1018313,40942137
427349,13675168,2026-02-12 19:53,966773,36848783,1,1888,344,11008,51540,4093359,0,-8,0,562.3,17.6,43,0.2,7280,32.4,1018313,40942142
427350,13675200,2026-02-12 20:00,966773,36848783,1,1888,336,10752,51540,4093359,0,-8,0,562.3,17.6,42,0.2,7280,32.4,1018313,40942142
427351,13675232,2026-02-12 20:06,966773,36848784,1,1888,328,10496,51541,4093391,0,-8,0,562.3,17.6,41,0.2,7280,32.4,1018314,40942175
427352,13675264,2026-02-12 20:13,966773,36848785,1,1888,320,10240,51541,4093391,0,-8,0,562.3,17.6,40,0.2,7280,32.4,1018314,40942176
427353,13675296,2026-02-12 20:19,966773,36848789,1,1888,312,9984,51541,4093391,0,-8,0,562.3,17.6,39,0.2,7280,32.4,1018314,40942180
427354,13675328,2026-02-12 20:25,966774,36850678,0,0,304,9728,51542,4093456,1,-8,-1,562.3,17.6,38,0.2,7280,32.4,1018316,40944134
427355,13675360,2026-02-12 20:32,966774,36850679,1,1888,296,9472,51542,4091665,0,-8,1,562.3,17.6,37,0.2,7277,32.3,1018316,40942344
427356,13675392,2026-02-12 20:38,966738,36849528,1,1888,324,10368,51542,4091665,-36,28,0,562.3,17.6,40,0.2,7277,32.3,1018280,40941193
427357,13675424,2026-02-12 20:45,966737,36849496,1,1888,317,10144,51543,4091697,-1,-7,0,562.3,17.6,40,0.2,7277,32.3,1018280,40941193
427358,13675456,2026-02-12 20:51,966736,36849466,1,1888,310,9920,51543,4091697,-1,-7,0,562.3,17.6,39,0.2,7277,32.3,1018279,40941163
427359,13675488,2026-02-12 20:57,966736,36849468,1,1888,302,9664,51544,4091729,0,-8,0,562.3,17.6,38,0.2,7277,32.3,1018280,40941197
427360,13675520,2026-02-12 21:04,966736,36849469,1,1888,294,9408,51544,4091729,0,-8,0,562.3,17.6,37,0.2,7277,32.3,1018280,40941198
427361,13675552,2026-02-12 21:10,966623,36847710,0,0,400,12800,51543,4089841,-113,106,-1,562.3,17.6,50,0.2,7274,32.3,1018166,40937551
427362,13675584,2026-02-12 21:17,966620,36847616,1,1888,395,12640,51543,4089841,-3,-5,1,562.2,17.6,49,0.2,7274,32.3,1018163,40937457
427363,13675616,2026-02-12 21:23,966613,36847393,1,1888,394,12608,51545,4089910,-7,-1,0,562.2,17.6,49,0.2,7274,32.3,1018158,40937303
427364,13675648,2026-02-12 21:29,966610,36847298,1,1888,393,12576,51546,4089942,-3,-1,0,562.2,17.6,49,0.2,7274,32.3,1018156,40937240
427365,13675680,2026-02-12 21:36,966610,36847300,1,1888,387,12384,51546,4089942,0,-6,0,562.2,17.6,48,0.2,7274,32.3,1018156,40937242
427366,13675712,2026-02-12 21:42,966609,36847269,1,1888,381,12192,51546,4089942,-1,-6,0,562.2,17.6,48,0.2,7274,32.3,1018155,40937211
427367,13675744,2026-02-12 21:49,966609,36847273,1,1888,373,11936,51546,4089942,0,-8,0,562.2,17.6,47,0.2,7274,32.3,1018155,40937215
427368,13675776,2026-02-12 21:55,966610,36849163,0,0,365,11680,51546,4089942,1,-8,-1,562.3,17.6,46,0.2,7274,32.3,1018156,40939105
427369,13675808,2026-02-12 22:01,966610,36849166,0,0,359,11488,51546,4088057,0,-6,0,562.3,17.6,45,0.2,7271,32.3,1018156,40937223
427370,13675840,2026-02-12 22:08,966610,36849168,1,1888,351,11232,51579,4089132,0,-8,1,562.3,17.6,44,0.2,7272,32.3,1018189,40938300
427371,13675872,2026-02-12 22:14,966610,36849169,1,1888,343,10976,51609,4090092,0,-8,0,562.3,17.6,43,0.2,7274,32.3,1018219,40939261
427372,13675904,2026-02-12 22:21,966610,36849171,1,1888,335,10720,51640,4091084,0,-8,0,562.3,17.6,42,0.2,7276,32.3,1018250,40940255
427373,13675936,2026-02-12 22:27,966610,36849172,1,1888,335,10720,51670,4092048,0,0,0,562.3,17.6,42,0.2,7278,32.3,1018280,40941220
427374,13675968,2026-02-12 22:33,966610,36849175,1,1888,335,10720,51702,4093072,0,0,0,562.3,17.6,42,0.2,7280,32.4,1018312,40942247
427375,13676000,2026-02-12 22:40,966610,36849176,1,1888,333,10656,51741,4094320,0,-2,0,562.3,17.6,42,0.2,7282,32.4,1018351,40943496
427376,13676032,2026-02-12 22:46,966611,36851066,0,0,325,10400,51742,4092496,1,-8,-1,562.3,17.6,41,0.2,7278,32.3,1018353,40943562
427377,13676064,2026-02-12 22:53,966611,36851069,1,1888,317,10144,51747,4092656,0,-8,1,562.3,17.6,40,0.2,7278,32.3,1018358,40943725
427378,13676096,2026-02-12 22:59,966611,36851070,1,1888,309,9888,51752,4092816,0,-8,0,562.3,17.6,39,0.2,7279,32.4,1018363,40943886
427379,13676128,2026-02-12 23:05,966611,36851072,1,1888,301,9632,51754,4092880,0,-8,0,562.3,17.6,38,0.2,7279,32.4,1018365,40943952
427380,13676160,2026-02-12 23:12,966611,36851074,1,1888,294,9408,51754,4092880,0,-7,0,562.3,17.6,37,0.2,7279,32.4,1018365,40943954
427381,13676192,2026-02-12 23:18,966601,36850754,1,1888,296,9472,51764,4093200,-10,2,0,562.3,17.6,37,0.2,7279,32.4,1018365,40943954
427382,13676224,2026-02-12 23:25,966591,36850435,1,1888,298,9536,51764,4093200,-10,2,0,562.3,17.6,37,0.2,7279,32.4,1018355,40943635
427383,13676256,2026-02-12 23:31,966579,36851910,0,0,303,9696,51764,4093200,-12,5,-1,562.3,17.6,38,0.2,7279,32.4,1018343,40945110
427384,13676288,2026-02-12 23:37,966579,36851916,0,0,295,9440,51763,4091312,0,-8,0,562.3,17.6,37,0.2,7276,32.3,1018342,40943228
427385,13676320,2026-02-12 23:44,966579,36851918,1,1888,287,9184,51763,4091312,0,-8,1,562.3,17.6,36,0.2,7276,32.3,1018342,40943230
427386,13676352,2026-02-12 23:50,966579,36851924,1,1888,279,8928,51763,4091312,0,-8,0,562.3,17.6,35,0.2,7276,32.3,1018342,40943236
427387,13676384,2026-02-12 23:57,966579,36851926,1,1888,271,8672,51763,4091312,0,-8,0,562.3,17.6,34,0.2,7276,32.3,1018342,40943238
427388,13676416,2026-02-13 00:03,966571,36851670,1,1888,271,8672,51770,4091504,-8,0,0,562.3,17.6,34,0.2,7276,32.3,1018341,40943174
427389,13676448,2026-02-13 00:09,966559,36851289,1,1888,275,8800,51771,4091536,-12,4,0,562.3,17.6,34,0.2,7276,32.3,1018330,40942825
427390,13676480,2026-02-13 00:16,966543,36850780,1,1888,283,9056,51777,4091728,-16,8,0,562.3,17.6,35,0.2,7277,32.3,1018320,40942508
427391,13676512,2026-02-13 00:22,966531,36852253,0,0,288,9216,51776,4089840,-12,5,-1,562.3,17.6,36,0.2,7273,32.3,1018307,40942093
427392,13676544,2026-02-13 00:29,966518,36851840,1,1888,291,9312,51776,4089840,-13,3,1,562.3,17.6,36,0.2,7273,32.3,1018294,40941680
427393,13676576,2026-02-13 00:35,966500,36851267,1,1888,301,9632,51780,4089947,-18,10,0,562.3,17.6,38,0.2,7274,32.3,1018280,40941214
427394,13676608,2026-02-13 00:41,966500,36851267,1,1888,293,9376,51781,4089979,0,-8,0,562.3,17.6,37,0.2,7274,32.3,1018281,40941246
427395,13676640,2026-02-13 00:48,966499,36851237,1,1888,286,9152,51781,4089979,-1,-7,0,562.3,17.6,36,0.2,7274,32.3,1018280,40941216
427396,13676672,2026-02-13 00:54,966499,36851237,1,1888,278,8896,51781,4089979,0,-8,0,562.3,17.6,35,0.2,7274,32.3,1018280,40941216
427397,13676704,2026-02-13 01:01,966499,36851241,1,1888,270,8640,51781,4089979,0,-8,0,562.3,17.6,34,0.2,7274,32.3,1018280,40941220
427398,13676736,2026-02-13 01:07,966500,36853133,0,0,262,8384,51781,4089979,1,-8,-1,562.3,17.6,33,0.1,7273,32.3,1018281,40943112
427399,13676768,2026-02-13 01:13,966500,36853135,1,1888,254,8128,51781,4088161,0,-8,1,562.3,17.6,32,0.1,7270,32.3,1018281,40941296
427400,13676800,2026-02-13 01:20,966500,36853137,1,1888,246,7872,51788,4088385,0,-8,0,562.3,17.6,31,0.1,7270,32.3,1018288,40941522
427401,13676832,2026-02-13 01:26,966500,36853139,1,1888,238,7616,51788,4088385,0,-8,0,562.3,17.6,30,0.1,7270,32.3,1018288,40941524
427402,13676864,2026-02-13 01:33,966500,36853142,1,1888,230,7360,51788,4088385,0,-8,0,562.3,17.6,29,0.1,7270,32.3,1018288,40941527
427403,13676896,2026-02-13 01:39,966500,36853145,1,1888,222,7104,51788,4088385,0,-8,0,562.3,17.6,28,0.1,7270,32.3,1018288,40941530
427404,13676928,2026-02-13 01:45,966500,36853148,1,1888,214,6848,51788,4088385,0,-8,0,562.3,17.6,27,0.1,7270,32.3,1018288,40941533
427405,13676960,2026-02-13 01:52,966500,36854996,0,0,207,6632,51788,4088385,0,-7,-1,562.4,17.6,26,0.1,7270,32.3,1018288,40943381
427406,13676992,2026-02-13 01:58,966500,36854998,0,0,199,6376,51793,4088545,0,-8,0,562.4,17.6,25,0.1,7270,32.3,1018293,40943543
427407,13677024,2026-02-13 02:05,966500,36855000,1,1888,191,6120,51793,4086689,0,-8,1,562.4,17.6,24,0.1,7267,32.3,1018293,40941689
427408,13677056,2026-02-13 02:11,966500,36855000,1,1888,183,5864,51793,4086689,0,-8,0,562.4,17.6,23,0.1,7267,32.3,1018293,40941689
427409,13677088,2026-02-13 02:17,966500,36855002,1,1888,175,5608,51795,4086753,0,-8,0,562.4,17.6,22,0.1,7267,32.3,1018295,40941755
427410,13677120,2026-02-13 02:24,966500,36855004,1,1888,167,5352,51795,4086753,0,-8,0,562.4,17.6,21,0.1,7267,32.3,1018295,40941757
427411,13677152,2026-02-13 02:30,966498,36854942,1,1888,161,5160,51797,4090269,-2,-6,0,562.4,17.6,20,0.1,7273,32.3,1018295,40945211
427412,13677184,2026-02-13 02:37,966498,36854945,1,1888,153,4904,51797,4090269,0,-8,0,562.4,17.6,19,0.1,7273,32.3,1018295,40945214
427413,13677216,2026-02-13 02:43,966499,36856834,0,0,145,4648,51797,4088411,1,-8,-1,562.4,17.6,18,0.1,7270,32.3,1018296,40945245
427414,13677248,2026-02-13 02:49,966499,36856836,1,1888,137,4392,51799,4088475,0,-8,1,562.4,17.6,17,0.1,7270,32.3,1018298,40945311
427415,13677280,2026-02-13 02:56,966498,36856807,1,1888,129,4136,51800,4088507,-1,-8,0,562.4,17.6,16,0.1,7270,32.3,1018298,40945314
427416,13677312,2026-02-13 03:02,966498,36856812,1,1888,121,3880,51800,4088507,0,-8,0,562.4,17.6,15,0.1,7270,32.3,1018298,40945319
427417,13677344,2026-02-13 03:09,966498,36856814,1,1888,113,3624,51802,4088776,0,-8,0,562.4,17.6,14,0.1,7270,32.3,1018300,40945590
427418,13677376,2026-02-13 03:15,966498,36856815,1,1888,105,3368,51802,4088776,0,-8,0,562.4,17.6,13,0.1,7270,32.3,1018300,40945591
427419,13677408,2026-02-13 03:21,966498,36856819,1,1888,96,3080,51804,4088840,0,-9,0,562.4,17.6,12,0.1,7270,32.3,1018302,40945659
427420,13677440,2026-02-13 03:28,966499,36858709,0,0,88,2824,51803,4086952,1,-8,-1,562.4,17.6,11,0.0,7267,32.3,1018302,40945661
427421,13677472,2026-02-13 03:34,966496,36858614,1,1888,83,2664,51803,4086952,-3,-5,1,562.4,17.6,10,0.0,7267,32.3,1018299,40945566
427422,13677504,2026-02-13 03:41,966496,36858615,1,1888,75,2408,51832,4087880,0,-8,0,562.4,17.6,9,0.0,7268,32.3,1018328,40946495
427423,13677536,2026-02-13 03:47,966496,36858616,1,1888,67,2152,51832,4087880,0,-8,0,562.4,17.6,8,0.0,7268,32.3,1018328,40946496
427424,13677568,2026-02-13 03:53,966496,36858617,1,1888,59,1896,51835,4090326,0,-8,0,562.4,17.6,7,0.0,7273,32.3,1018331,40948943
427425,13677600,2026-02-13 04:00,966496,36858618,1,1888,51,1640,51835,4090326,0,-8,0,562.4,17.6,6,0.0,7273,32.3,1018331,40948944
427426,13677632,2026-02-13 04:06,966496,36858621,1,1888,43,1384,51835,4090326,0,-8,0,562.4,17.6,5,0.0,7273,32.3,1018331,40948947
427427,13677664,2026-02-13 04:13,966497,36860511,0,0,35,1128,51835,4090326,1,-8,-1,562.4,17.6,4,0.0,7272,32.3,1018332,40950837
427428,13677696,2026-02-13 04:19,966497,36860512,0,0,27,872,51834,4088438,0,-8,0,562.4,17.6,3,0.0,7269,32.3,1018331,40948950
427429,13677728,2026-02-13 04:25,966497,36860514,1,1888,19,616,51834,4088438,0,-8,1,562.4,17.6,2,0.0,7269,32.3,1018331,40948952
427430,13677760,2026-02-13 04:32,966463,36859429,1,1888,45,1448,51834,4088438,-34,26,0,562.4,17.6,6,0.0,7269,32.3,1018297,40947867
427431,13677792,2026-02-13 04:38,966463,36859432,1,1888,38,1216,51834,4088438,0,-7,0,562.4,17.6,5,0.0,7269,32.3,1018297,40947870
427432,13677824,2026-02-13 04:45,966463,36859432,1,1888,34,1088,51834,4088438,0,-4,0,562.4,17.6,4,0.0,7269,32.3,1018297,40947870
427433,13677856,2026-02-13 04:51,966462,36859399,1,1888,35,1121,51835,4088448,-1,1,0,562.4,17.6,4,0.0,7269,32.3,1018297,40947847
427434,13677888,2026-02-13 04:57,966462,36859401,1,1888,27,865,51835,4088448,0,-8,0,562.4,17.6,3,0.0,7269,32.3,1018297,40947849
427435,13677920,2026-02-13 05:04,966463,36861292,0,0,19,609,51834,4086560,1,-8,-1,562.5,17.6,2,0.0,7266,32.3,1018297,40947852
427436,13677952,2026-02-13 05:10,966463,36861296,1,1888,11,353,51834,4086560,0,-8,1,562.5,17.6,1,0.0,7266,32.3,1018297,40947856
427437,13677984,2026-02-13 05:17,966463,36861300,1,1888,2,64,51838,4086688,0,-9,0,562.5,17.6,0,0.0,7266,32.3,1018301,40947988
427438,13678016,2026-02-13 05:23,966463,36861302,1,1888,0,0,51838,4086688,0,-2,0,562.5,17.6,0,0.0,7266,32.3,1018301,40947990
427439,13678048,2026-02-13 05:29,966463,36861302,1,1888,0,0,51838,4086688,0,0,0,562.5,17.6,0,0.0,7266,32.3,1018301,40947990
427440,13678080,2026-02-13 05:36,966463,36861340,1,1888,0,0,51838,4086688,0,0,0,562.5,17.6,0,0.0,7266,32.3,1018301,40948028
427441,13678112,2026-02-13 05:42,966463,36861377,1,1888,0,0,51838,4086688,0,0,0,562.5,17.6,0,0.0,7266,32.3,1018301,40948065
427442,13678144,2026-02-13 05:49,966464,36863266,0,0,0,0,51838,4086688,1,0,-1,562.5,17.6,0,0.0,7265,32.3,1018302,40949954
427443,13678176,2026-02-13 05:55,966464,36863269,0,0,0,0,51838,4086688,0,0,0,562.5,17.6,0,0.0,7265,32.3,1018302,40949957
427444,13678208,2026-02-13 06:01,966464,36863271,1,1888,0,0,51838,4084832,0,0,1,562.5,17.6,0,0.0,7262,32.3,1018302,40948103
427445,13678240,2026-02-13 06:08,966464,36863272,1,1888,0,0,51838,4084832,0,0,0,562.5,17.6,0,0.0,7262,32.3,1018302,40948104
427446,13678272,2026-02-13 06:14,966464,36863273,1,1888,0,0,51843,4084992,0,0,0,562.5,17.6,0,0.0,7262,32.3,1018307,40948265
427447,13678304,2026-02-13 06:21,966464,36863275,1,1888,0,0,51845,4085056,0,0,0,562.5,17.6,0,0.0,7262,32.3,1018309,40948331
427448,13678336,2026-02-13 06:27,966464,36863276,1,1888,0,0,51845,4085056,0,0,0,562.5,17.6,0,0.0,7262,32.3,1018309,40948332
427449,13678368,2026-02-13 06:33,966464,36863278,1,1888,0,0,51845,4085056,0,0,0,562.5,17.6,0,0.0,7262,32.3,1018309,40948334
427450,13678400,2026-02-13 06:40,966465,36865168,0,0,0,0,51846,4083232,1,0,-1,562.5,17.6,0,0.0,7259,32.3,1018311,40948400
427451,13678432,2026-02-13 06:46,966465,36865168,1,1888,0,0,51846,4083232,0,0,1,562.5,17.6,0,0.0,7259,32.3,1018311,40948400
427452,13678464,2026-02-13 06:53,966465,36865171,1,1888,0,0,51846,4083232,0,0,0,562.5,17.6,0,0.0,7259,32.3,1018311,40948403
427453,13678496,2026-02-13 06:59,966465,36865175,1,1888,0,0,51846,4083232,0,0,0,562.5,17.6,0,0.0,7259,32.3,1018311,40948407
427454,13678528,2026-02-13 07:05,966465,36865176,1,1888,0,0,51846,4083232,0,0,0,562.5,17.6,0,0.0,7259,32.3,1018311,40948408
427455,13678560,2026-02-13 07:12,966465,36865178,1,1888,0,0,51846,4083232,0,0,0,562.5,17.6,0,0.0,7259,32.3,1018311,40948410
427456,13678592,2026-02-13 07:18,966465,36865180,1,1888,0,0,51856,4083523,0,0,0,562.5,17.6,0,0.0,7259,32.3,1018321,40948703
427457,13678624,2026-02-13 07:25,966460,36866877,0,0,6,192,51865,4083811,-5,6,-1,562.5,17.6,1,0.0,7260,32.3,1018325,40950688
427458,13678656,2026-02-13 07:31,966460,36866880,1,1888,6,192,51865,4081955,0,0,1,562.5,17.6,1,0.0,7256,32.2,1018325,40948835
427459,13678688,2026-02-13 07:37,966446,36866433,1,1888,20,640,51865,4081955,-14,14,0,562.5,17.6,2,0.0,7256,32.2,1018311,40948388
427460,13678720,2026-02-13 07:44,966446,36866434,1,1888,20,640,51865,4081955,0,0,0,562.5,17.6,2,0.0,7256,32.2,1018311,40948389
427461,13678752,2026-02-13 07:50,966446,36866436,1,1888,14,448,51865,4081955,0,-6,0,562.5,17.6,2,0.0,7256,32.2,1018311,40948391
427462,13678784,2026-02-13 07:57,966446,36866439,1,1888,14,448,51865,4081955,0,0,0,562.5,17.6,2,0.0,7256,32.2,1018311,40948394
427463,13678816,2026-02-13 08:03,966446,36866441,1,1888,6,192,51865,4081955,0,-8,0,562.5,17.6,1,0.0,7256,32.2,1018311,40948396
427464,13678848,2026-02-13 08:09,966447,36868331,0,0,0,0,51865,4081955,1,-6,-1,562.6,17.6,0,0.0,7256,32.2,1018312,40950286
427465,13678880,2026-02-13 08:16,966447,36868332,0,0,0,0,51864,4080067,0,0,0,562.6,17.6,0,0.0,7253,32.2,1018311,40948399
427466,13678912,2026-02-13 08:22,966447,36868336,1,1888,0,0,51864,4080067,0,0,1,562.6,17.6,0,0.0,7253,32.2,1018311,40948403
427467,13678944,2026-02-13 08:29,966447,36868336,1,1888,0,0,51866,4080131,0,0,0,562.6,17.6,0,0.0,7253,32.2,1018313,40948467
427468,13678976,2026-02-13 08:35,966438,36868051,1,1888,9,288,51866,4080131,-9,9,0,562.6,17.6,1,0.0,7253,32.2,1018304,40948182
427469,13679008,2026-02-13 08:41,966438,36868051,1,1888,9,288,51866,4080131,0,0,0,562.6,17.6,1,0.0,7253,32.2,1018304,40948182
427470,13679040,2026-02-13 08:48,966438,36868052,1,1888,9,288,51866,4080131,0,0,0,562.6,17.6,1,0.0,7253,32.2,1018304,40948183
427471,13679072,2026-02-13 08:54,966434,36867924,1,1888,13,416,51866,4080131,-4,4,0,562.6,17.6,2,0.0,7253,32.2,1018300,40948055
427472,13679104,2026-02-13 09:01,966431,36869687,0,0,9,288,51866,4080131,-3,-4,-1,562.6,17.6,1,0.0,7252,32.2,1018297,40949818
427473,13679136,2026-02-13 09:07,966427,36869563,1,1888,12,384,51866,4078259,-4,3,1,562.6,17.6,2,0.0,7249,32.2,1018293,40947822
427474,13679168,2026-02-13 09:13,966424,36869471,1,1888,15,480,51867,4078291,-3,3,0,562.6,17.6,2,0.0,7249,32.2,1018291,40947762
427475,13679200,2026-02-13 09:20,966424,36869473,1,1888,11,352,51870,4078387,0,-4,0,562.6,17.6,1,0.0,7249,32.2,1018294,40947860
427476,13679232,2026-02-13 09:26,966421,36869378,1,1888,11,352,51870,4078387,-3,0,0,562.6,17.6,1,0.0,7249,32.2,1018291,40947765
427477,13679264,2026-02-13 09:33,966421,36869381,1,1888,6,192,51871,4078419,0,-5,0,562.6,17.6,1,0.0,7249,32.2,1018292,40947800
427478,13679296,2026-02-13 09:39,966421,36869386,1,1888,3,96,51873,4078483,0,-3,0,562.6,17.6,0,0.0,7250,32.2,1018294,40947869
427479,13679328,2026-02-13 09:45,966422,36871275,0,0,3,96,51873,4076627,1,0,-1,562.6,17.6,0,0.0,7246,32.2,1018295,40947902
427480,13679360,2026-02-13 09:52,966422,36871276,1,1888,0,0,51904,4077619,0,-3,1,562.6,17.6,0,0.0,7248,32.2,1018326,40948895
427481,13679392,2026-02-13 09:58,966422,36871280,1,1888,0,0,51914,4077939,0,0,0,562.6,17.6,0,0.0,7248,32.2,1018336,40949219
427482,13679424,2026-02-13 10:05,966422,36871281,1,1888,0,0,51915,4077971,0,0,0,562.6,17.6,0,0.0,7248,32.2,1018337,40949252
427483,13679456,2026-02-13 10:11,966422,36871283,1,1888,0,0,51915,4077971,0,0,0,562.6,17.6,0,0.0,7248,32.2,1018337,40949254
427484,13679488,2026-02-13 10:17,966422,36871285,1,1888,0,0,51915,4077971,0,0,0,562.6,17.6,0,0.0,7248,32.2,1018337,40949256
427485,13679520,2026-02-13 10:24,966422,36871286,1,1888,0,0,51915,4077971,0,0,0,562.6,17.6,0,0.0,7248,32.2,1018337,40949257
427486,13679552,2026-02-13 10:30,966423,36873207,0,0,0,0,51915,4077971,1,0,-1,562.6,17.6,0,0.0,7248,32.2,1018338,40951178
427487,13679584,2026-02-13 10:37,966423,36873244,0,0,0,0,51915,4077971,0,0,0,562.6,17.6,0,0.0,7248,32.2,1018338,40951215
427488,13679616,2026-02-13 10:43,966422,36873245,1,1888,1,32,51915,4076115,-1,1,1,562.6,17.6,0,0.0,7245,32.2,1018337,40949360
427489,13679648,2026-02-13 10:49,966422,36873246,1,1888,1,32,51915,4076115,0,0,0,562.6,17.6,0,0.0,7245,32.2,1018337,40949361
427490,13679680,2026-02-13 10:56,966422,36873248,1,1888,1,32,51916,4076147,0,0,0,562.6,17.6,0,0.0,7245,32.2,1018338,40949395
427491,13679712,2026-02-13 11:02,966422,36873250,1,1888,1,32,51916,4076147,0,0,0,562.6,17.6,0,0.0,7245,32.2,1018338,40949397
427492,13679744,2026-02-13 11:09,966422,36873253,1,1888,0,0,51917,4076149,0,-1,0,562.6,17.6,0,0.0,7245,32.2,1018339,40949402
427493,13679776,2026-02-13 11:15,966422,36873253,1,1888,0,0,51918,4076181,0,0,0,562.6,17.6,0,0.0,7245,32.2,1018340,40949434
427494,13679808,2026-02-13 11:21,966411,36874755,0,0,12,387,51924,4076373,-11,12,-1,562.7,17.6,2,0.0,7245,32.2,1018335,40951128
427495,13679840,2026-02-13 11:28,966409,36874691,1,1888,14,453,51927,4074613,-2,2,1,562.7,17.6,2,0.0,7242,32.2,1018336,40949304
427496,13679872,2026-02-13 11:34,966409,36874819,1,1888,14,453,51927,4074613,0,0,0,562.7,17.6,2,0.0,7242,32.2,1018336,40949432
427497,13679904,2026-02-13 11:41,966409,36874820,1,1888,14,453,51927,4074613,0,0,0,562.7,17.6,2,0.0,7242,32.2,1018336,40949433
427498,13679936,2026-02-13 11:47,966409,36874821,1,1888,5,162,51927,4074613,0,-9,0,562.7,17.6,1,0.0,7242,32.2,1018336,40949434
427499,13679968,2026-02-13 11:53,966409,36874823,1,1888,0,0,51928,4074645,0,-5,0,562.7,17.6,0,0.0,7242,32.2,1018337,40949468
427500,13680000,2026-02-13 12:00,966409,36874824,1,1888,0,0,51928,4074645,0,0,0,562.7,17.6,0,0.0,7242,32.2,1018337,40949469
427501,13680032,2026-02-13 12:06,966410,36876713,0,0,0,0,51928,4074645,1,0,-1,562.7,17.6,0,0.0,7241,32.2,1018338,40951358
427502,13680064,2026-02-13 12:13,966410,36876717,0,0,0,0,51927,4072757,0,0,0,562.7,17.6,0,0.0,7238,32.2,1018337,40949474
427503,13680096,2026-02-13 12:19,966410,36876721,1,1888,0,0,51927,4072757,0,0,1,562.7,17.6,0,0.0,7238,32.2,1018337,40949478
427504,13680128,2026-02-13 12:25,966410,36876723,1,1888,0,0,51929,4072821,0,0,0,562.7,17.6,0,0.0,7238,32.2,1018339,40949544
427505,13680160,2026-02-13 12:32,966398,36876343,1,1888,12,384,51929,4072821,-12,12,0,562.7,17.6,2,0.0,7238,32.2,1018327,40949164
427506,13680192,2026-02-13 12:38,966398,36876345,1,1888,12,384,51936,4073045,0,0,0,562.7,17.6,2,0.0,7239,32.2,1018334,40949390
427507,13680224,2026-02-13 12:45,966398,36876346,1,1888,12,384,51936,4073045,0,0,0,562.7,17.6,2,0.0,7239,32.2,1018334,40949391
427508,13680256,2026-02-13 12:51,966398,36876350,1,1888,12,384,51936,4073045,0,0,0,562.7,17.6,2,0.0,7239,32.2,1018334,40949395
427509,13680288,2026-02-13 12:57,966399,36878241,0,0,12,384,51935,4071157,1,0,-1,562.7,17.6,2,0.0,7235,32.2,1018334,40949398
427510,13680320,2026-02-13 13:04,966399,36878241,1,1888,4,128,51935,4071157,0,-8,1,562.7,17.6,0,0.0,7235,32.2,1018334,40949398
427511,13680352,2026-02-13 13:10,966399,36878243,1,1888,0,0,51935,4071157,0,-4,0,562.7,17.6,0,0.0,7235,32.2,1018334,40949400
427512,13680384,2026-02-13 13:17,966399,36878246,1,1888,0,0,51938,4071253,0,0,0,562.7,17.6,0,0.0,7235,32.2,1018337,40949499
427513,13680416,2026-02-13 13:23,966399,36878247,1,1888,0,0,51939,4071285,0,0,0,562.7,17.6,0,0.0,7235,32.2,1018338,40949532
427514,13680448,2026-02-13 13:29,966399,36878247,1,1888,0,0,51940,4071317,0,0,0,562.7,17.6,0,0.0,7235,32.2,1018339,40949564
427515,13680480,2026-02-13 13:36,966399,36878247,1,1888,0,0,51941,4071349,0,0,0,562.7,17.6,0,0.0,7235,32.2,1018340,40949596
427516,13680512,2026-02-13 13:42,966400,36880136,0,0,0,0,51941,4070461,1,0,-1,562.7,17.6,0,0.0,7233,32.1,1018341,40950597
427517,13680544,2026-02-13 13:49,966400,36880136,1,1888,0,0,51941,4070461,0,0,1,562.7,17.6,0,0.0,7233,32.1,1018341,40950597
427518,13680576,2026-02-13 13:55,966400,36880139,1,1888,0,0,51942,4071215,0,0,0,562.7,17.6,0,0.0,7235,32.2,1018342,40951354
427519,13680608,2026-02-13 14:01,966400,36880140,1,1888,0,0,51943,4071250,0,0,0,562.7,17.6,0,0.0,7235,32.2,1018343,40951390
427520,13680640,2026-02-13 14:08,966400,36880141,1,1888,0,0,51943,4071250,0,0,0,562.7,17.6,0,0.0,7235,32.2,1018343,40951391
427521,13680672,2026-02-13 14:14,966400,36880144,1,1888,0,0,51943,4071250,0,0,0,562.7,17.6,0,0.0,7235,32.2,1018343,40951394
427522,13680704,2026-02-13 14:21,966396,36880017,1,1888,4,128,51945,4071314,-4,4,0,562.7,17.6,0,0.0,7235,32.2,1018341,40951331
427523,13680736,2026-02-13 14:27,966381,36881395,0,0,20,640,51947,4071378,-15,16,-1,562.8,17.6,2,0.0,7235,32.2,1018328,40952773
427524,13680768,2026-02-13 14:33,966379,36881333,0,0,22,704,51945,4069458,-2,2,0,562.8,17.6,3,0.0,7231,32.1,1018324,40950791
427525,13680800,2026-02-13 14:40,966374,36881175,2,1920,27,864,51945,4069458,-5,5,2,562.8,17.6,3,0.0,7231,32.1,1018319,40950633
427526,13680832,2026-02-13 14:46,966370,36881050,2,1920,27,864,51945,4069458,-4,0,0,562.8,17.6,3,0.0,7231,32.1,1018315,40950508
427527,13680864,2026-02-13 14:53,966370,36881053,2,1920,19,608,51948,4069554,0,-8,0,562.8,17.6,2,0.0,7231,32.1,1018318,40950607
427528,13680896,2026-02-13 14:59,966370,36881055,2,1920,11,352,51948,4069554,0,-8,0,562.8,17.6,1,0.0,7231,32.1,1018318,40950609
427529,13680928,2026-02-13 15:05,966370,36881058,2,1920,5,160,51950,4070581,0,-6,0,562.8,17.6,1,0.0,7233,32.1,1018320,40951639
427530,13680960,2026-02-13 15:12,966370,36881060,2,1920,0,0,51953,4073581,0,-5,0,562.8,17.6,0,0.0,7239,32.2,1018323,40954641
427531,13680992,2026-02-13 15:18,966372,36882980,0,0,0,0,51962,4072004,2,0,-2,562.8,17.6,0,0.0,7235,32.2,1018334,40954984
427532,13681024,2026-02-13 15:25,966372,36882983,1,1888,0,0,51965,4072100,0,0,1,562.8,17.6,0,0.0,7236,32.2,1018337,40955083
427533,13681056,2026-02-13 15:31,966372,36882983,1,1888,0,0,51965,4072100,0,0,0,562.8,17.6,0,0.0,7236,32.2,1018337,40955083
427534,13681088,2026-02-13 15:37,966372,36882985,1,1888,0,0,51968,4072196,0,0,0,562.8,17.6,0,0.0,7236,32.2,1018340,40955181
427535,13681120,2026-02-13 15:44,966372,36882985,1,1888,0,0,51969,4072202,0,0,0,562.8,17.6,0,0.0,7236,32.2,1018341,40955187
427536,13681152,2026-02-13 15:50,966372,36882986,1,1888,0,0,51969,4072202,0,0,0,562.8,17.6,0,0.0,7236,32.2,1018341,40955188
427537,13681184,2026-02-13 15:57,966372,36882988,1,1888,0,0,51969,4072202,0,0,0,562.8,17.6,0,0.0,7236,32.2,1018341,40955190
427538,13681216,2026-02-13 16:03,966373,36884884,0,0,0,0,51969,4072202,1,0,-1,562.8,17.6,0,0.0,7235,32.2,1018342,40957086
427539,13681248,2026-02-13 16:09,966373,36884888,0,0,0,0,51968,4070314,0,0,0,562.8,17.6,0,0.0,7232,32.1,1018341,40955202
427540,13681280,2026-02-13 16:16,966373,36884889,1,1888,0,0,51968,4070314,0,0,1,562.8,17.6,0,0.0,7232,32.1,1018341,40955203
427541,13681312,2026-02-13 16:22,966373,36884890,1,1888,0,0,51968,4070314,0,0,0,562.8,17.6,0,0.0,7232,32.1,1018341,40955204
427542,13681344,2026-02-13 16:29,966373,36884893,1,1888,0,0,51968,4070314,0,0,0,562.8,17.6,0,0.0,7232,32.1,1018341,40955207
427543,13681376,2026-02-13 16:35,966365,36884640,1,1888,8,256,51968,4070314,-8,8,0,562.8,17.6,1,0.0,7232,32.1,1018333,40954954
427544,13681408,2026-02-13 16:41,966365,36884641,1,1888,8,256,51968,4070314,0,0,0,562.8,17.6,1,0.0,7232,32.1,1018333,40954955
427545,13681440,2026-02-13 16:48,966365,36884641,1,1888,8,256,51969,4070349,0,0,0,562.8,17.6,1,0.0,7232,32.1,1018334,40954990
427546,13681472,2026-02-13 16:54,966366,36886534,0,0,8,256,51971,4070413,1,0,-1,562.8,17.6,1,0.0,7232,32.1,1018337,40956947
427547,13681504,2026-02-13 17:01,966365,36886507,1,1888,1,32,51971,4068557,-1,-7,1,562.8,17.6,0,0.0,7229,32.1,1018336,40955064
427548,13681536,2026-02-13 17:07,966365,36886508,1,1888,1,32,51972,4068589,0,0,0,562.8,17.6,0,0.0,7229,32.1,1018337,40955097
427549,13681568,2026-02-13 17:13,966362,36883283,1,1888,4,3257,51972,4068589,-3,3,0,562.8,17.6,0,0.0,7229,32.1,1018334,40951872
427550,13681600,2026-02-13 17:20,966347,36867158,1,1888,19,19384,51978,4068781,-15,15,0,562.5,17.6,2,0.0,7233,32.1,1018325,40935939
427551,13681632,2026-02-13 17:26,966347,36867159,1,1888,18,19352,51981,4068860,0,-1,0,562.5,17.6,2,0.0,7233,32.1,1018328,40936019
427552,13681664,2026-02-13 17:33,966307,36825190,1,1888,58,61323,51981,4068860,-40,40,0,561.9,17.6,7,0.0,7241,32.2,1018288,40894050
427553,13681696,2026-02-13 17:39,966291,36807680,0,0,75,80724,51980,4066972,-16,17,-1,561.6,17.6,9,0.0,7241,32.2,1018271,40874652
427554,13681728,2026-02-13 17:45,966291,36807681,1,1888,75,80724,51980,4066972,0,0,1,561.6,17.6,9,0.0,7241,32.2,1018271,40874653
427555,13681760,2026-02-13 17:52,966291,36807682,1,1888,75,80724,51981,4067004,0,0,0,561.6,17.6,9,0.0,7241,32.2,1018272,40874686
427556,13681792,2026-02-13 17:58,966291,36807684,1,1888,75,80724,51981,4067004,0,0,0,561.6,17.6,9,0.0,7241,32.2,1018272,40874688
427557,13681824,2026-02-13 18:05,966291,36807688,1,1888,75,80724,51981,4067004,0,0,0,561.6,17.6,9,0.0,7241,32.2,1018272,40874692
427558,13681856,2026-02-13 18:11,966291,36807689,1,1888,74,79660,51981,4067004,0,-1,0,561.6,17.6,9,0.0,7241,32.2,1018272,40874693
427559,13681888,2026-02-13 18:17,966269,36806988,1,1888,96,80364,51989,4067260,-22,22,0,561.6,17.6,12,0.1,7242,32.2,1018258,40874248
427560,13681920,2026-02-13 18:24,966266,36808750,0,0,100,80492,51992,4067356,-3,4,-1,561.7,17.6,12,0.1,7242,32.2,1018258,40876106
427561,13681952,2026-02-13 18:30,966265,36808721,0,0,101,80524,51991,4065468,-1,1,0,561.7,17.6,13,0.1,7238,32.2,1018256,40874189
427562,13681984,2026-02-13 18:37,966265,36808721,1,1888,101,80524,51992,4065500,0,0,1,561.7,17.6,13,0.1,7238,32.2,1018257,40874221
427563,13682016,2026-02-13 18:43,966265,36808722,1,1888,100,79201,51992,4065500,0,-1,0,561.7,17.6,12,0.1,7238,32.2,1018257,40874222
427564,13682048,2026-02-13 18:49,966265,36808722,1,1888,100,79201,51993,4065559,0,0,0,561.7,17.6,12,0.1,7239,32.2,1018258,40874281
427565,13682080,2026-02-13 18:56,966265,36808723,1,1888,100,79201,51994,4065591,0,0,0,561.7,17.6,12,0.1,7239,32.2,1018259,40874314
427566,13682112,2026-02-13 19:02,966265,36808725,1,1888,99,78363,51995,4065603,0,-1,0,561.7,17.6,12,0.1,7239,32.2,1018260,40874328
427567,13682144,2026-02-13 19:09,966265,36808729,1,1888,99,78363,51997,4066003,0,0,0,561.7,17.6,12,0.1,7239,32.2,1018262,40874732
427568,13682176,2026-02-13 19:15,966266,36810617,0,0,99,78363,52002,4066667,1,0,-1,561.7,17.6,12,0.1,7240,32.2,1018268,40877284
427569,13682208,2026-02-13 19:21,966266,36810620,1,1888,99,78363,52004,4064875,0,0,1,561.7,17.6,12,0.1,7237,32.2,1018270,40875495
427570,13682240,2026-02-13 19:28,966266,36810623,1,1888,98,77299,52004,4064875,0,-1,0,561.7,17.6,12,0.1,7237,32.2,1018270,40875498
427571,13682272,2026-02-13 19:34,966266,36810624,1,1888,98,77299,52004,4064875,0,0,0,561.7,17.6,12,0.1,7237,32.2,1018270,40875499
427572,13682304,2026-02-13 19:41,966266,36810628,1,1888,98,77299,52004,4064875,0,0,0,561.7,17.6,12,0.1,7237,32.2,1018270,40875503
427573,13682336,2026-02-13 19:47,966266,36810630,1,1888,98,77299,52004,4064875,0,0,0,561.7,17.6,12,0.1,7237,32.2,1018270,40875505
427574,13682368,2026-02-13 19:53,966266,36810632,1,1888,97,76461,52004,4064875,0,-1,0,561.7,17.6,12,0.1,7237,32.2,1018270,40875507
427575,13682400,2026-02-13 20:00,966267,36812521,0,0,97,76461,52003,4062987,1,0,-1,561.7,17.6,12,0.1,7233,32.1,1018270,40875508
427576,13682432,2026-02-13 20:06,966267,36812523,1,1888,97,76461,52003,4062987,0,0,1,561.7,17.6,12,0.1,7233,32.1,1018270,40875510
427577,13682464,2026-02-13 20:13,966267,36812524,1,1888,97,76462,52004,4063019,0,0,0,561.7,17.6,12,0.1,7233,32.1,1018271,40875543
427578,13682496,2026-02-13 20:19,966267,36812525,1,1888,97,76462,52004,4063019,0,0,0,561.7,17.6,12,0.1,7233,32.1,1018271,40875544
427579,13682528,2026-02-13 20:25,966267,36812528,1,1888,96,75139,52004,4063019,0,-1,0,561.7,17.6,12,0.1,7233,32.1,1018271,40875547
427580,13682560,2026-02-13 20:32,966249,36811954,1,1888,114,75715,52004,4063019,-18,18,0,561.7,17.6,14,0.1,7233,32.1,1018253,40874973
427581,13682592,2026-02-13 20:38,966249,36811955,1,1888,114,75715,52004,4063019,0,0,0,561.7,17.6,14,0.1,7233,32.1,1018253,40874974
427582,13682624,2026-02-13 20:45,966250,36813844,0,0,114,75715,52004,4063019,1,0,-1,561.7,17.6,14,0.1,7233,32.1,1018254,40876863
427583,13682656,2026-02-13 20:51,966250,36813848,0,0,113,74651,52004,4061321,0,-1,0,561.7,17.6,14,0.1,7230,32.1,1018254,40875169
427584,13682688,2026-02-13 20:57,966250,36813849,1,1888,113,74651,52004,4061321,0,0,1,561.7,17.6,14,0.1,7230,32.1,1018254,40875170
427585,13682720,2026-02-13 21:04,966250,36813851,1,1888,113,74651,52004,4061321,0,0,0,561.7,17.6,14,0.1,7230,32.1,1018254,40875172
427586,13682752,2026-02-13 21:10,966246,36813725,1,1888,117,74779,52008,4061449,-4,4,0,561.7,17.6,15,0.1,7230,32.1,1018254,40875174
427587,13682784,2026-02-13 21:17,966246,36813728,1,1888,117,74779,52011,4061545,0,0,0,561.7,17.6,15,0.1,7230,32.1,1018257,40875273
427588,13682816,2026-02-13 21:23,966246,36813728,1,1888,116,73456,52011,4061545,0,-1,0,561.7,17.6,14,0.1,7230,32.1,1018257,40875273
427589,13682848,2026-02-13 21:29,966245,36813697,1,1888,117,73488,52021,4061865,-1,1,0,561.7,17.6,15,0.1,7231,32.1,1018266,40875562
427590,13682880,2026-02-13 21:36,966245,36815556,0,0,118,73520,52026,4060169,0,1,-1,561.8,17.6,15,0.1,7228,32.1,1018271,40875725
427591,13682912,2026-02-13 21:42,966245,36815556,1,1888,118,73520,52026,4060169,0,0,1,561.8,17.6,15,0.1,7228,32.1,1018271,40875725
427592,13682944,2026-02-13 21:49,966245,36815558,1,1888,117,72456,52026,4060169,0,-1,0,561.8,17.6,15,0.1,7228,32.1,1018271,40875727
427593,13682976,2026-02-13 21:55,966245,36815558,1,1888,117,72456,52026,4060169,0,0,0,561.8,17.6,15,0.1,7228,32.1,1018271,40875727
427594,13683008,2026-02-13 22:01,966245,36815559,1,1888,117,72456,52026,4060169,0,0,0,561.8,17.6,15,0.1,7228,32.1,1018271,40875728
427595,13683040,2026-02-13 22:08,966245,36815561,1,1888,116,71617,52071,4061609,0,-1,0,561.8,17.6,14,0.1,7230,32.1,1018316,40877170
427596,13683072,2026-02-13 22:14,966245,36815562,1,1888,116,71617,52096,4062409,0,0,0,561.8,17.6,14,0.1,7232,32.1,1018341,40877971
427597,13683104,2026-02-13 22:21,966246,36817452,0,0,116,71617,52122,4063241,1,0,-1,561.8,17.6,14,0.1,7233,32.1,1018368,40880693
427598,13683136,2026-02-13 22:27,966246,36817455,0,0,116,71617,52143,4062057,0,0,0,561.8,17.6,14,0.1,7231,32.1,1018389,40879512
427599,13683168,2026-02-13 22:33,966246,36817458,1,1888,116,71617,52170,4062921,0,0,1,561.8,17.6,14,0.1,7232,32.1,1018416,40880379
427600,13683200,2026-02-13 22:40,966246,36817460,1,1888,116,71617,52188,4063497,0,0,0,561.8,17.6,14,0.1,7233,32.1,1018434,40880957
427601,13683232,2026-02-13 22:46,966246,36817460,1,1888,115,70294,52194,4063689,0,-1,0,561.8,17.6,14,0.1,7233,32.1,1018440,40881149
427602,13683264,2026-02-13 22:53,966246,36817464,1,1888,115,70294,52211,4064233,0,0,0,561.8,17.6,14,0.1,7234,32.2,1018457,40881697
427603,13683296,2026-02-13 22:59,966246,36817467,1,1888,115,70294,52221,4064500,0,0,0,561.8,17.6,14,0.1,7235,32.2,1018467,40881967
427604,13683328,2026-02-13 23:05,966246,36817470,1,1888,114,69456,52223,4064564,0,-1,0,561.8,17.6,14,0.1,7235,32.2,1018469,40882034
427605,13683360,2026-02-13 23:12,966247,36819362,0,0,114,69456,52223,4062708,1,0,-1,561.8,17.6,14,0.1,7231,32.1,1018470,40882070
427606,13683392,2026-02-13 23:18,966247,36819366,1,1888,114,69456,52226,4062804,0,0,1,561.8,17.6,14,0.1,7232,32.1,1018473,40882170
427607,13683424,2026-02-13 23:25,966247,36819366,1,1888,114,69456,52226,4062804,0,0,0,561.8,17.6,14,0.1,7232,32.1,1018473,40882170
427608,13683456,2026-02-13 23:31,966247,36819367,1,1888,114,69456,52226,4062804,0,0,0,561.8,17.6,14,0.1,7232,32.1,1018473,40882171
427609,13683488,2026-02-13 23:37,966247,36819368,1,1888,113,68134,52226,4062804,0,-1,0,561.8,17.6,14,0.1,7232,32.1,1018473,40882172
427610,13683520,2026-02-13 23:44,966247,36819370,1,1888,113,68134,52228,4062882,0,0,0,561.8,17.6,14,0.1,7232,32.1,1018475,40882252
427611,13683552,2026-02-13 23:50,966247,36819371,1,1888,113,68134,52229,4062918,0,0,0,561.8,17.6,14,0.1,7232,32.1,1018476,40882289
427612,13683584,2026-02-13 23:57,966248,36821262,0,0,113,68134,52230,4062950,1,0,-1,561.8,17.6,14,0.1,7231,32.1,1018478,40884212
427613,13683616,2026-02-14 00:03,966248,36821263,1,1888,112,67069,52230,4061094,0,-1,1,561.8,17.6,14,0.1,7228,32.1,1018478,40882357
427614,13683648,2026-02-14 00:09,966248,36821267,1,1888,112,67069,52230,4061094,0,0,0,561.8,17.6,14,0.1,7228,32.1,1018478,40882361
427615,13683680,2026-02-14 00:16,966248,36821268,1,1888,112,67069,52234,4061222,0,0,0,561.8,17.6,14,0.1,7228,32.1,1018482,40882490
427616,13683712,2026-02-14 00:22,966248,36821268,1,1888,111,66231,52235,4061238,0,-1,0,561.8,17.6,14,0.1,7228,32.1,1018483,40882506
427617,13683744,2026-02-14 00:29,966248,36821269,1,1888,111,66231,52235,4061238,0,0,0,561.8,17.6,14,0.1,7228,32.1,1018483,40882507
427618,13683776,2026-02-14 00:35,966228,36820632,1,1888,131,66871,52235,4061238,-20,20,0,561.8,17.6,16,0.1,7228,32.1,1018463,40881870
427619,13683808,2026-02-14 00:41,966229,36822523,0,0,131,66871,52237,4061302,1,0,-1,561.9,17.6,16,0.1,7228,32.1,1018466,40883825
427620,13683840,2026-02-14 00:48,966229,36822523,0,0,130,66033,52236,4059414,0,-1,0,561.9,17.6,16,0.1,7225,32.1,1018465,40881937
427621,13683872,2026-02-14 00:54,966229,36822526,1,1888,130,66033,52236,4059414,0,0,1,561.9,17.6,16,0.1,7225,32.1,1018465,40881940
427622,13683904,2026-02-14 01:01,966229,36822304,1,1888,130,66033,52236,4059414,0,0,0,561.9,17.6,16,0.1,7225,32.1,1018465,40881718
427623,13683936,2026-02-14 01:07,966229,36822293,1,1888,130,66033,52237,4059450,0,0,0,561.9,17.6,16,0.1,7225,32.1,1018466,40881743
427624,13683968,2026-02-14 01:13,966229,36822295,1,1888,129,64969,52237,4059450,0,-1,0,561.9,17.6,16,0.1,7225,32.1,1018466,40881745
427625,13684000,2026-02-14 01:20,966229,36822296,1,1888,129,64969,52237,4059450,0,0,0,561.9,17.6,16,0.1,7225,32.1,1018466,40881746
427626,13684032,2026-02-14 01:26,966229,36822233,1,1888,129,64969,52237,4059450,0,0,0,561.9,17.6,16,0.1,7225,32.1,1018466,40881683
427627,13684064,2026-02-14 01:33,966230,36824125,0,0,129,64969,52237,4059450,1,0,-1,561.9,17.6,16,0.1,7225,32.1,1018467,40883575
427628,13684096,2026-02-14 01:39,966230,36824127,1,1888,129,64969,52237,4057594,0,0,1,561.9,17.6,16,0.1,7221,32.1,1018467,40881721
427629,13684128,2026-02-14 01:45,966230,36824130,1,1888,128,63646,52237,4057594,0,-1,0,561.9,17.6,16,0.1,7221,32.1,1018467,40881724
427630,13684160,2026-02-14 01:52,966229,36824104,1,1888,129,63678,52237,4057594,-1,1,0,561.9,17.6,16,0.1,7221,32.1,1018466,40881698
427631,13684192,2026-02-14 01:58,966229,36824107,1,1888,129,63678,52239,4057658,0,0,0,561.9,17.6,16,0.1,7221,32.1,1018468,40881765
427632,13684224,2026-02-14 02:05,966214,36822917,1,1888,143,63320,52245,4057850,-15,14,0,561.9,17.6,18,0.1,7222,32.1,1018459,40880767
427633,13684256,2026-02-14 02:11,966214,36822919,1,1888,143,63320,52245,4057850,0,0,0,561.9,17.6,18,0.1,7222,32.1,1018459,40880769
427634,13684288,2026-02-14 02:17,966215,36824808,0,0,143,63320,52244,4055962,1,0,-1,561.9,17.6,18,0.1,7218,32.1,1018459,40880770
427635,13684320,2026-02-14 02:24,966215,36824809,1,1888,143,63320,52237,4055706,0,0,1,561.9,17.6,18,0.1,7218,32.1,1018452,40880515
427636,13684352,2026-02-14 02:30,966215,36824810,8,2144,143,63320,52229,4055450,0,0,7,561.9,17.6,18,0.1,7217,32.1,1018444,40880260
427637,13684384,2026-02-14 02:37,966215,36824774,16,2400,143,63320,52221,4055194,0,0,8,561.9,17.6,18,0.1,7217,32.1,1018436,40879968
427638,13684416,2026-02-14 02:43,966215,36824886,24,2656,142,61997,52214,4054923,0,-1,8,561.9,17.6,18,0.1,7216,32.1,1018429,40879809
427639,13684448,2026-02-14 02:49,966215,36824886,29,2816,142,61997,52207,4054699,0,0,5,561.9,17.6,18,0.1,7216,32.1,1018422,40879585
427640,13684480,2026-02-14 02:56,966215,36824888,37,3072,142,61997,52200,4054477,0,0,8,561.9,17.6,18,0.1,7216,32.1,1018415,40879365
427641,13684512,2026-02-14 03:02,966216,36826777,44,1440,141,61158,52193,4054436,1,-1,7,561.9,17.6,18,0.1,7215,32.1,1018409,40881213
427642,13684544,2026-02-14 03:09,966223,36827035,45,1440,141,61158,52186,4054215,7,0,1,561.9,17.6,18,0.1,7215,32.1,1018409,40881250
427643,13684576,2026-02-14 03:15,966231,36827292,45,1440,141,61158,52178,4053959,8,0,0,561.9,17.6,18,0.1,7214,32.1,1018409,40881251
427644,13684608,2026-02-14 03:21,966239,36827550,45,1440,141,61158,52171,4053735,8,0,0,561.9,17.6,18,0.1,7214,32.1,1018410,40881285
427645,13684640,2026-02-14 03:28,966244,36827713,48,1536,140,60093,52163,4053479,5,-1,3,561.9,17.6,18,0.1,7213,32.1,1018407,40881192
427646,13684672,2026-02-14 03:34,966252,36827970,48,1536,140,60093,52155,4053223,8,0,0,562.0,17.6,18,0.1,7213,32.1,1018407,40881193
427647,13684704,2026-02-14 03:41,966260,36828227,48,1536,140,60093,52148,4052999,8,0,0,562.0,17.6,18,0.1,7212,32.1,1018408,40881226
427648,13684736,2026-02-14 03:47,966268,36828548,48,1536,139,59254,52142,4052807,8,-1,0,562.0,17.6,17,0.1,7212,32.1,1018410,40881355
427649,13684768,2026-02-14 03:53,966276,36828804,48,1536,139,59254,52134,4052551,8,0,0,562.0,17.6,17,0.1,7211,32.0,1018410,40881355
427650,13684800,2026-02-14 04:00,966284,36829061,48,1536,139,59255,52131,4052455,8,0,0,562.0,17.6,17,0.1,7211,32.0,1018415,40881516
427651,13684832,2026-02-14 04:06,966292,36829319,48,1536,139,59255,52123,4052199,8,0,0,562.0,17.6,17,0.1,7211,32.0,1018415,40881518
427652,13684864,2026-02-14 04:13,966300,36829577,48,1536,138,58190,52115,4051943,8,-1,0,562.0,17.6,17,0.1,7210,32.0,1018415,40881520
427653,13684896,2026-02-14 04:19,966308,36829834,48,1536,138,58190,52107,4051687,8,0,0,562.0,17.6,17,0.1,7210,32.0,1018415,40881521
427654,13684928,2026-02-14 04:25,966316,36830091,48,1536,138,58190,52099,4051431,8,0,0,562.0,17.6,17,0.1,7209,32.0,1018415,40881522
427655,13684960,2026-02-14 04:32,966316,36830094,48,1536,146,58446,52091,4051175,0,8,0,562.0,17.6,18,0.1,7209,32.0,1018407,40881269
427656,13684992,2026-02-14 04:38,966322,36830289,48,1536,148,58510,52083,4050919,6,2,0,562.0,17.6,18,0.1,7208,32.0,1018405,40881208
427657,13685024,2026-02-14 04:45,966327,36830451,48,1536,151,58606,52075,4050663,5,3,0,562.0,17.6,19,0.1,7208,32.0,1018402,40881114
427658,13685056,2026-02-14 04:51,966332,36830612,48,1536,153,57380,52067,4050407,5,2,0,562.0,17.6,19,0.1,7207,32.0,1018399,40881019
427659,13685088,2026-02-14 04:57,966337,36830773,48,1536,155,57444,52059,4050151,5,2,0,562.0,17.6,19,0.1,7207,32.0,1018396,40880924
427660,13685120,2026-02-14 05:04,966342,36830934,48,1536,156,57476,52051,4049895,5,1,0,562.0,17.6,20,0.1,7206,32.0,1018393,40880829
427661,13685152,2026-02-14 05:10,966348,36831128,48,1536,155,57444,52044,4049649,6,-1,0,562.0,17.6,19,0.1,7206,32.0,1018392,40880777
427662,13685184,2026-02-14 05:17,966353,36831289,48,1536,155,57444,52045,4049681,5,0,0,562.0,17.6,19,0.1,7206,32.0,1018398,40880970
427663,13685216,2026-02-14 05:23,966361,36831548,48,1536,151,56026,52037,4049425,8,-4,0,562.0,17.6,19,0.1,7205,32.0,1018398,40880973
427664,13685248,2026-02-14 05:29,966369,36831805,48,1536,148,55930,52030,4049201,8,-3,0,562.0,17.6,18,0.1,7205,32.0,1018399,40881006
427665,13685280,2026-02-14 05:36,966377,36832064,48,1536,146,55866,52022,4048945,8,-2,0,562.0,17.6,18,0.1,7204,32.0,1018399,40881009
427666,13685312,2026-02-14 05:42,966385,36832320,48,1536,143,54964,52014,4048689,8,-3,0,562.0,17.6,18,0.1,7204,32.0,1018399,40881009
427667,13685344,2026-02-14 05:49,966393,36832577,48,1536,142,54932,52006,4048433,8,-1,0,562.0,17.6,18,0.1,7203,32.0,1018399,40881010
427668,13685376,2026-02-14 05:55,966401,36832833,48,1536,142,54932,51997,4048177,8,0,0,562.0,17.6,18,0.1,7203,32.0,1018398,40881010
427669,13685408,2026-02-14 06:01,966409,36833091,48,1536,142,54932,51989,4047921,8,0,0,562.0,17.6,18,0.1,7202,32.0,1018398,40881012
427670,13685440,2026-02-14 06:08,966417,36833348,48,1536,142,54932,51981,4047665,8,0,0,562.0,17.6,18,0.1,7202,32.0,1018398,40881013
427671,13685472,2026-02-14 06:14,966425,36833637,48,1536,141,53609,51987,4047857,8,-1,0,562.0,17.6,18,0.1,7202,32.0,1018412,40881494
427672,13685504,2026-02-14 06:21,966433,36833893,48,1536,141,53609,51979,4047601,8,0,0,562.0,17.6,18,0.1,7202,32.0,1018412,40881494
427673,13685536,2026-02-14 06:27,966441,36834150,48,1536,141,53609,51971,4047345,8,0,0,562.0,17.6,18,0.1,7201,32.0,1018412,40881495
427674,13685568,2026-02-14 06:33,966449,36834408,48,1536,141,53609,51964,4047121,8,0,0,562.0,17.6,18,0.1,7201,32.0,1018413,40881529
427675,13685600,2026-02-14 06:40,966457,36834701,47,1504,140,52544,51966,4047185,8,-1,-1,562.1,17.6,18,0.1,7201,32.0,1018423,40881886
427676,13685632,2026-02-14 06:46,966465,36834960,39,1248,140,52544,51966,4047185,8,0,-8,562.1,17.6,18,0.1,7201,32.0,1018431,40882145
427677,13685664,2026-02-14 06:53,966473,36835218,31,992,140,52544,51966,4047185,8,0,-8,562.1,17.6,18,0.1,7201,32.0,1018439,40882403
427678,13685696,2026-02-14 06:59,966481,36835474,23,736,140,52544,51966,4047185,8,0,-8,562.1,17.6,18,0.1,7201,32.0,1018447,40882659
427679,13685728,2026-02-14 07:05,966489,36835732,15,480,139,51480,51963,4046002,8,-1,-8,562.1,17.6,17,0.1,7198,32.0,1018452,40881734
427680,13685760,2026-02-14 07:12,966497,36835991,14,1535,139,51480,51957,4045810,8,0,-1,562.1,17.6,17,0.1,7198,32.0,1018454,40881801
427681,13685792,2026-02-14 07:18,966504,36836216,15,1567,139,51480,51951,4045618,7,0,1,562.1,17.6,17,0.1,7198,32.0,1018455,40881834
427682,13685824,2026-02-14 07:25,966504,36836219,23,1823,139,51480,51944,4045394,0,0,8,562.1,17.6,17,0.1,7197,32.0,1018448,40881613
427683,13685856,2026-02-14 07:31,966504,36836224,31,2079,139,51480,51937,4045170,0,0,8,562.1,17.6,17,0.1,7197,32.0,1018441,40881394
427684,13685888,2026-02-14 07:37,966504,36836225,39,2335,138,50414,51929,4044914,0,-1,8,562.1,17.6,17,0.1,7196,32.0,1018433,40881139
427685,13685920,2026-02-14 07:44,966504,36836228,47,2591,138,50414,51921,4044658,0,0,8,562.1,17.6,17,0.1,7196,32.0,1018425,40880886
427686,13685952,2026-02-14 07:50,966511,36837540,48,1536,138,50414,51913,4044402,7,0,1,562.1,17.6,17,0.1,7195,32.0,1018424,40881942
427687,13685984,2026-02-14 07:57,966519,36837799,48,1536,138,50414,51906,4044178,8,0,0,562.1,17.6,17,0.1,7195,32.0,1018425,40881977
427688,13686016,2026-02-14 08:03,966527,36838057,48,1536,138,50414,51898,4043922,8,0,0,562.1,17.6,17,0.1,7194,32.0,1018425,40881979
427689,13686048,2026-02-14 08:09,966535,36838262,48,1536,137,49091,51890,4043666,8,-1,0,562.1,17.6,17,0.1,7194,32.0,1018425,40881928
427690,13686080,2026-02-14 08:16,966543,36838519,48,1536,137,49091,51882,4043410,8,0,0,562.1,17.6,17,0.1,7193,32.0,1018425,40881929
427691,13686112,2026-02-14 08:22,966551,36838775,48,1536,137,49091,51874,4043154,8,0,0,562.1,17.6,17,0.1,7193,32.0,1018425,40881929
427692,13686144,2026-02-14 08:29,966559,36839053,48,1536,136,48284,51864,4042912,8,-1,0,562.1,17.6,17,0.1,7192,32.0,1018423,40881965
427693,13686176,2026-02-14 08:35,966560,36839120,47,1504,143,48508,51857,4042688,1,7,-1,562.1,17.6,18,0.1,7192,32.0,1018417,40881808
427694,13686208,2026-02-14 08:41,966568,36839376,47,1504,143,48508,51849,4042432,8,0,0,562.1,17.6,18,0.1,7191,32.0,1018417,40881808
427695,13686240,2026-02-14 08:48,966575,36839602,47,1504,144,48540,51841,4042176,7,1,0,562.1,17.6,18,0.1,7191,32.0,1018416,40881778
427696,13686272,2026-02-14 08:54,966583,36839860,47,1504,144,48540,51834,4041952,8,0,0,562.1,17.6,18,0.1,7190,32.0,1018417,40881812
427697,13686304,2026-02-14 09:01,966591,36840118,47,1504,144,48540,51830,4041824,8,0,0,562.1,17.6,18,0.1,7190,32.0,1018421,40881942
427698,13686336,2026-02-14 09:07,966599,36840376,47,1504,144,48540,51822,4041568,8,0,0,562.1,17.6,18,0.1,7190,32.0,1018421,40881944
427699,13686368,2026-02-14 09:13,966606,36840604,48,1536,143,46725,51814,4041312,7,-1,1,562.1,17.6,18,0.1,7189,32.0,1018420,40881916
427700,13686400,2026-02-14 09:20,966614,36840862,48,1536,143,46725,51812,4041248,8,0,0,562.1,17.6,18,0.1,7189,32.0,1018426,40882110
427701,13686432,2026-02-14 09:26,966622,36841119,48,1536,143,46725,51807,4041088,8,0,0,562.2,17.6,18,0.1,7189,32.0,1018429,40882207
427702,13686464,2026-02-14 09:33,966630,36841380,48,1536,143,46725,51799,4040832,8,0,0,562.2,17.6,18,0.1,7188,31.9,1018429,40882212
427703,13686496,2026-02-14 09:39,966638,36841638,48,1536,143,46725,51795,4040691,8,0,0,562.2,17.6,18,0.1,7188,31.9,1018433,40882329
427704,13686528,2026-02-14 09:45,966646,36841895,48,1536,143,46725,51789,4040468,8,0,0,562.2,17.6,18,0.1,7187,31.9,1018435,40882363
427705,13686560,2026-02-14 09:52,966654,36842155,48,1536,143,46725,51781,4040212,8,0,0,562.2,17.6,18,0.1,7187,31.9,1018435,40882367
427706,13686592,2026-02-14 09:58,966662,36842412,48,1536,142,44910,51773,4039956,8,-1,0,562.2,17.6,18,0.1,7186,31.9,1018435,40882368
427707,13686624,2026-02-14 10:05,966670,36842669,48,1536,142,44910,51765,4039700,8,0,0,562.2,17.6,18,0.1,7186,31.9,1018435,40882369
427708,13686656,2026-02-14 10:11,966678,36842926,48,1536,142,44910,51757,4039444,8,0,0,562.2,17.6,18,0.1,7185,31.9,1018435,40882370
427709,13686688,2026-02-14 10:17,966686,36843183,48,1536,142,44910,51749,4039188,8,0,0,562.2,17.6,18,0.1,7185,31.9,1018435,40882371
427710,13686720,2026-02-14 10:24,966692,36843375,48,1536,143,43909,51741,4038932,6,1,0,562.2,17.6,18,0.1,7184,31.9,1018433,40882307
427711,13686752,2026-02-14 10:30,966700,36843633,48,1536,143,43909,51733,4038676,8,0,0,562.2,17.6,18,0.1,7184,31.9,1018433,40882309
427712,13686784,2026-02-14 10:37,966708,36843891,48,1536,143,43909,51726,4038452,8,0,0,562.2,17.6,18,0.1,7183,31.9,1018434,40882343
427713,13686816,2026-02-14 10:43,966716,36844152,48,1536,143,43909,51718,4038196,8,0,0,562.2,17.6,18,0.1,7183,31.9,1018434,40882348
427714,13686848,2026-02-14 10:49,966724,36844410,48,1536,143,43909,51710,4037940,8,0,0,562.2,17.6,18,0.1,7182,31.9,1018434,40882350
427715,13686880,2026-02-14 10:56,966732,36844668,48,1536,142,42586,51702,4037684,8,-1,0,562.2,17.6,18,0.1,7182,31.9,1018434,40882352
427716,13686912,2026-02-14 11:02,966740,36844924,48,1536,142,42586,51694,4037428,8,0,0,562.2,17.6,18,0.1,7181,31.9,1018434,40882352
427717,13686944,2026-02-14 11:09,966748,36845181,48,1536,142,42586,51686,4037172,8,0,0,562.2,17.6,18,0.1,7181,31.9,1018434,40882353
427718,13686976,2026-02-14 11:15,966755,36845405,48,1536,143,42619,51678,4036916,7,1,0,562.2,17.6,18,0.1,7180,31.9,1018433,40882321
427719,13687008,2026-02-14 11:21,966763,36845663,48,1536,142,41781,51674,4036788,8,-1,0,562.2,17.6,18,0.1,7180,31.9,1018437,40882451
427720,13687040,2026-02-14 11:28,966771,36845920,48,1536,142,41781,51668,4036573,8,0,0,562.2,17.6,18,0.1,7180,31.9,1018439,40882493
427721,13687072,2026-02-14 11:34,966779,36846177,48,1536,142,41781,51660,4036320,8,0,0,562.2,17.6,18,0.1,7179,31.9,1018439,40882497
427722,13687104,2026-02-14 11:41,966787,36846435,48,1536,142,41781,51652,4036573,8,0,0,562.2,17.6,18,0.1,7180,31.9,1018439,40883008
427723,13687136,2026-02-14 11:47,966795,36846692,48,1539,140,40684,51645,4036349,8,-2,0,562.2,17.6,18,0.1,7179,31.9,1018440,40883041
427724,13687168,2026-02-14 11:53,966803,36846950,48,1539,140,40684,51637,4036093,8,0,0,562.2,17.6,18,0.1,7179,31.9,1018440,40883043
427725,13687200,2026-02-14 12:00,966811,36847207,48,1539,140,40684,51632,4035933,8,0,0,562.2,17.6,18,0.1,7178,31.9,1018443,40883140
427726,13687232,2026-02-14 12:06,966818,36847433,45,1443,141,40716,51632,4035933,7,1,-3,562.2,17.6,18,0.1,7178,31.9,1018450,40883366
427727,13687264,2026-02-14 12:13,966826,36847689,37,1187,141,40716,51632,4035933,8,0,-8,562.3,17.6,18,0.1,7178,31.9,1018458,40883622
427728,13687296,2026-02-14 12:19,966834,36847945,29,931,140,39393,51632,4035933,8,-1,-8,562.3,17.6,18,0.1,7178,31.9,1018466,40883878
427729,13687328,2026-02-14 12:25,966838,36848078,21,672,144,39521,51634,4035997,4,4,-8,562.3,17.6,18,0.1,7178,31.9,1018472,40884075
427730,13687360,2026-02-14 12:32,966846,36848335,13,416,144,39521,51636,4036191,8,0,-8,562.3,17.6,18,0.1,7179,31.9,1018482,40884526
427731,13687392,2026-02-14 12:38,966850,36848591,5,160,147,39044,51639,4036287,4,3,-8,562.3,17.6,18,0.1,7179,31.9,1018489,40884878
427732,13687424,2026-02-14 12:45,966855,36848847,0,0,147,39044,51660,4036959,5,0,-5,562.3,17.6,18,0.1,7180,31.9,1018515,40885806
427733,13687456,2026-02-14 12:51,966855,36849010,0,0,147,39044,51659,4034959,0,0,0,562.3,17.6,18,0.1,7176,31.9,1018514,40883969
427734,13687488,2026-02-14 12:57,966853,36849044,1,2000,148,38270,51659,4034959,-2,1,1,562.3,17.6,18,0.1,7176,31.9,1018512,40884003
427735,13687520,2026-02-14 13:04,966853,36849046,1,2000,148,38270,51659,4034959,0,0,0,562.3,17.6,18,0.1,7176,31.9,1018512,40884005
427736,13687552,2026-02-14 13:10,966853,36849047,1,2000,147,37665,51659,4034959,0,-1,0,562.3,17.6,18,0.1,7176,31.9,1018512,40884006
427737,13687584,2026-02-14 13:17,966853,36849048,1,2000,147,37665,51664,4035119,0,0,0,562.3,17.6,18,0.1,7176,31.9,1018517,40884167
427738,13687616,2026-02-14 13:23,966853,36849052,1,2000,147,37665,51682,4035695,0,0,0,562.3,17.6,18,0.1,7177,31.9,1018535,40884747
427739,13687648,2026-02-14 13:29,966853,36849053,1,2000,146,36826,51691,4035983,0,-1,0,562.3,17.6,18,0.1,7178,31.9,1018544,40885036
427740,13687680,2026-02-14 13:36,966854,36851055,0,0,146,36826,51692,4036008,1,0,-1,562.3,17.6,18,0.1,7178,31.9,1018546,40887063
427741,13687712,2026-02-14 13:42,966854,36851056,0,0,146,36826,51692,4036008,0,0,0,562.3,17.6,18,0.1,7178,31.9,1018546,40887064
427742,13687744,2026-02-14 13:49,966854,36851058,1,2000,146,36826,51692,4034040,0,0,1,562.3,17.6,18,0.1,7174,31.9,1018546,40885098
427743,13687776,2026-02-14 13:55,966854,36851061,1,2000,145,36019,51692,4034040,0,-1,0,562.3,17.6,18,0.1,7174,31.9,1018546,40885101
427744,13687808,2026-02-14 14:01,966854,36851061,1,2000,145,36019,51692,4034040,0,0,0,562.3,17.6,18,0.1,7174,31.9,1018546,40885101
427745,13687840,2026-02-14 14:08,966854,36851061,1,2000,145,36019,51692,4034040,0,0,0,562.3,17.6,18,0.1,7174,31.9,1018546,40885101
427746,13687872,2026-02-14 14:14,966854,36851063,1,2000,144,35213,51692,4034040,0,-1,0,562.3,17.6,18,0.1,7174,31.9,1018546,40885103
427747,13687904,2026-02-14 14:21,966849,36850906,1,2000,149,35373,51695,4034136,-5,5,0,562.3,17.6,19,0.1,7174,31.9,1018544,40885042
427748,13687936,2026-02-14 14:27,966850,36852909,0,0,148,34768,51695,4034136,1,-1,-1,562.3,17.6,18,0.1,7174,31.9,1018545,40887045
427749,13687968,2026-02-14 14:33,966850,36852912,0,0,148,34768,51694,4032136,0,0,0,562.3,17.6,18,0.1,7170,31.9,1018544,40885048
427750,13688000,2026-02-14 14:40,966850,36852915,1,2000,148,34768,51694,4032136,0,0,1,562.3,17.6,18,0.1,7170,31.9,1018544,40885051
427751,13688032,2026-02-14 14:46,966850,36852916,1,2000,148,34768,51694,4032136,0,0,0,562.3,17.6,18,0.1,7170,31.9,1018544,40885052
427752,13688064,2026-02-14 14:53,966850,36852918,1,2000,148,34768,51694,4032136,0,0,0,562.3,17.6,18,0.1,7170,31.9,1018544,40885054
427753,13688096,2026-02-14 14:59,966850,36852918,1,2000,148,34768,51694,4032136,0,0,0,562.3,17.6,18,0.1,7170,31.9,1018544,40885054
427754,13688128,2026-02-14 15:05,966850,36852955,1,2000,148,34768,51694,4032136,0,0,0,562.3,17.6,18,0.1,7170,31.9,1018544,40885091
427755,13688160,2026-02-14 15:12,966850,36852991,1,2000,147,32952,51694,4032136,0,-1,0,562.3,17.6,18,0.1,7170,31.9,1018544,40885127
427756,13688192,2026-02-14 15:18,966851,36854992,0,0,147,32952,51701,4030392,1,0,-1,562.4,17.6,18,0.1,7167,31.9,1018552,40885384
427757,13688224,2026-02-14 15:25,966851,36854992,1,2000,147,32952,51701,4030392,0,0,1,562.4,17.6,18,0.1,7167,31.9,1018552,40885384
427758,13688256,2026-02-14 15:31,966851,36854993,1,2000,146,32145,51701,4030392,0,-1,0,562.4,17.6,18,0.1,7167,31.9,1018552,40885385
427759,13688288,2026-02-14 15:37,966851,36854993,1,2000,146,32145,51701,4030392,0,0,0,562.4,17.6,18,0.1,7167,31.9,1018552,40885385
427760,13688320,2026-02-14 15:44,966851,36854995,1,2000,146,32145,51701,4030392,0,0,0,562.4,17.6,18,0.1,7167,31.9,1018552,40885387
427761,13688352,2026-02-14 15:50,966850,36854967,1,2000,146,31572,51702,4030424,-1,0,0,562.4,17.6,18,0.1,7167,31.9,1018552,40885391
427762,13688384,2026-02-14 15:57,966850,36854968,1,2000,146,31572,51702,4030424,0,0,0,562.4,17.6,18,0.1,7167,31.9,1018552,40885392
427763,13688416,2026-02-14 16:03,966851,36856969,0,0,146,31572,51702,4030424,1,0,-1,562.4,17.6,18,0.1,7167,31.9,1018553,40887393
427764,13688448,2026-02-14 16:09,966851,36856970,0,0,146,31572,51701,4028424,0,0,0,562.4,17.6,18,0.1,7163,31.8,1018552,40885394
427765,13688480,2026-02-14 16:16,966851,36856973,1,2000,146,31572,51701,4028424,0,0,1,562.4,17.6,18,0.1,7163,31.8,1018552,40885397
427766,13688512,2026-02-14 16:22,966851,36856976,1,2000,146,31572,51703,4028488,0,0,0,562.4,17.6,18,0.1,7163,31.8,1018554,40885464
427767,13688544,2026-02-14 16:29,966851,36856976,1,2000,146,31572,51703,4028488,0,0,0,562.4,17.6,18,0.1,7163,31.8,1018554,40885464
427768,13688576,2026-02-14 16:35,966845,36856789,1,2000,151,29948,51705,4028552,-6,5,0,562.4,17.6,19,0.1,7163,31.8,1018550,40885341
427769,13688608,2026-02-14 16:41,966845,36856791,1,2000,151,29948,51705,4028552,0,0,0,562.4,17.6,19,0.1,7163,31.8,1018550,40885343
427770,13688640,2026-02-14 16:48,966845,36856792,1,2000,151,29948,51705,4028552,0,0,0,562.4,17.6,19,0.1,7163,31.8,1018550,40885344
427771,13688672,2026-02-14 16:54,966846,36858794,0,0,150,29110,51706,4028576,1,-1,-1,562.4,17.6,19,0.1,7163,31.8,1018552,40887370
427772,13688704,2026-02-14 17:01,966846,36858794,0,0,150,29110,51706,4028576,0,0,0,562.4,17.6,19,0.1,7163,31.8,1018552,40887370
427773,13688736,2026-02-14 17:07,966846,36858799,1,2000,150,29110,51707,4026640,0,0,1,562.4,17.6,19,0.1,7159,31.8,1018553,40885439
427774,13688768,2026-02-14 17:13,966846,36858802,1,2000,150,29110,51708,4026672,0,0,0,562.4,17.6,19,0.1,7160,31.8,1018554,40885474
427775,13688800,2026-02-14 17:20,966846,36858803,1,2000,149,28045,51710,4026736,0,-1,0,562.4,17.6,19,0.1,7160,31.8,1018556,40885539
427776,13688832,2026-02-14 17:26,966846,36858805,1,2000,149,28045,51710,4026736,0,0,0,562.4,17.6,19,0.1,7160,31.8,1018556,40885541
427777,13688864,2026-02-14 17:33,966846,36858806,1,2000,149,28045,51710,4026736,0,0,0,562.4,17.6,19,0.1,7160,31.8,1018556,40885542
427778,13688896,2026-02-14 17:39,966846,36858808,1,2000,149,28045,51710,4026736,0,0,0,562.4,17.6,19,0.1,7160,31.8,1018556,40885544
427779,13688928,2026-02-14 17:45,966847,36860808,0,0,149,28045,51711,4026758,1,0,-1,562.5,17.6,19,0.1,7159,31.8,1018558,40887566
427780,13688960,2026-02-14 17:52,966847,36860810,0,0,148,26723,51710,4024758,0,-1,0,562.5,17.6,18,0.1,7156,31.8,1018557,40885568
427781,13688992,2026-02-14 17:58,966833,36860364,1,2000,162,27171,51711,4024791,-14,14,1,562.4,17.6,20,0.1,7156,31.8,1018544,40885155
427782,13689024,2026-02-14 18:05,966833,36860493,1,2000,162,27171,51711,4024791,0,0,0,562.4,17.6,20,0.1,7156,31.8,1018544,40885284
427783,13689056,2026-02-14 18:11,966833,36860495,1,2000,162,27171,51730,4025399,0,0,0,562.4,17.6,20,0.1,7157,31.8,1018563,40885894
427784,13689088,2026-02-14 18:17,966833,36860498,1,2000,161,26333,51730,4025399,0,-1,0,562.4,17.6,20,0.1,7157,31.8,1018563,40885897
427785,13689120,2026-02-14 18:24,966809,36859733,1,2000,185,27101,51730,4025399,-24,24,0,562.4,17.6,23,0.1,7157,31.8,1018539,40885132
427786,13689152,2026-02-14 18:30,966809,36859734,1,2000,185,27101,51730,4025399,0,0,0,562.4,17.6,23,0.1,7157,31.8,1018539,40885133
427787,13689184,2026-02-14 18:37,966810,36861735,0,0,185,27101,51732,4025436,1,0,-1,562.5,17.6,23,0.1,7157,31.8,1018542,40887171
427788,13689216,2026-02-14 18:43,966810,36861739,0,0,184,26037,51731,4023436,0,-1,0,562.5,17.6,23,0.1,7153,31.8,1018541,40885175
427789,13689248,2026-02-14 18:49,966810,36861740,1,2000,184,26037,51731,4023436,0,0,1,562.5,17.6,23,0.1,7153,31.8,1018541,40885176
427790,13689280,2026-02-14 18:56,966810,36861744,1,2000,184,26037,51732,4023468,0,0,0,562.5,17.6,23,0.1,7153,31.8,1018542,40885212
427791,13689312,2026-02-14 19:02,966810,36861747,1,2000,184,26037,51733,4023500,0,0,0,562.5,17.6,23,0.1,7153,31.8,1018543,40885247
427792,13689344,2026-02-14 19:09,966810,36861748,1,2000,184,26037,51733,4023500,0,0,0,562.5,17.6,23,0.1,7153,31.8,1018543,40885248
427793,13689376,2026-02-14 19:15,966810,36861748,1,2000,182,24682,51733,4023500,0,-2,0,562.5,17.6,23,0.1,7153,31.8,1018543,40885248
427794,13689408,2026-02-14 19:21,966810,36861751,1,2000,182,24682,51733,4023500,0,0,0,562.5,17.6,23,0.1,7153,31.8,1018543,40885251
427795,13689440,2026-02-14 19:28,966811,36863752,0,0,182,24682,51734,4023532,1,0,-1,562.5,17.6,23,0.1,7153,31.8,1018545,40887284
427796,13689472,2026-02-14 19:34,966811,36863754,1,2000,182,24682,51734,4021534,0,0,1,562.5,17.6,23,0.1,7149,31.8,1018545,40885288
427797,13689504,2026-02-14 19:41,966811,36863757,1,2000,182,24682,51734,4021534,0,0,0,562.5,17.6,23,0.1,7149,31.8,1018545,40885291
427798,13689536,2026-02-14 19:47,966811,36863759,1,2000,182,24682,51734,4021534,0,0,0,562.5,17.6,23,0.1,7149,31.8,1018545,40885293
427799,13689568,2026-02-14 19:53,966810,36863731,1,2000,182,23301,51735,4021566,-1,0,0,562.5,17.6,23,0.1,7150,31.8,1018545,40885297
427800,13689600,2026-02-14 20:00,966810,36863734,1,2000,182,23301,51735,4021566,0,0,0,562.5,17.6,23,0.1,7150,31.8,1018545,40885300
427801,13689632,2026-02-14 20:06,966810,36863737,1,2000,182,23301,51735,4021566,0,0,0,562.5,17.6,23,0.1,7150,31.8,1018545,40885303
427802,13689664,2026-02-14 20:13,966811,36865742,0,0,182,23301,51735,4021566,1,0,-1,562.5,17.6,23,0.1,7149,31.8,1018546,40887308
427803,13689696,2026-02-14 20:19,966811,36865745,0,0,182,23301,51736,4021598,0,0,0,562.5,17.6,23,0.1,7149,31.8,1018547,40887343
427804,13689728,2026-02-14 20:25,966811,36865748,1,2000,182,23301,51736,4019630,0,0,1,562.5,17.6,23,0.1,7146,31.8,1018547,40885378
427805,13689760,2026-02-14 20:32,966798,36865332,1,2000,195,23717,51736,4019630,-13,13,0,562.5,17.6,24,0.1,7146,31.8,1018534,40884962
427806,13689792,2026-02-14 20:38,966798,36865333,1,2000,194,21901,51736,4019630,0,-1,0,562.5,17.6,24,0.1,7146,31.8,1018534,40884963
427807,13689824,2026-02-14 20:45,966798,36865338,1,2000,194,21901,51736,4019630,0,0,0,562.5,17.6,24,0.1,7146,31.8,1018534,40884968
427808,13689856,2026-02-14 20:51,966798,36865343,1,2000,194,21901,51736,4019630,0,0,0,562.5,17.6,24,0.1,7146,31.8,1018534,40884973
427809,13689888,2026-02-14 20:57,966798,36865345,1,2000,194,21901,51736,4019630,0,0,0,562.5,17.6,24,0.1,7146,31.8,1018534,40884975
427810,13689920,2026-02-14 21:04,966799,36867347,0,0,194,21901,51737,4019662,1,0,-1,562.6,17.6,24,0.1,7145,31.8,1018536,40887009
427811,13689952,2026-02-14 21:10,966799,36867348,0,0,194,21901,51736,4017662,0,0,0,562.6,17.6,24,0.1,7142,31.7,1018535,40885010
427812,13689984,2026-02-14 21:17,966799,36867350,1,2000,194,21901,51739,4017758,0,0,1,562.6,17.6,24,0.1,7142,31.7,1018538,40885108
427813,13690016,2026-02-14 21:23,966799,36867352,1,2000,193,20084,51749,4018174,0,-1,0,562.6,17.6,24,0.1,7143,31.7,1018548,40885526
427814,13690048,2026-02-14 21:29,966799,36867353,1,2000,193,20084,51749,4018174,0,0,0,562.6,17.6,24,0.1,7143,31.7,1018548,40885527
427815,13690080,2026-02-14 21:36,966799,36867355,1,2000,192,19479,51749,4018174,0,-1,0,562.6,17.6,24,0.1,7143,31.7,1018548,40885529
427816,13690112,2026-02-14 21:42,966799,36867357,1,2000,192,19479,51750,4018206,0,0,0,562.6,17.6,24,0.1,7143,31.7,1018549,40885563
427817,13690144,2026-02-14 21:49,966799,36867361,1,2000,192,19479,51750,4018206,0,0,0,562.6,17.6,24,0.1,7143,31.7,1018549,40885567
427818,13690176,2026-02-14 21:55,966800,36869361,0,0,192,19479,51751,4018238,1,0,-1,562.6,17.6,24,0.1,7142,31.7,1018551,40887599
427819,13690208,2026-02-14 22:01,966800,36869363,0,0,192,19479,51751,4016251,0,0,0,562.6,17.6,24,0.1,7139,31.7,1018551,40885614
427820,13690240,2026-02-14 22:08,966799,36869131,1,2000,193,19712,51799,4017787,-1,1,1,562.6,17.6,24,0.1,7142,31.7,1018598,40886918
427821,13690272,2026-02-14 22:14,966790,36868847,1,2000,201,18587,51825,4018619,-9,8,0,562.6,17.6,25,0.1,7143,31.7,1018615,40887466
427822,13690304,2026-02-14 22:21,966790,36868849,1,2000,201,18587,51875,4020219,0,0,0,562.6,17.6,25,0.1,7146,31.8,1018665,40889068
427823,13690336,2026-02-14 22:27,966790,36868853,1,2000,201,18587,51882,4020443,0,0,0,562.6,17.6,25,0.1,7147,31.8,1018672,40889296
427824,13690368,2026-02-14 22:33,966790,36868855,1,2000,199,17547,51882,4020443,0,-2,0,562.6,17.6,25,0.1,7147,31.8,1018672,40889298
427825,13690400,2026-02-14 22:40,966790,36868859,1,2000,199,17547,51885,4020539,0,0,0,562.6,17.6,25,0.1,7147,31.8,1018675,40889398
427826,13690432,2026-02-14 22:46,966791,36870860,0,0,199,17547,51889,4020667,1,0,-1,562.6,17.6,25,0.1,7147,31.8,1018680,40891527
427827,13690464,2026-02-14 22:53,966791,36870862,0,0,198,16740,51891,4018763,0,-1,0,562.6,17.6,25,0.1,7143,31.7,1018682,40889625
427828,13690496,2026-02-14 22:59,966791,36870862,1,2000,198,16740,51892,4018795,0,0,1,562.6,17.6,25,0.1,7143,31.7,1018683,40889657
427829,13690528,2026-02-14 23:05,966791,36870863,1,2000,197,16135,51892,4018795,0,-1,0,562.6,17.6,25,0.1,7143,31.7,1018683,40889658
427830,13690560,2026-02-14 23:12,966791,36870863,1,2000,197,16135,51894,4018929,0,0,0,562.6,17.6,25,0.1,7143,31.7,1018685,40889792
427831,13690592,2026-02-14 23:18,966791,36870864,1,2000,197,16135,51897,4019025,0,0,0,562.6,17.6,25,0.1,7144,31.8,1018688,40889889
427832,13690624,2026-02-14 23:25,966791,36870866,1,2000,196,15530,51899,4019089,0,-1,0,562.6,17.6,24,0.1,7144,31.8,1018690,40889955
427833,13690656,2026-02-14 23:31,966791,36870869,1,2000,196,15530,51899,4019089,0,0,0,562.6,17.6,24,0.1,7144,31.8,1018690,40889958
427834,13690688,2026-02-14 23:37,966792,36872870,0,0,196,15530,51898,4017089,1,0,-1,562.6,17.6,24,0.1,7140,31.7,1018690,40889959
427835,13690720,2026-02-14 23:44,966792,36872870,1,2000,196,15530,51898,4017089,0,0,1,562.6,17.6,24,0.1,7140,31.7,1018690,40889959
427836,13690752,2026-02-14 23:50,966792,36872872,1,2000,196,15530,51898,4017089,0,0,0,562.6,17.6,24,0.1,7140,31.7,1018690,40889961
427837,13690784,2026-02-14 23:57,966792,36872874,1,2000,196,15530,51899,4017103,0,0,0,562.6,17.6,24,0.1,7140,31.7,1018691,40889977
427838,13690816,2026-02-15 00:03,966792,36872875,1,2000,196,15530,51899,4017103,0,0,0,562.6,17.6,24,0.1,7140,31.7,1018691,40889978
427839,13690848,2026-02-15 00:09,966791,36872847,1,2000,196,13745,51899,4017103,-1,0,0,562.6,17.6,24,0.1,7140,31.7,1018690,40889950
427840,13690880,2026-02-15 00:16,966791,36872849,1,2000,196,13745,51913,4017551,0,0,0,562.6,17.6,24,0.1,7141,31.7,1018704,40890400
427841,13690912,2026-02-15 00:22,966792,36874850,0,0,196,13745,51914,4017583,1,0,-1,562.7,17.6,24,0.1,7140,31.7,1018706,40892433
427842,13690944,2026-02-15 00:29,966792,36874850,0,0,196,13745,51913,4015583,0,0,0,562.7,17.6,24,0.1,7137,31.7,1018705,40890433
427843,13690976,2026-02-15 00:35,966781,36874503,1,2000,207,14097,51914,4015615,-11,11,1,562.7,17.6,26,0.1,7137,31.7,1018695,40890118
427844,13691008,2026-02-15 00:41,966781,36874504,1,2000,207,14097,51915,4015647,0,0,0,562.7,17.6,26,0.1,7137,31.7,1018696,40890151
427845,13691040,2026-02-15 00:48,966781,36874506,1,2000,207,14097,51915,4015647,0,0,0,562.7,17.6,26,0.1,7137,31.7,1018696,40890153
427846,13691072,2026-02-15 00:54,966781,36874508,1,2000,206,12282,51915,4015647,0,-1,0,562.7,17.6,26,0.1,7137,31.7,1018696,40890155
427847,13691104,2026-02-15 01:01,966781,36874508,1,2000,206,12282,51915,4015647,0,0,0,562.7,17.6,26,0.1,7137,31.7,1018696,40890155
427848,13691136,2026-02-15 01:07,966781,36874512,1,2000,206,12282,51916,4015648,0,0,0,562.7,17.6,26,0.1,7137,31.7,1018697,40890160
427849,13691168,2026-02-15 01:13,966782,36876514,0,0,206,12282,51917,4015680,1,0,-1,562.7,17.6,26,0.1,7137,31.7,1018699,40892194
427850,13691200,2026-02-15 01:20,966782,36876519,0,0,206,12282,51924,4013936,0,0,0,562.7,17.6,26,0.1,7133,31.7,1018706,40890455
427851,13691232,2026-02-15 01:26,966782,36876520,1,2000,206,12282,51924,4013936,0,0,1,562.7,17.6,26,0.1,7133,31.7,1018706,40890456
427852,13691264,2026-02-15 01:33,966772,36876204,1,2000,216,12602,51925,4013968,-10,10,0,562.7,17.6,27,0.1,7134,31.7,1018697,40890172
427853,13691296,2026-02-15 01:39,966772,36876205,1,2000,215,10787,51925,4013968,0,-1,0,562.7,17.6,27,0.1,7134,31.7,1018697,40890173
427854,13691328,2026-02-15 01:45,966772,36876207,1,2000,215,10787,51925,4013968,0,0,0,562.7,17.6,27,0.1,7134,31.7,1018697,40890175
427855,13691360,2026-02-15 01:52,966768,36876084,1,2000,219,10915,51926,4014000,-4,4,0,562.7,17.6,27,0.1,7134,31.7,1018694,40890084
427856,13691392,2026-02-15 01:58,966768,36876086,1,2000,218,10108,51929,4014096,0,-1,0,562.7,17.6,27,0.1,7134,31.7,1018697,40890182
427857,13691424,2026-02-15 02:05,966768,36878054,0,0,219,10140,51934,4014429,0,1,-1,562.7,17.6,27,0.1,7134,31.7,1018702,40892483
427858,13691456,2026-02-15 02:11,966768,36878055,0,0,219,10140,51933,4012429,0,0,0,562.7,17.6,27,0.1,7130,31.7,1018701,40890484
427859,13691488,2026-02-15 02:17,966768,36878058,1,2000,218,9535,51933,4012429,0,-1,1,562.7,17.6,27,0.1,7130,31.7,1018701,40890487
427860,13691520,2026-02-15 02:24,966768,36878059,1,2000,218,9535,51933,4012429,0,0,0,562.7,17.6,27,0.1,7130,31.7,1018701,40890488
427861,13691552,2026-02-15 02:30,966768,36878061,1,2000,218,9535,51933,4012429,0,0,0,562.7,17.6,27,0.1,7130,31.7,1018701,40890490
427862,13691584,2026-02-15 02:37,966768,36878062,1,2000,218,9535,51933,4012429,0,0,0,562.7,17.6,27,0.1,7130,31.7,1018701,40890491
427863,13691616,2026-02-15 02:43,966768,36878065,1,2000,218,9535,51933,4012429,0,0,0,562.7,17.6,27,0.1,7130,31.7,1018701,40890494
427864,13691648,2026-02-15 02:49,966768,36878069,1,2000,218,9535,51938,4012589,0,0,0,562.7,17.6,27,0.1,7131,31.7,1018706,40890658
427865,13691680,2026-02-15 02:56,966769,36880075,0,0,218,9535,51939,4012621,1,0,-1,562.7,17.6,27,0.1,7130,31.7,1018708,40892696
427866,13691712,2026-02-15 03:02,966769,36880077,0,0,217,7719,51938,4010621,0,-1,0,562.7,17.6,27,0.1,7127,31.7,1018707,40890698
427867,13691744,2026-02-15 03:09,966769,36880078,1,2000,217,7719,51938,4010621,0,0,1,562.7,17.6,27,0.1,7127,31.7,1018707,40890699
427868,13691776,2026-02-15 03:15,966769,36880079,1,2000,217,7719,51938,4010621,0,0,0,562.7,17.6,27,0.1,7127,31.7,1018707,40890700
427869,13691808,2026-02-15 03:21,966769,36880080,1,2000,211,6752,51940,4010685,0,-6,0,562.7,17.6,26,0.1,7127,31.7,1018709,40890765
427870,13691840,2026-02-15 03:28,966769,36880081,1,2000,203,6496,51943,4010781,0,-8,0,562.7,17.6,25,0.1,7127,31.7,1018712,40890862
427871,13691872,2026-02-15 03:34,966769,36880087,1,2000,195,6240,51943,4010781,0,-8,0,562.7,17.6,24,0.1,7127,31.7,1018712,40890868
427872,13691904,2026-02-15 03:41,966769,36880088,1,2000,187,5984,51945,4010845,0,-8,0,562.7,17.6,23,0.1,7127,31.7,1018714,40890933
427873,13691936,2026-02-15 03:47,966770,36882091,0,0,179,5728,51945,4010845,1,-8,-1,562.8,17.6,22,0.1,7127,31.7,1018715,40892936
427874,13691968,2026-02-15 03:53,966770,36882092,0,0,171,5472,51945,4009359,0,-8,0,562.8,17.6,21,0.1,7124,31.7,1018715,40891451
427875,13692000,2026-02-15 04:00,966770,36882095,1,2000,163,5216,51945,4009359,0,-8,1,562.8,17.6,20,0.1,7124,31.7,1018715,40891454
427876,13692032,2026-02-15 04:06,966770,36882097,1,2000,155,4960,51946,4009374,0,-8,0,562.8,17.6,19,0.1,7124,31.7,1018716,40891471
427877,13692064,2026-02-15 04:13,966770,36882098,1,2000,147,4704,51946,4009374,0,-8,0,562.8,17.6,18,0.1,7124,31.7,1018716,40891472
427878,13692096,2026-02-15 04:19,966770,36882100,1,2000,139,4448,51946,4009374,0,-8,0,562.8,17.6,17,0.1,7124,31.7,1018716,40891474
427879,13692128,2026-02-15 04:25,966770,36882100,1,2000,131,4192,51946,4009374,0,-8,0,562.8,17.6,16,0.1,7124,31.7,1018716,40891474
427880,13692160,2026-02-15 04:32,966766,36881973,1,2000,128,4096,51947,4009406,-4,-3,0,562.8,17.6,16,0.1,7124,31.7,1018713,40891379
427881,13692192,2026-02-15 04:38,966767,36883974,0,0,120,3840,51947,4009406,1,-8,-1,562.8,17.6,15,0.1,7124,31.7,1018714,40893380
427882,13692224,2026-02-15 04:45,966767,36883975,1,2000,113,3616,51947,4007438,0,-7,1,562.8,17.6,14,0.1,7120,31.6,1018714,40891413
427883,13692256,2026-02-15 04:51,966767,36883977,1,2000,105,3360,51947,4007438,0,-8,0,562.8,17.6,13,0.1,7120,31.6,1018714,40891415
427884,13692288,2026-02-15 04:57,966767,36883979,1,2000,97,3104,51948,4007470,0,-8,0,562.8,17.6,12,0.1,7121,31.6,1018715,40891449
427885,13692320,2026-02-15 05:04,966767,36883982,1,2000,92,2944,51948,4007470,0,-5,0,562.8,17.6,12,0.1,7121,31.6,1018715,40891452
427886,13692352,2026-02-15 05:10,966767,36883983,1,2000,92,2944,51948,4007470,0,0,0,562.8,17.6,12,0.1,7121,31.6,1018715,40891453
427887,13692384,2026-02-15 05:17,966767,36883985,1,2000,89,2848,51952,4007598,0,-3,0,562.8,17.6,11,0.0,7121,31.6,1018719,40891583
427888,13692416,2026-02-15 05:23,966768,36885987,0,0,81,2592,51958,4007790,1,-8,-1,562.8,17.6,10,0.0,7121,31.6,1018726,40893777
427889,13692448,2026-02-15 05:29,966768,36885988,0,0,73,2336,51957,4005790,0,-8,0,562.8,17.6,9,0.0,7117,31.6,1018725,40891778
427890,13692480,2026-02-15 05:36,966768,36885988,1,2000,65,2080,51957,4005790,0,-8,1,562.8,17.6,8,0.0,7117,31.6,1018725,40891778
427891,13692512,2026-02-15 05:42,966765,36885893,1,2000,60,1920,51957,4005790,-3,-5,0,562.8,17.6,8,0.0,7117,31.6,1018722,40891683
427892,13692544,2026-02-15 05:49,966765,36885897,1,2000,52,1664,51957,4005790,0,-8,0,562.8,17.6,6,0.0,7117,31.6,1018722,40891687
427893,13692576,2026-02-15 05:55,966765,36885899,1,2000,44,1408,51958,4005822,0,-8,0,562.8,17.6,6,0.0,7117,31.6,1018723,40891721
427894,13692608,2026-02-15 06:01,966765,36885901,1,2000,36,1152,51958,4005822,0,-8,0,562.8,17.6,4,0.0,7117,31.6,1018723,40891723
427895,13692640,2026-02-15 06:08,966765,36885901,1,2000,28,896,51958,4005822,0,-8,0,562.8,17.6,4,0.0,7117,31.6,1018723,40891723
427896,13692672,2026-02-15 06:14,966766,36887904,0,0,20,640,51971,4006238,1,-8,-1,562.9,17.6,2,0.0,7118,31.6,1018737,40894142
427897,13692704,2026-02-15 06:21,966766,36887904,0,0,12,384,51970,4004238,0,-8,0,562.9,17.6,2,0.0,7114,31.6,1018736,40892142
427898,13692736,2026-02-15 06:27,966766,36887904,1,2000,5,160,51970,4004238,0,-7,1,562.9,17.6,1,0.0,7114,31.6,1018736,40892142
427899,13692768,2026-02-15 06:33,966766,36887905,1,2000,0,0,51970,4004238,0,-5,0,562.9,17.6,0,0.0,7114,31.6,1018736,40892143
427900,13692800,2026-02-15 06:40,966766,36887906,1,2000,0,0,51971,4004270,0,0,0,562.9,17.6,0,0.0,7114,31.6,1018737,40892176
427901,13692832,2026-02-15 06:46,966766,36887906,1,2000,0,0,51972,4004302,0,0,0,562.9,17.6,0,0.0,7114,31.6,1018738,40892208
427902,13692864,2026-02-15 06:53,966766,36887909,1,2000,0,0,51972,4004302,0,0,0,562.9,17.6,0,0.0,7114,31.6,1018738,40892211
427903,13692896,2026-02-15 06:59,966766,36887912,1,2000,0,0,51973,4004303,0,0,0,562.9,17.6,0,0.0,7114,31.6,1018739,40892215
427904,13692928,2026-02-15 07:05,966765,36889849,0,0,2,64,51973,4004303,-1,2,-1,562.9,17.6,0,0.0,7114,31.6,1018738,40894152
427905,13692960,2026-02-15 07:12,966765,36889851,0,0,2,64,51972,4002303,0,0,0,562.9,17.6,0,0.0,7110,31.6,1018737,40892154
427906,13692992,2026-02-15 07:18,966765,36889857,1,2000,2,64,51978,4002495,0,0,1,562.9,17.6,0,0.0,7111,31.6,1018743,40892352
427907,13693024,2026-02-15 07:25,966765,36889857,1,2000,2,64,51980,4002559,0,0,0,562.9,17.6,0,0.0,7111,31.6,1018745,40892416
427908,13693056,2026-02-15 07:31,966765,36889858,1,2000,0,0,51981,4002591,0,-2,0,562.9,17.6,0,0.0,7111,31.6,1018746,40892449
427909,13693088,2026-02-15 07:37,966765,36889858,1,2000,0,0,51981,4002591,0,0,0,562.9,17.6,0,0.0,7111,31.6,1018746,40892449
427910,13693120,2026-02-15 07:44,966765,36889861,1,2000,0,0,51981,4002591,0,0,0,562.9,17.6,0,0.0,7111,31.6,1018746,40892452
427911,13693152,2026-02-15 07:50,966765,36889862,1,2000,0,0,51981,4002591,0,0,0,562.9,17.6,0,0.0,7111,31.6,1018746,40892453
427912,13693184,2026-02-15 07:57,966766,36891864,0,0,0,0,51981,4002591,1,0,-1,562.9,17.6,0,0.0,7110,31.6,1018747,40894455
427913,13693216,2026-02-15 08:03,966766,36891868,0,0,0,0,51980,4000591,0,0,0,562.9,17.6,0,0.0,7107,31.6,1018746,40892459
427914,13693248,2026-02-15 08:09,966766,36891870,1,2000,0,0,51980,4000591,0,0,1,562.9,17.6,0,0.0,7107,31.6,1018746,40892461
427915,13693280,2026-02-15 08:16,966766,36891905,1,2000,0,0,51981,4000623,0,0,0,562.9,17.6,0,0.0,7107,31.6,1018747,40892528
427916,13693312,2026-02-15 08:22,966766,36891972,1,2000,0,0,51981,4000623,0,0,0,562.9,17.6,0,0.0,7107,31.6,1018747,40892595
427917,13693344,2026-02-15 08:29,966766,36892069,1,2000,0,0,51981,4000623,0,0,0,562.9,17.6,0,0.0,7107,31.6,1018747,40892692
427918,13693376,2026-02-15 08:35,966763,36892071,1,2000,3,96,51981,4000623,-3,3,0,562.9,17.6,0,0.0,7107,31.6,1018744,40892694
427919,13693408,2026-02-15 08:41,966763,36892169,1,2000,3,96,51981,4000623,0,0,0,562.9,17.6,0,0.0,7107,31.6,1018744,40892792
427920,13693440,2026-02-15 08:48,966764,36894265,0,0,3,96,51980,3998623,1,0,-1,563.0,17.6,0,0.0,7103,31.6,1018744,40892888
427921,13693472,2026-02-15 08:54,966764,36894332,1,2000,3,96,51980,3998623,0,0,1,563.0,17.6,0,0.0,7103,31.6,1018744,40892955
427922,13693504,2026-02-15 09:01,966764,36894398,1,2000,0,0,51980,3998623,0,-3,0,563.0,17.6,0,0.0,7103,31.6,1018744,40893021
427923,13693536,2026-02-15 09:07,966764,36894431,1,2000,0,0,51980,3998623,0,0,0,563.0,17.6,0,0.0,7103,31.6,1018744,40893054
427924,13693568,2026-02-15 09:13,966764,36894432,1,2000,0,0,51981,3998655,0,0,0,563.0,17.6,0,0.0,7103,31.6,1018745,40893087
427925,13693600,2026-02-15 09:20,966764,36894434,1,2000,0,0,51986,3998815,0,0,0,563.0,17.6,0,0.0,7103,31.6,1018750,40893249
427926,13693632,2026-02-15 09:26,966764,36894434,1,2000,0,0,51986,3998815,0,0,0,563.0,17.6,0,0.0,7103,31.6,1018750,40893249
427927,13693664,2026-02-15 09:33,966765,36896435,0,0,0,0,51986,3998815,1,0,-1,563.0,17.6,0,0.0,7103,31.6,1018751,40895250
427928,13693696,2026-02-15 09:39,966765,36896435,0,0,0,0,51989,3996943,0,0,0,563.0,17.6,0,0.0,7099,31.6,1018754,40893378
427929,13693728,2026-02-15 09:45,966765,36896435,1,2000,0,0,51989,3996943,0,0,1,563.0,17.6,0,0.0,7099,31.6,1018754,40893378
427930,13693760,2026-02-15 09:52,966765,36896439,1,2000,0,0,51989,3996943,0,0,0,563.0,17.6,0,0.0,7099,31.6,1018754,40893382
427931,13693792,2026-02-15 09:58,966765,36896439,1,2000,0,0,51989,3996943,0,0,0,563.0,17.6,0,0.0,7099,31.6,1018754,40893382
427932,13693824,2026-02-15 10:05,966765,36896440,1,2000,0,0,51989,3996943,0,0,0,563.0,17.6,0,0.0,7099,31.6,1018754,40893383
427933,13693856,2026-02-15 10:11,966765,36896442,1,2000,0,0,51990,3996975,0,0,0,563.0,17.6,0,0.0,7099,31.6,1018755,40893417
427934,13693888,2026-02-15 10:17,966765,36896445,1,2000,0,0,51990,3996975,0,0,0,563.0,17.6,0,0.0,7099,31.6,1018755,40893420
427935,13693920,2026-02-15 10:24,966766,36898447,0,0,0,0,52004,3997423,1,0,-1,563.0,17.6,0,0.0,7100,31.6,1018770,40895870
427936,13693952,2026-02-15 10:30,966766,36898453,0,0,0,0,52004,3997423,0,0,0,563.0,17.6,0,0.0,7100,31.6,1018770,40895876
427937,13693984,2026-02-15 10:37,966766,36898455,1,2000,0,0,52004,3995455,0,0,1,563.0,17.6,0,0.0,7096,31.5,1018770,40893910
427938,13694016,2026-02-15 10:43,966766,36898457,1,2000,0,0,52004,3995455,0,0,0,563.0,17.6,0,0.0,7096,31.5,1018770,40893912
427939,13694048,2026-02-15 10:49,966766,36898457,1,2000,0,0,52004,3995455,0,0,0,563.0,17.6,0,0.0,7096,31.5,1018770,40893912
427940,13694080,2026-02-15 10:56,966766,36898457,1,2000,0,0,52004,3995455,0,0,0,563.0,17.6,0,0.0,7096,31.5,1018770,40893912
427941,13694112,2026-02-15 11:02,966766,36898458,1,2000,0,0,52004,3995455,0,0,0,563.0,17.6,0,0.0,7096,31.5,1018770,40893913
427942,13694144,2026-02-15 11:09,966766,36898458,1,2000,0,0,52004,3995455,0,0,0,563.0,17.6,0,0.0,7096,31.5,1018770,40893913
427943,13694176,2026-02-15 11:15,966767,36900458,0,0,0,0,52006,3995519,1,0,-1,563.1,17.6,0,0.0,7096,31.5,1018773,40895977
427944,13694208,2026-02-15 11:21,966767,36900460,0,0,0,0,52025,3994147,0,0,0,563.1,17.6,0,0.0,7094,31.5,1018792,40894607
427945,13694240,2026-02-15 11:28,966767,36900460,1,2000,0,0,52026,3994179,0,0,1,563.1,17.6,0,0.0,7094,31.5,1018793,40894639
427946,13694272,2026-02-15 11:34,966767,36900460,1,2000,0,0,52026,3994179,0,0,0,563.1,17.6,0,0.0,7094,31.5,1018793,40894639
427947,13694304,2026-02-15 11:41,966767,36900462,1,2000,0,0,52026,3994179,0,0,0,563.1,17.6,0,0.0,7094,31.5,1018793,40894641
427948,13694336,2026-02-15 11:47,966767,36900462,1,2000,0,0,52026,3994179,0,0,0,563.1,17.6,0,0.0,7094,31.5,1018793,40894641
427949,13694368,2026-02-15 11:53,966766,36900431,1,2000,1,32,52029,3994275,-1,1,0,563.1,17.6,0,0.0,7094,31.5,1018795,40894706
427950,13694400,2026-02-15 12:00,966766,36900432,1,2000,1,32,52029,3994275,0,0,0,563.1,17.6,0,0.0,7094,31.5,1018795,40894707
427951,13694432,2026-02-15 12:06,966767,36902436,0,0,1,32,52029,3994275,1,0,-1,563.1,17.6,0,0.0,7094,31.5,1018796,40896711
427952,13694464,2026-02-15 12:13,966767,36902436,0,0,1,32,52034,3992467,0,0,0,563.1,17.6,0,0.0,7090,31.5,1018801,40894903
427953,13694496,2026-02-15 12:19,966766,36902406,1,2000,1,32,52034,3992467,-1,0,1,563.1,17.6,0,0.0,7090,31.5,1018800,40894873
427954,13694528,2026-02-15 12:25,966766,36902409,1,2000,1,32,52038,3992595,0,0,0,563.1,17.6,0,0.0,7091,31.5,1018804,40895004
427955,13694560,2026-02-15 12:32,966762,36902282,1,2000,5,160,52040,3992659,-4,4,0,563.1,17.6,1,0.0,7091,31.5,1018802,40894941
427956,13694592,2026-02-15 12:38,966762,36902282,1,2000,5,160,52040,3992659,0,0,0,563.1,17.6,1,0.0,7091,31.5,1018802,40894941
427957,13694624,2026-02-15 12:45,966762,36902285,1,2000,4,128,52045,3992819,0,-1,0,563.1,17.6,0,0.0,7091,31.5,1018807,40895104
427958,13694656,2026-02-15 12:51,966762,36902286,1,2000,4,128,52045,3992819,0,0,0,563.1,17.6,0,0.0,7091,31.5,1018807,40895105
427959,13694688,2026-02-15 12:57,966763,36904287,0,0,0,0,52044,3990819,1,-4,-1,563.1,17.6,0,0.0,7087,31.5,1018807,40895106
427960,13694720,2026-02-15 13:04,966762,36904256,1,2000,1,32,52056,3991203,-1,1,1,563.1,17.6,0,0.0,7088,31.5,1018818,40895459
427961,13694752,2026-02-15 13:10,966762,36904259,1,2000,1,32,52057,3991235,0,0,0,563.1,17.6,0,0.0,7088,31.5,1018819,40895494
427962,13694784,2026-02-15 13:17,966762,36904261,1,2000,1,32,52062,3991395,0,0,0,563.1,17.6,0,0.0,7088,31.5,1018824,40895656
427963,13694816,2026-02-15 13:23,966762,36904263,1,2000,1,32,52071,3991683,0,0,0,563.1,17.6,0,0.0,7089,31.5,1018833,40895946
427964,13694848,2026-02-15 13:29,966762,36904268,1,2000,0,0,52071,3991683,0,-1,0,563.1,17.6,0,0.0,7089,31.5,1018833,40895951
427965,13694880,2026-02-15 13:36,966743,36903660,1,2000,19,608,52071,3991683,-19,19,0,563.1,17.6,2,0.0,7089,31.5,1018814,40895343
427966,13694912,2026-02-15 13:42,966744,36905661,0,0,19,608,52071,3991683,1,0,-1,563.1,17.6,2,0.0,7088,31.5,1018815,40897344
427967,13694944,2026-02-15 13:49,966744,36905662,0,0,19,608,52070,3989683,0,0,0,563.1,17.6,2,0.0,7085,31.5,1018814,40895345
427968,13694976,2026-02-15 13:55,966744,36905662,1,2000,19,608,52070,3989683,0,0,1,563.1,17.6,2,0.0,7085,31.5,1018814,40895345
427969,13695008,2026-02-15 14:01,966743,36905631,1,2000,12,384,52070,3989683,-1,-7,0,563.1,17.6,2,0.0,7085,31.5,1018813,40895314
427970,13695040,2026-02-15 14:08,966743,36905633,1,2000,4,128,52070,3989683,0,-8,0,563.1,17.6,0,0.0,7085,31.5,1018813,40895316
427971,13695072,2026-02-15 14:14,966743,36905635,1,2000,1,32,52070,3989683,0,-3,0,563.1,17.6,0,0.0,7085,31.5,1018813,40895318
427972,13695104,2026-02-15 14:21,966743,36905636,1,2000,1,32,52073,3989779,0,0,0,563.1,17.6,0,0.0,7085,31.5,1018816,40895415
427973,13695136,2026-02-15 14:27,966743,36905637,1,2000,0,0,52073,3989779,0,-1,0,563.1,17.6,0,0.0,7085,31.5,1018816,40895416
427974,13695168,2026-02-15 14:33,966744,36907639,0,0,0,0,52073,3989779,1,0,-1,563.2,17.6,0,0.0,7085,31.5,1018817,40897418
427975,13695200,2026-02-15 14:40,966744,36907640,0,0,0,0,52072,3987779,0,0,0,563.2,17.6,0,0.0,7081,31.5,1018816,40895419
427976,13695232,2026-02-15 14:46,966744,36907643,1,2000,0,0,52073,3987811,0,0,1,563.2,17.6,0,0.0,7081,31.5,1018817,40895454
427977,13695264,2026-02-15 14:53,966744,36907644,1,2000,0,0,52073,3987811,0,0,0,563.2,17.6,0,0.0,7081,31.5,1018817,40895455
427978,13695296,2026-02-15 14:59,966744,36907649,1,2000,0,0,52073,3987811,0,0,0,563.2,17.6,0,0.0,7081,31.5,1018817,40895460
427979,13695328,2026-02-15 15:05,966744,36907650,1,2000,0,0,52074,3987843,0,0,0,563.2,17.6,0,0.0,7081,31.5,1018818,40895493
427980,13695360,2026-02-15 15:12,966743,36907621,1,2000,1,32,52074,3987843,-1,1,0,563.2,17.6,0,0.0,7081,31.5,1018817,40895464
427981,13695392,2026-02-15 15:18,966743,36907621,1,2000,1,32,52080,3988035,0,0,0,563.2,17.6,0,0.0,7081,31.5,1018823,40895656
427982,13695424,2026-02-15 15:25,966739,36909464,0,0,6,192,52139,3989923,-4,5,-1,563.2,17.6,1,0.0,7084,31.5,1018878,40899387
427983,13695456,2026-02-15 15:31,966739,36909466,0,0,6,192,52139,3987960,0,0,0,563.2,17.6,1,0.0,7081,31.5,1018878,40897426
427984,13695488,2026-02-15 15:37,966739,36909470,1,2000,5,160,52142,3988056,0,-1,1,563.2,17.6,1,0.0,7081,31.5,1018881,40897526
427985,13695520,2026-02-15 15:44,966739,36909470,1,2000,5,160,52142,3988056,0,0,0,563.2,17.6,1,0.0,7081,31.5,1018881,40897526
427986,13695552,2026-02-15 15:50,966739,36909473,1,2000,0,0,52142,3988056,0,-5,0,563.2,17.6,0,0.0,7081,31.5,1018881,40897529
427987,13695584,2026-02-15 15:57,966739,36909477,1,2000,0,0,52142,3988056,0,0,0,563.2,17.6,0,0.0,7081,31.5,1018881,40897533
427988,13695616,2026-02-15 16:03,966739,36909479,1,2000,0,0,52142,3988056,0,0,0,563.2,17.6,0,0.0,7081,31.5,1018881,40897535
427989,13695648,2026-02-15 16:09,966739,36909481,1,2000,0,0,52142,3988056,0,0,0,563.2,17.6,0,0.0,7081,31.5,1018881,40897537
427990,13695680,2026-02-15 16:16,966740,36911483,0,0,0,0,52143,3988088,1,0,-1,563.2,17.6,0,0.0,7081,31.5,1018883,40899571
427991,13695712,2026-02-15 16:22,966726,36911038,0,0,14,448,52142,3986088,-14,14,0,563.2,17.6,2,0.0,7077,31.5,1018868,40897126
427992,13695744,2026-02-15 16:29,966726,36911039,1,2000,14,448,52142,3986088,0,0,1,563.2,17.6,2,0.0,7077,31.5,1018868,40897127
427993,13695776,2026-02-15 16:35,966721,36910881,1,2000,19,608,52142,3986088,-5,5,0,563.2,17.6,2,0.0,7077,31.5,1018863,40896969
427994,13695808,2026-02-15 16:41,966721,36910883,1,2000,19,608,52142,3986088,0,0,0,563.2,17.6,2,0.0,7077,31.5,1018863,40896971
427995,13695840,2026-02-15 16:48,966721,36910884,1,2000,11,352,52143,3986120,0,-8,0,563.2,17.6,1,0.0,7077,31.5,1018864,40897004
427996,13695872,2026-02-15 16:54,966721,36910886,1,2000,5,160,52143,3986120,0,-6,0,563.2,17.6,1,0.0,7077,31.5,1018864,40897006
427997,13695904,2026-02-15 17:01,966721,36910887,1,2000,0,0,52143,3986120,0,-5,0,563.2,17.6,0,0.0,7077,31.5,1018864,40897007
427998,13695936,2026-02-15 17:07,966722,36912887,0,0,0,0,52143,3986120,1,0,-1,563.2,17.6,0,0.0,7077,31.5,1018865,40899007
427999,13695968,2026-02-15 17:13,966722,36912890,0,0,0,0,52142,3984120,0,0,0,563.2,17.6,0,0.0,7073,31.4,1018864,40897010
428000,13696000,2026-02-15 17:20,966722,36912892,1,2000,0,0,52145,3984216,0,0,1,563.2,17.6,0,0.0,7074,31.4,1018867,40897108
428001,13696032,2026-02-15 17:26,966722,36912898,1,2000,0,0,52148,3984312,0,0,0,563.2,17.6,0,0.0,7074,31.4,1018870,40897210
428002,13696064,2026-02-15 17:33,966722,36912900,1,2000,0,0,52148,3984312,0,0,0,563.2,17.6,0,0.0,7074,31.4,1018870,40897212
428003,13696096,2026-02-15 17:39,966722,36912902,1,2000,0,0,52148,3984312,0,0,0,563.2,17.6,0,0.0,7074,31.4,1018870,40897214
428004,13696128,2026-02-15 17:45,966722,36912907,1,2000,0,0,52148,3984312,0,0,0,563.2,17.6,0,0.0,7074,31.4,1018870,40897219
428005,13696160,2026-02-15 17:52,966722,36912910,1,2000,0,0,52148,3984312,0,0,0,563.2,17.6,0,0.0,7074,31.4,1018870,40897222
428007,13696224,2026-02-15 18:05,966723,36914911,1,2000,0,0,52148,3982344,1,0,0,563.3,17.6,0,0.0,7070,31.4,1018871,40897255
428008,13696256,2026-02-15 18:11,966723,36914915,1,2000,0,0,52148,3982344,0,0,0,563.3,17.6,0,0.0,7070,31.4,1018871,40897259
428009,13696288,2026-02-15 18:17,966723,36914916,1,2000,0,0,52154,3982536,0,0,0,563.3,17.6,0,0.0,7070,31.4,1018877,40897452
428010,13696320,2026-02-15 18:24,966712,36914565,1,2000,11,352,52154,3982536,-11,11,0,563.3,17.6,1,0.0,7070,31.4,1018866,40897101
428011,13696352,2026-02-15 18:30,966712,36914567,1,2000,11,352,52154,3982536,0,0,0,563.3,17.6,1,0.0,7070,31.4,1018866,40897103
428012,13696384,2026-02-15 18:37,966712,36914574,1,2000,11,352,52154,3982536,0,0,0,563.3,17.6,1,0.0,7070,31.4,1018866,40897110
428013,13696416,2026-02-15 18:43,966713,36916575,0,0,11,352,52154,3982536,1,0,-1,563.3,17.6,1,0.0,7070,31.4,1018867,40899111
428014,13696448,2026-02-15 18:49,966713,36916578,0,0,3,96,52153,3980536,0,-8,0,563.3,17.6,0,0.0,7066,31.4,1018866,40897114
428015,13696480,2026-02-15 18:56,966713,36916579,1,2000,0,0,52153,3980536,0,-3,1,563.3,17.6,0,0.0,7066,31.4,1018866,40897115
428016,13696512,2026-02-15 19:02,966713,36916581,1,2000,0,0,52153,3980536,0,0,0,563.3,17.6,0,0.0,7066,31.4,1018866,40897117
428017,13696544,2026-02-15 19:09,966713,36916583,1,2000,0,0,52153,3980536,0,0,0,563.3,17.6,0,0.0,7066,31.4,1018866,40897119
428018,13696576,2026-02-15 19:15,966713,36916584,1,2000,0,0,52153,3980536,0,0,0,563.3,17.6,0,0.0,7066,31.4,1018866,40897120
428019,13696608,2026-02-15 19:21,966713,36916586,1,2000,0,0,52154,3980568,0,0,0,563.3,17.6,0,0.0,7066,31.4,1018867,40897154
428020,13696640,2026-02-15 19:28,966713,36916588,1,2000,0,0,52154,3980568,0,0,0,563.3,17.6,0,0.0,7066,31.4,1018867,40897156
428021,13696672,2026-02-15 19:34,966714,36918590,0,0,0,0,52154,3980568,1,0,-1,563.3,17.6,0,0.0,7066,31.4,1018868,40899158
428022,13696704,2026-02-15 19:41,966714,36918592,0,0,0,0,52153,3978568,0,0,0,563.3,17.6,0,0.0,7063,31.4,1018867,40897160
428023,13696736,2026-02-15 19:47,966714,36918593,1,2000,0,0,52153,3978568,0,0,1,563.3,17.6,0,0.0,7063,31.4,1018867,40897161
428024,13696768,2026-02-15 19:53,966714,36918596,1,2000,0,0,52153,3978568,0,0,0,563.3,17.6,0,0.0,7063,31.4,1018867,40897164
428025,13696800,2026-02-15 20:00,966714,36918598,1,2000,0,0,52153,3978568,0,0,0,563.3,17.6,0,0.0,7063,31.4,1018867,40897166
428026,13696832,2026-02-15 20:06,966714,36918600,1,2000,0,0,52153,3978568,0,0,0,563.3,17.6,0,0.0,7063,31.4,1018867,40897168
428027,13696864,2026-02-15 20:13,966714,36918600,1,2000,0,0,52153,3978568,0,0,0,563.3,17.6,0,0.0,7063,31.4,1018867,40897168
428028,13696896,2026-02-15 20:19,966714,36918603,1,2000,0,0,52153,3978568,0,0,0,563.3,17.6,0,0.0,7063,31.4,1018867,40897171
428029,13696928,2026-02-15 20:25,966711,36920476,0,0,4,128,52153,3978568,-3,4,-1,563.4,17.6,0,0.0,7062,31.4,1018864,40899044
428030,13696960,2026-02-15 20:32,966704,36920254,0,0,11,352,52152,3976568,-7,7,0,563.4,17.6,1,0.0,7059,31.4,1018856,40896822
428031,13696992,2026-02-15 20:38,966698,36920062,1,2000,17,544,52152,3976568,-6,6,1,563.4,17.6,2,0.0,7059,31.4,1018850,40896630
428032,13697024,2026-02-15 20:45,966583,36916385,1,2000,132,4224,52152,3976568,-115,115,0,563.3,17.6,16,0.1,7059,31.4,1018735,40892953
428033,13697056,2026-02-15 20:51,966555,36915493,1,2000,156,4992,52152,3976568,-28,24,0,563.3,17.6,20,0.1,7060,31.4,1018707,40892061
428034,13697088,2026-02-15 20:57,966544,36915143,1,2000,160,5120,52152,3976568,-11,4,0,563.3,17.6,20,0.1,7060,31.4,1018696,40891711
428035,13697120,2026-02-15 21:04,966533,36914792,1,2000,165,5280,52152,3976568,-11,5,0,563.3,17.6,21,0.1,7060,31.4,1018685,40891360
428036,13697152,2026-02-15 21:10,966533,36914795,1,2000,157,5024,52152,3976568,0,-8,0,563.3,17.6,20,0.1,7060,31.4,1018685,40891363
428037,13697184,2026-02-15 21:17,966534,36916797,0,0,149,4768,52153,3976600,1,-8,-1,563.3,17.6,19,0.1,7059,31.4,1018687,40893397
428038,13697216,2026-02-15 21:23,966534,36916800,0,0,141,4512,52148,3974449,0,-8,0,563.3,17.6,18,0.1,7056,31.4,1018682,40891249
428039,13697248,2026-02-15 21:29,966534,36916817,6,2160,133,4256,52141,3974145,0,-8,6,563.3,17.6,17,0.1,7055,31.4,1018675,40890962
428040,13697280,2026-02-15 21:36,966534,36916818,12,2448,125,4000,52133,3973889,0,-8,6,563.3,17.6,16,0.1,7055,31.4,1018667,40890707
428041,13697312,2026-02-15 21:42,966533,36916789,20,2704,118,3776,52126,3973665,-1,-7,8,563.3,17.6,15,0.1,7054,31.4,1018659,40890454
428042,13697344,2026-02-15 21:49,966533,36916792,28,2960,110,3520,52119,3973441,0,-8,8,563.3,17.6,14,0.1,7054,31.4,1018652,40890233
428043,13697376,2026-02-15 21:55,966533,36916792,36,3216,102,3264,52111,3973185,0,-8,8,563.3,17.6,13,0.1,7053,31.3,1018644,40889977
428044,13697408,2026-02-15 22:01,966533,36916793,44,3472,94,3008,52107,3973057,0,-8,8,563.3,17.6,12,0.1,7053,31.3,1018640,40889850
428045,13697440,2026-02-15 22:08,966539,36918954,46,1568,86,2752,52138,3974049,6,-8,2,563.3,17.6,11,0.0,7054,31.4,1018677,40893003
428046,13697472,2026-02-15 22:14,966545,36919244,48,1536,78,2496,52159,3974721,6,-8,2,563.3,17.6,10,0.0,7056,31.4,1018704,40893965
428047,13697504,2026-02-15 22:21,966553,36919502,48,1536,70,2240,52163,3974849,8,-8,0,563.3,17.6,9,0.0,7056,31.4,1018716,40894351
428048,13697536,2026-02-15 22:27,966561,36919761,48,1536,62,1984,52155,3974593,8,-8,0,563.4,17.6,8,0.0,7055,31.4,1018716,40894354
428049,13697568,2026-02-15 22:33,966569,36920020,48,1536,54,1728,52148,3974369,8,-8,0,563.4,17.6,7,0.0,7055,31.4,1018717,40894389
428050,13697600,2026-02-15 22:40,966577,36920276,48,1536,46,1472,52142,3974177,8,-8,0,563.4,17.6,6,0.0,7054,31.4,1018719,40894453
428051,13697632,2026-02-15 22:46,966585,36920533,48,1536,38,1216,52137,3974017,8,-8,0,563.4,17.6,5,0.0,7054,31.4,1018722,40894550
428052,13697664,2026-02-15 22:53,966593,36920793,48,1536,30,960,52131,3973825,8,-8,0,563.4,17.6,4,0.0,7054,31.4,1018724,40894618
428053,13697696,2026-02-15 22:59,966601,36921050,48,1536,22,704,52126,3973665,8,-8,0,563.4,17.6,3,0.0,7053,31.3,1018727,40894715
428054,13697728,2026-02-15 23:05,966609,36921309,48,1536,14,448,52121,3973505,8,-8,0,563.4,17.6,2,0.0,7053,31.3,1018730,40894814
428055,13697760,2026-02-15 23:12,966617,36921566,48,1536,6,192,52113,3973249,8,-8,0,563.4,17.6,1,0.0,7053,31.3,1018730,40894815
428056,13697792,2026-02-15 23:18,966625,36921823,48,1536,0,0,52113,3973249,8,-6,0,563.4,17.6,0,0.0,7052,31.3,1018738,40895072
428057,13697824,2026-02-15 23:25,966633,36922082,43,1545,0,0,52105,3972824,8,0,-5,563.4,17.6,0,0.0,7052,31.3,1018738,40894906
428058,13697856,2026-02-15 23:31,966641,36922340,43,1545,0,0,52100,3972664,8,0,0,563.4,17.6,0,0.0,7051,31.3,1018741,40895004
428059,13697888,2026-02-15 23:37,966649,36922599,40,1449,0,0,52100,3972664,8,0,-3,563.4,17.6,0,0.0,7051,31.3,1018749,40895263
428060,13697920,2026-02-15 23:44,966657,36923439,32,1193,0,0,52098,3972048,8,0,-8,563.4,17.6,0,0.0,7050,31.3,1018755,40895487
428061,13697952,2026-02-15 23:50,966665,36923697,25,969,0,0,52096,3971839,8,0,-7,563.4,17.6,0,0.0,7050,31.3,1018761,40895536
428062,13697984,2026-02-15 23:57,966671,36923901,19,921,2,64,52104,3972048,6,2,-6,563.4,17.6,0,0.0,7050,31.3,1018775,40895949
428063,13698016,2026-02-16 00:03,966674,36924199,23,949,2,64,52096,3971792,3,0,4,563.4,17.6,0,0.0,7049,31.3,1018770,40895991
428064,13698048,2026-02-16 00:09,966682,36924456,22,917,2,64,52088,3971536,8,0,-1,563.4,17.6,0,0.0,7049,31.3,1018770,40895992
428065,13698080,2026-02-16 00:16,966687,36924619,25,1013,2,64,52085,3971440,5,0,3,563.4,17.6,0,0.0,7049,31.3,1018772,40896059
428066,13698112,2026-02-16 00:22,966687,36924620,33,1269,0,0,52125,3972720,0,-2,8,563.4,17.6,0,0.0,7051,31.3,1018812,40897340
428067,13698144,2026-02-16 00:29,966684,36924526,40,1493,4,128,52117,3972464,-3,4,7,563.4,17.6,0,0.0,7051,31.3,1018801,40896990
428068,13698176,2026-02-16 00:35,966679,36924519,46,1541,11,352,52108,3972214,-5,7,6,563.4,17.6,1,0.0,7050,31.3,1018787,40896733
428069,13698208,2026-02-16 00:41,966686,36924812,46,1490,11,352,52102,3972022,7,0,0,563.4,17.6,1,0.0,7050,31.3,1018788,40896834
428070,13698240,2026-02-16 00:48,966693,36925037,47,1522,11,352,52095,3971902,7,0,1,563.4,17.6,1,0.0,7049,31.3,1018788,40896939
428071,13698272,2026-02-16 00:54,966701,36925296,47,1522,7,224,52087,3971646,8,-4,0,563.4,17.6,1,0.0,7049,31.3,1018788,40896942
428072,13698304,2026-02-16 01:01,966709,36925555,47,1522,0,0,52079,3971390,8,-7,0,563.4,17.6,0,0.0,7048,31.3,1018788,40896945
428073,13698336,2026-02-16 01:07,966717,36925811,47,1522,0,0,52071,3971134,8,0,0,563.4,17.6,0,0.0,7048,31.3,1018788,40896945
428074,13698368,2026-02-16 01:13,966725,36926070,47,1522,0,0,52063,3970878,8,0,0,563.4,17.6,0,0.0,7047,31.3,1018788,40896948
428075,13698400,2026-02-16 01:20,966732,36926314,48,1536,0,0,52061,3970814,7,0,1,563.5,17.6,0,0.0,7047,31.3,1018793,40897128
428076,13698432,2026-02-16 01:26,966740,36926571,48,1536,0,0,52059,3970750,8,0,0,563.5,17.6,0,0.0,7047,31.3,1018799,40897321
428077,13698464,2026-02-16 01:33,966748,36926830,48,1536,0,0,52051,3970494,8,0,0,563.5,17.6,0,0.0,7047,31.3,1018799,40897324
428078,13698496,2026-02-16 01:39,966756,36927089,48,1536,0,0,52043,3970238,8,0,0,563.5,17.6,0,0.0,7046,31.3,1018799,40897327
428079,13698528,2026-02-16 01:45,966764,36927351,48,1536,0,0,52037,3970004,8,0,0,563.5,17.6,0,0.0,7046,31.3,1018801,40897355
428080,13698560,2026-02-16 01:52,966772,36927845,45,1508,0,0,52037,3970004,8,0,-3,563.5,17.6,0,0.0,7046,31.3,1018809,40897849
428081,13698592,2026-02-16 01:58,966780,36928104,38,1352,0,0,52037,3969936,8,0,-7,563.5,17.6,0,0.0,7045,31.3,1018817,40898040
428082,13698624,2026-02-16 02:05,966788,36928364,30,1096,0,0,52041,3970135,8,0,-8,563.5,17.6,0,0.0,7046,31.3,1018829,40898499
428083,13698656,2026-02-16 02:11,966796,36928623,22,840,0,0,52041,3970135,8,0,-8,563.5,17.6,0,0.0,7046,31.3,1018837,40898758
428084,13698688,2026-02-16 02:17,966804,36928884,14,584,0,0,52042,3970135,8,0,-8,563.5,17.6,0,0.0,7046,31.3,1018846,40899019
428085,13698720,2026-02-16 02:24,966812,36929142,6,328,0,0,52042,3970135,8,0,-8,563.5,17.6,0,0.0,7046,31.3,1018854,40899277
428086,13698752,2026-02-16 02:30,966817,36929370,1,100,0,0,52042,3970135,5,0,-5,563.5,17.6,0,0.0,7046,31.3,1018859,40899505
428087,13698784,2026-02-16 02:37,966818,36929471,0,0,0,0,52042,3970135,1,0,-1,563.5,17.6,0,0.0,7046,31.3,1018860,40899606
428088,13698816,2026-02-16 02:43,966818,36931474,0,0,0,0,52041,3968135,0,0,0,563.5,17.6,0,0.0,7042,31.3,1018859,40899609
428089,13698848,2026-02-16 02:49,966817,36931443,0,0,1,32,52041,3968135,-1,1,0,563.5,17.6,0,0.0,7042,31.3,1018858,40899578
428090,13698880,2026-02-16 02:56,966817,36931443,0,0,1,32,52041,3968135,0,0,0,563.5,17.6,0,0.0,7042,31.3,1018858,40899578
428091,13698912,2026-02-16 03:02,966817,36931446,0,0,1,32,52041,3968135,0,0,0,563.5,17.6,0,0.0,7042,31.3,1018858,40899581
428092,13698944,2026-02-16 03:09,966817,36931449,0,0,1,32,52041,3968135,0,0,0,563.5,17.6,0,0.0,7042,31.3,1018858,40899584
428093,13698976,2026-02-16 03:15,966817,36931450,0,0,0,0,52041,3968135,0,-1,0,563.5,17.6,0,0.0,7042,31.3,1018858,40899585
428094,13699008,2026-02-16 03:21,966817,36931450,0,0,0,0,52047,3968327,0,0,0,563.5,17.6,0,0.0,7042,31.3,1018864,40899777
428095,13699040,2026-02-16 03:28,966817,36933451,0,0,0,0,52046,3966327,0,0,0,563.6,17.6,0,0.0,7038,31.3,1018863,40899778
428096,13699072,2026-02-16 03:34,966817,36933452,0,0,0,0,52046,3966327,0,0,0,563.6,17.6,0,0.0,7038,31.3,1018863,40899779
428097,13699104,2026-02-16 03:41,966817,36933453,0,0,0,0,52050,3966455,0,0,0,563.6,17.6,0,0.0,7038,31.3,1018867,40899908
428098,13699136,2026-02-16 03:47,966817,36933454,0,0,0,0,52050,3966455,0,0,0,563.6,17.6,0,0.0,7038,31.3,1018867,40899909
428099,13699168,2026-02-16 03:53,966816,36933348,0,0,1,108,52052,3967549,-1,1,0,563.6,17.6,0,0.0,7040,31.3,1018868,40900897
428100,13699200,2026-02-16 04:00,966816,36933350,0,0,1,108,52052,3967549,0,0,0,563.6,17.6,0,0.0,7040,31.3,1018868,40900899
428101,13699232,2026-02-16 04:06,966816,36933341,0,0,1,108,52052,3967549,0,0,0,563.6,17.6,0,0.0,7040,31.3,1018868,40900890
428102,13699264,2026-02-16 04:13,966816,36933343,0,0,1,108,52052,3967549,0,0,0,563.6,17.6,0,0.0,7040,31.3,1018868,40900892
428103,13699296,2026-02-16 04:19,966816,36935346,0,0,0,0,52051,3965549,0,-1,0,563.6,17.6,0,0.0,7036,31.3,1018867,40900895
428104,13699328,2026-02-16 04:25,966816,36935349,0,0,0,0,52051,3965549,0,0,0,563.6,17.6,0,0.0,7036,31.3,1018867,40900898
428105,13699360,2026-02-16 04:32,966810,36935159,0,0,6,192,52051,3965549,-6,6,0,563.6,17.6,1,0.0,7036,31.3,1018861,40900708
428106,13699392,2026-02-16 04:38,966810,36935163,0,0,6,192,52051,3965549,0,0,0,563.6,17.6,1,0.0,7036,31.3,1018861,40900712
428107,13699424,2026-02-16 04:45,966810,36935165,0,0,6,192,52051,3965549,0,0,0,563.6,17.6,1,0.0,7036,31.3,1018861,40900714
428108,13699456,2026-02-16 04:51,966810,36935170,0,0,6,192,52051,3965549,0,0,0,563.6,17.6,1,0.0,7036,31.3,1018861,40900719
428109,13699488,2026-02-16 04:57,966810,36935170,0,0,0,0,52051,3965549,0,-6,0,563.6,17.6,0,0.0,7036,31.3,1018861,40900719
428110,13699520,2026-02-16 05:04,966810,36935171,0,0,0,0,52051,3965549,0,0,0,563.6,17.6,0,0.0,7036,31.3,1018861,40900720
428111,13699552,2026-02-16 05:10,966810,36937173,0,0,0,0,52052,3965554,0,0,0,563.6,17.6,0,0.0,7036,31.3,1018862,40902727
428112,13699584,2026-02-16 05:17,966809,36937142,0,0,1,32,52056,3963682,-1,1,0,563.6,17.6,0,0.0,7033,31.3,1018865,40900824
428113,13699616,2026-02-16 05:23,966809,36937143,0,0,1,32,52056,3963682,0,0,0,563.6,17.6,0,0.0,7033,31.3,1018865,40900825
428114,13699648,2026-02-16 05:29,966809,36937143,0,0,1,32,52056,3963682,0,0,0,563.6,17.6,0,0.0,7033,31.3,1018865,40900825
428115,13699680,2026-02-16 05:36,966809,36937144,0,0,1,32,52056,3963682,0,0,0,563.6,17.6,0,0.0,7033,31.3,1018865,40900826
428116,13699712,2026-02-16 05:42,966809,36937144,0,0,0,0,52056,3963682,0,-1,0,563.6,17.6,0,0.0,7033,31.3,1018865,40900826
428117,13699744,2026-02-16 05:49,966809,36937144,0,0,0,0,52056,3963682,0,0,0,563.6,17.6,0,0.0,7033,31.3,1018865,40900826
428118,13699776,2026-02-16 05:55,966809,36937146,0,0,0,0,52056,3963682,0,0,0,563.6,17.6,0,0.0,7033,31.3,1018865,40900828
428119,13699808,2026-02-16 06:01,966809,36939146,0,0,0,0,52055,3961682,0,0,0,563.6,17.6,0,0.0,7029,31.2,1018864,40900828
428120,13699840,2026-02-16 06:08,966809,36939148,0,0,0,0,52055,3961682,0,0,0,563.6,17.6,0,0.0,7029,31.2,1018864,40900830
428121,13699872,2026-02-16 06:14,966809,36939149,0,0,0,0,52059,3961810,0,0,0,563.6,17.6,0,0.0,7029,31.2,1018868,40900959
428122,13699904,2026-02-16 06:21,966809,36939150,0,0,0,0,52059,3961810,0,0,0,563.6,17.6,0,0.0,7029,31.2,1018868,40900960
428123,13699936,2026-02-16 06:27,966809,36939151,0,0,0,0,52059,3961810,0,0,0,563.6,17.6,0,0.0,7029,31.2,1018868,40900961
428124,13699968,2026-02-16 06:33,966809,36939151,0,0,0,0,52063,3961938,0,0,0,563.6,17.6,0,0.0,7029,31.2,1018872,40901089
428125,13700000,2026-02-16 06:40,966809,36939154,0,0,0,0,52065,3962002,0,0,0,563.6,17.6,0,0.0,7029,31.2,1018874,40901156
428126,13700032,2026-02-16 06:46,966809,36939157,0,0,0,0,52065,3962002,0,0,0,563.6,17.6,0,0.0,7029,31.2,1018874,40901159
428127,13700064,2026-02-16 06:53,966809,36941158,0,0,0,0,52065,3962002,0,0,0,563.7,17.6,0,0.0,7029,31.2,1018874,40903160
428128,13700096,2026-02-16 06:59,966809,36941160,0,0,0,0,52065,3960034,0,0,0,563.7,17.6,0,0.0,7025,31.2,1018874,40901194
428129,13700128,2026-02-16 07:05,966809,36941162,0,0,0,0,52066,3960066,0,0,0,563.7,17.6,0,0.0,7025,31.2,1018875,40901228
428130,13700160,2026-02-16 07:12,966809,36941163,0,0,0,0,52066,3960066,0,0,0,563.7,17.6,0,0.0,7025,31.2,1018875,40901229
428131,13700192,2026-02-16 07:18,966809,36941167,0,0,0,0,52077,3960529,0,0,0,563.7,17.6,0,0.0,7026,31.2,1018886,40901696
428132,13700224,2026-02-16 07:25,966809,36941168,0,0,0,0,52080,3960625,0,0,0,563.7,17.6,0,0.0,7026,31.2,1018889,40901793
428133,13700256,2026-02-16 07:31,966809,36941169,0,0,0,0,52080,3960625,0,0,0,563.7,17.6,0,0.0,7026,31.2,1018889,40901794
428134,13700288,2026-02-16 07:37,966809,36943169,0,0,0,0,52079,3958625,0,0,0,563.7,17.6,0,0.0,7022,31.2,1018888,40901794
428135,13700320,2026-02-16 07:44,966809,36943170,0,0,0,0,52091,3959009,0,0,0,563.7,17.6,0,0.0,7023,31.2,1018900,40902179
428136,13700352,2026-02-16 07:50,966809,36943175,0,0,0,0,52093,3959041,0,0,0,563.7,17.6,0,0.0,7023,31.2,1018902,40902216
428137,13700384,2026-02-16 07:57,966809,36943149,0,0,0,0,52095,3959073,0,0,0,563.7,17.6,0,0.0,7023,31.2,1018904,40902222
428138,13700416,2026-02-16 08:03,966809,36943149,0,0,0,0,52096,3959073,0,0,0,563.7,17.6,0,0.0,7023,31.2,1018905,40902222
428139,13700448,2026-02-16 08:09,966809,36943119,0,0,0,0,52096,3959073,0,0,0,563.7,17.6,0,0.0,7023,31.2,1018905,40902192
428140,13700480,2026-02-16 08:16,966809,36943121,0,0,0,0,52100,3959073,0,0,0,563.7,17.6,0,0.0,7023,31.2,1018909,40902194
428141,13700512,2026-02-16 08:22,966809,36943121,0,0,0,0,52100,3959073,0,0,0,563.7,17.6,0,0.0,7023,31.2,1018909,40902194
428142,13700544,2026-02-16 08:29,966809,36945123,0,0,0,0,52100,3959073,0,0,0,563.7,17.6,0,0.0,7023,31.2,1018909,40904196
428143,13700576,2026-02-16 08:35,966805,36944997,0,0,4,128,52100,3957105,-4,4,0,563.7,17.6,0,0.0,7019,31.2,1018905,40902102
428144,13700608,2026-02-16 08:41,966805,36944499,0,0,4,128,52100,3957105,0,0,0,563.7,17.6,0,0.0,7020,31.2,1018905,40901604
428145,13700640,2026-02-16 08:48,966805,36944503,0,0,4,128,52100,3957105,0,0,0,563.7,17.6,0,0.0,7020,31.2,1018905,40901608
428146,13700672,2026-02-16 08:54,966805,36944504,0,0,4,128,52100,3957105,0,0,0,563.7,17.6,0,0.0,7020,31.2,1018905,40901609
428147,13700704,2026-02-16 09:01,966805,36944506,0,0,0,0,52101,3957137,0,-4,0,563.7,17.6,0,0.0,7020,31.2,1018906,40901643
428148,13700736,2026-02-16 09:07,966805,36944507,0,0,0,0,52103,3957153,0,0,0,563.7,17.6,0,0.0,7020,31.2,1018908,40901660
428149,13700768,2026-02-16 09:13,966803,36944444,0,0,2,64,52105,3957153,-2,2,0,563.7,17.6,0,0.0,7020,31.2,1018908,40901597
428150,13700800,2026-02-16 09:20,966797,36946253,0,0,8,256,52108,3957249,-6,6,0,563.8,17.6,1,0.0,7019,31.2,1018905,40903502
428151,13700832,2026-02-16 09:26,966789,36945999,0,0,16,512,52109,3955249,-8,8,0,563.8,17.6,2,0.0,7016,31.2,1018898,40901248
428152,13700864,2026-02-16 09:33,966781,36945746,0,0,24,768,52111,3955313,-8,8,0,563.7,17.6,3,0.0,7016,31.2,1018892,40901059
428153,13700896,2026-02-16 09:39,966774,36945522,0,0,29,928,52116,3955377,-7,5,0,563.7,17.6,4,0.0,7016,31.2,1018890,40900899
428154,13700928,2026-02-16 09:45,966773,36945491,0,0,24,768,52119,3955441,-1,-5,0,563.7,17.6,3,0.0,7016,31.2,1018892,40900932
428155,13700960,2026-02-16 09:52,966773,36945462,0,0,16,512,52123,3955473,0,-8,0,563.7,17.6,2,0.0,7016,31.2,1018896,40900935
428156,13700992,2026-02-16 09:58,966773,36945463,0,0,9,288,52127,3955473,0,-7,0,563.7,17.6,1,0.0,7016,31.2,1018900,40900936
428157,13701024,2026-02-16 10:05,966771,36945403,0,0,4,128,52131,3956881,-2,-5,0,563.7,17.6,0,0.0,7019,31.2,1018902,40902284
428158,13701056,2026-02-16 10:11,966768,36947306,0,0,5,162,52128,3954721,-3,1,0,563.8,17.6,1,0.0,7015,31.2,1018896,40902027
428159,13701088,2026-02-16 10:17,966767,36947276,5,160,6,194,52122,3954497,-1,1,5,563.8,17.6,1,0.0,7014,31.2,1018889,40901773
428160,13701120,2026-02-16 10:24,966763,36947150,13,416,10,322,52117,3954273,-4,4,8,563.8,17.6,1,0.0,7014,31.2,1018880,40901423
428161,13701152,2026-02-16 10:30,966760,36947181,21,672,11,354,52115,3954146,-3,1,8,563.8,17.6,1,0.0,7014,31.2,1018875,40901327
428162,13701184,2026-02-16 10:37,966755,36947045,25,800,13,416,52106,3953894,-5,2,4,563.8,17.6,2,0.0,7013,31.2,1018861,40900939
428163,13701216,2026-02-16 10:43,966749,36946856,32,1024,18,576,52099,3953668,-6,5,7,563.8,17.6,2,0.0,7013,31.2,1018848,40900524
428164,13701248,2026-02-16 10:49,966748,36946827,39,1280,19,608,52091,3953412,-1,1,7,563.8,17.6,2,0.0,7013,31.2,1018839,40900239
428165,13701280,2026-02-16 10:56,966751,36946924,42,1376,21,672,52083,3953156,3,2,3,563.8,17.6,3,0.0,7012,31.2,1018834,40900080
428166,13701312,2026-02-16 11:02,966755,36947053,42,1376,25,800,52075,3952900,4,4,0,563.8,17.6,3,0.0,7012,31.2,1018830,40899953
428167,13701344,2026-02-16 11:09,966759,36947183,42,1376,29,928,52067,3952644,4,4,0,563.8,17.6,4,0.0,7011,31.2,1018826,40899827
428168,13701376,2026-02-16 11:15,966762,36947281,46,1504,30,960,52060,3952420,3,1,4,563.8,17.6,4,0.0,7011,31.2,1018822,40899701
428169,13701408,2026-02-16 11:21,966769,36947506,47,1536,30,960,52057,3952324,7,0,1,563.8,17.6,4,0.0,7010,31.2,1018826,40899830
428170,13701440,2026-02-16 11:28,966776,36947764,48,1536,30,960,52051,3952095,7,0,1,563.8,17.6,4,0.0,7010,31.2,1018827,40899859
428171,13701472,2026-02-16 11:34,966784,36948023,48,1536,30,960,52043,3951839,8,0,0,563.8,17.6,4,0.0,7010,31.2,1018827,40899862
428172,13701504,2026-02-16 11:41,966792,36948282,48,1536,26,832,52035,3951583,8,-4,0,563.8,17.6,3,0.0,7009,31.2,1018827,40899865
428173,13701536,2026-02-16 11:47,966800,36948540,48,1536,18,576,52027,3951327,8,-8,0,563.8,17.6,2,0.0,7009,31.2,1018827,40899867
428174,13701568,2026-02-16 11:53,966808,36948798,48,1536,10,320,52025,3951263,8,-8,0,563.8,17.6,1,0.0,7008,31.1,1018833,40900061
428175,13701600,2026-02-16 12:00,966816,36949055,42,1344,2,64,52025,3951263,8,-8,-6,563.8,17.6,0,0.0,7008,31.1,1018841,40900318
428176,13701632,2026-02-16 12:06,966823,36949246,34,1088,1,92,52023,3950738,7,-1,-8,563.8,17.6,0,0.0,7007,31.1,1018846,40899984
428177,13701664,2026-02-16 12:13,966830,36949355,27,1332,2,243,52027,3950866,7,1,-7,563.8,17.6,0,0.0,7008,31.1,1018857,40900221
428178,13701696,2026-02-16 12:19,966838,36949613,19,1076,2,243,52027,3950866,8,0,-8,563.8,17.6,0,0.0,7007,31.1,1018865,40900479
428179,13701728,2026-02-16 12:25,966846,36950683,11,820,2,243,52022,3949926,8,0,-8,563.8,17.6,0,0.0,7006,31.1,1018868,40900609
428180,13701760,2026-02-16 12:32,966850,36950812,7,692,5,279,52015,3949702,4,3,-4,563.8,17.6,1,0.0,7005,31.1,1018865,40900514
428181,13701792,2026-02-16 12:38,966852,36950878,13,884,4,128,52017,3949766,2,-1,6,563.8,17.6,0,0.0,7005,31.1,1018869,40900644
428182,13701824,2026-02-16 12:45,966852,36950879,16,980,4,128,52018,3949798,0,0,3,563.8,17.6,0,0.0,7005,31.1,1018870,40900677
428183,13701856,2026-02-16 12:51,966853,36951380,15,480,4,128,52027,3950086,1,0,-1,563.8,17.6,0,0.0,7006,31.1,1018880,40901466
428184,13701888,2026-02-16 12:57,966853,36952148,15,480,3,96,52021,3949158,0,-1,0,563.8,17.6,0,0.0,7004,31.1,1018874,40901306
428185,13701920,2026-02-16 13:04,966850,36952053,20,640,3,96,52013,3948902,-3,0,5,563.8,17.6,0,0.0,7004,31.1,1018863,40900955
428186,13701952,2026-02-16 13:10,966852,36952120,24,768,5,160,52005,3948646,2,2,4,563.8,17.6,1,0.0,7003,31.1,1018857,40900766
428187,13701984,2026-02-16 13:17,966860,36952379,24,768,5,160,52005,3948646,8,0,0,563.8,17.6,1,0.0,7003,31.1,1018865,40901025
428188,13702016,2026-02-16 13:23,966863,36952477,29,928,5,160,51997,3948395,3,0,5,563.9,17.6,1,0.0,7003,31.1,1018860,40900872
428189,13702048,2026-02-16 13:29,966863,36952477,37,1184,2,64,51996,3948363,0,-3,8,563.9,17.6,0,0.0,7003,31.1,1018859,40900840
428190,13702080,2026-02-16 13:36,966863,36952479,45,1440,0,0,51988,3948107,0,-2,8,563.9,17.6,0,0.0,7002,31.1,1018851,40900586
428191,13702112,2026-02-16 13:42,966868,36952641,48,1536,0,0,51980,3947851,5,0,3,563.9,17.6,0,0.0,7002,31.1,1018848,40900492
428192,13702144,2026-02-16 13:49,966876,36952898,48,1536,0,0,51973,3947659,8,0,0,563.9,17.6,0,0.0,7001,31.1,1018849,40900557
428193,13702176,2026-02-16 13:55,966884,36953158,48,1536,0,0,51965,3947403,8,0,0,563.9,17.6,0,0.0,7001,31.1,1018849,40900561
428194,13702208,2026-02-16 14:01,966892,36953415,48,1536,0,0,51957,3947147,8,0,0,563.9,17.6,0,0.0,7000,31.1,1018849,40900562
428195,13702240,2026-02-16 14:08,966900,36953673,48,1536,0,0,51949,3946891,8,0,0,563.9,17.6,0,0.0,7000,31.1,1018849,40900564
428196,13702272,2026-02-16 14:14,966908,36953929,48,1536,0,0,51941,3946635,8,0,0,563.9,17.6,0,0.0,6999,31.1,1018849,40900564
428197,13702304,2026-02-16 14:21,966916,36954186,48,1536,0,0,51938,3946540,8,0,0,563.9,17.6,0,0.0,6999,31.1,1018854,40900726
428198,13702336,2026-02-16 14:27,966924,36954442,48,1536,0,0,51930,3946284,8,0,0,563.9,17.6,0,0.0,6998,31.1,1018854,40900726
428199,13702368,2026-02-16 14:33,966926,36954506,48,1536,6,192,51922,3946028,2,6,0,563.9,17.6,1,0.0,6998,31.1,1018848,40900534
428200,13702400,2026-02-16 14:40,966934,36954762,48,1536,6,192,51914,3945772,8,0,0,563.9,17.6,1,0.0,6997,31.1,1018848,40900534
428201,13702432,2026-02-16 14:46,966942,36955019,48,1536,6,192,51906,3945516,8,0,0,563.9,17.6,1,0.0,6997,31.1,1018848,40900535
428202,13702464,2026-02-16 14:53,966949,36955246,48,1536,7,224,51898,3945260,7,1,0,563.9,17.6,1,0.0,6996,31.1,1018847,40900506
428203,13702496,2026-02-16 14:59,966957,36955502,48,1536,1,32,51890,3945004,8,-6,0,563.9,17.6,0,0.0,6996,31.1,1018847,40900506
428204,13702528,2026-02-16 15:05,966965,36955758,48,1536,1,32,51891,3945036,8,0,0,563.9,17.6,0,0.0,6996,31.1,1018856,40900794
428205,13702560,2026-02-16 15:12,966973,36956015,40,1280,1,32,51893,3945379,8,0,-8,563.9,17.6,0,0.0,6997,31.1,1018866,40901394
428206,13702592,2026-02-16 15:18,966981,36956273,32,1024,0,0,51896,3945475,8,-1,-8,563.9,17.6,0,0.0,6997,31.1,1018877,40901748
428207,13702624,2026-02-16 15:25,966989,36956532,24,768,0,0,51896,3945475,8,0,-8,563.9,17.6,0,0.0,6997,31.1,1018885,40902007
428208,13702656,2026-02-16 15:31,966997,36956790,16,512,0,0,51896,3945475,8,0,-8,563.9,17.6,0,0.0,6997,31.1,1018893,40902265
428209,13702688,2026-02-16 15:37,967005,36957049,8,256,0,0,51898,3945539,8,0,-8,563.9,17.6,0,0.0,6997,31.1,1018903,40902588
428210,13702720,2026-02-16 15:44,967013,36957305,0,0,0,0,51898,3945539,8,0,-8,563.9,17.6,0,0.0,6997,31.1,1018911,40902844
428211,13702752,2026-02-16 15:50,967013,36957306,0,0,0,0,51897,3943619,0,0,0,563.9,17.6,0,0.0,6993,31.1,1018910,40900925
428212,13702784,2026-02-16 15:57,967013,36957306,1,1920,0,0,51898,3943651,0,0,1,563.9,17.6,0,0.0,6993,31.1,1018911,40900957
428213,13702816,2026-02-16 16:03,967012,36957276,1,1920,1,32,51898,3943651,-1,1,0,563.9,17.6,0,0.0,6993,31.1,1018910,40900927
428214,13702848,2026-02-16 16:09,967012,36957276,1,1920,1,32,51898,3943651,0,0,0,563.9,17.6,0,0.0,6993,31.1,1018910,40900927
428215,13702880,2026-02-16 16:16,967012,36957278,1,1920,1,32,51898,3943651,0,0,0,563.9,17.6,0,0.0,6993,31.1,1018910,40900929
428216,13702912,2026-02-16 16:22,967012,36957281,1,1920,1,32,51898,3943651,0,0,0,563.9,17.6,0,0.0,6993,31.1,1018910,40900932
428217,13702944,2026-02-16 16:29,967012,36957281,1,1920,0,0,51898,3943651,0,-1,0,563.9,17.6,0,0.0,6993,31.1,1018910,40900932
428218,13702976,2026-02-16 16:35,967005,36958947,0,0,8,256,51897,3941731,-7,8,-1,563.9,17.6,1,0.0,6990,31.1,1018902,40900678
428219,13703008,2026-02-16 16:41,967005,36958948,1,1920,8,256,51898,3941763,0,0,1,563.9,17.6,1,0.0,6990,31.1,1018903,40900711
428220,13703040,2026-02-16 16:48,967005,36958949,1,1920,8,256,51898,3941763,0,0,0,563.9,17.6,1,0.0,6990,31.1,1018903,40900712
428221,13703072,2026-02-16 16:54,967005,36958950,1,1920,8,256,51898,3941763,0,0,0,563.9,17.6,1,0.0,6990,31.1,1018903,40900713
428222,13703104,2026-02-16 17:01,967005,36958952,1,1920,0,0,51898,3941763,0,-8,0,563.9,17.6,0,0.0,6990,31.1,1018903,40900715
428223,13703136,2026-02-16 17:07,967005,36958953,1,1920,0,0,51899,3941763,0,0,0,563.9,17.6,0,0.0,6990,31.1,1018904,40900716
428224,13703168,2026-02-16 17:13,967005,36958955,1,1920,0,0,51900,3942508,0,0,0,563.9,17.6,0,0.0,6991,31.1,1018905,40901463
428225,13703200,2026-02-16 17:20,967006,36960876,0,0,0,0,51902,3942572,1,0,-1,564.0,17.6,0,0.0,6991,31.1,1018908,40903448
428226,13703232,2026-02-16 17:26,967006,36960878,0,0,0,0,51901,3940652,0,0,0,564.0,17.6,0,0.0,6987,31.1,1018907,40901530
428227,13703264,2026-02-16 17:33,967005,36960848,1,1920,1,32,51909,3940908,-1,1,1,564.0,17.6,0,0.0,6988,31.1,1018914,40901756
428228,13703296,2026-02-16 17:39,967005,36960848,1,1920,1,32,51909,3940908,0,0,0,564.0,17.6,0,0.0,6988,31.1,1018914,40901756
428229,13703328,2026-02-16 17:45,967005,36960849,1,1920,1,32,51909,3940908,0,0,0,564.0,17.6,0,0.0,6988,31.1,1018914,40901757
428230,13703360,2026-02-16 17:52,967005,36960850,1,1920,1,32,51909,3940908,0,0,0,564.0,17.6,0,0.0,6988,31.1,1018914,40901758
428231,13703392,2026-02-16 17:58,967005,36960851,1,1920,0,0,51909,3940908,0,-1,0,564.0,17.6,0,0.0,6988,31.1,1018914,40901759
428232,13703424,2026-02-16 18:05,967005,36960851,1,1920,0,0,51909,3940908,0,0,0,564.0,17.6,0,0.0,6988,31.1,1018914,40901759
428233,13703456,2026-02-16 18:11,967006,36962771,0,0,0,0,51911,3939084,1,0,-1,564.0,17.6,0,0.0,6984,31.0,1018917,40901855
428234,13703488,2026-02-16 18:17,967006,36962777,1,1920,0,0,51918,3939308,0,0,1,564.0,17.6,0,0.0,6984,31.0,1018924,40902085
428235,13703520,2026-02-16 18:24,967006,36962780,1,1920,0,0,51918,3939308,0,0,0,564.0,17.6,0,0.0,6984,31.0,1018924,40902088
428236,13703552,2026-02-16 18:30,967006,36962784,1,1920,0,0,51918,3939308,0,0,0,564.0,17.6,0,0.0,6984,31.0,1018924,40902092
428237,13703584,2026-02-16 18:37,967006,36962786,1,1920,0,0,51922,3939436,0,0,0,564.0,17.6,0,0.0,6985,31.0,1018928,40902222
428238,13703616,2026-02-16 18:43,967005,36962755,1,1920,1,32,51922,3939436,-1,1,0,564.0,17.6,0,0.0,6985,31.0,1018927,40902191
428239,13703648,2026-02-16 18:49,967005,36962755,1,1920,1,32,51923,3939468,0,0,0,564.0,17.6,0,0.0,6985,31.0,1018928,40902223
428240,13703680,2026-02-16 18:56,967006,36964676,0,0,1,32,51924,3939500,1,0,-1,564.0,17.6,0,0.0,6984,31.0,1018930,40904176
428241,13703712,2026-02-16 19:02,967006,36964676,0,0,1,32,51923,3937580,0,0,0,564.0,17.6,0,0.0,6981,31.0,1018929,40902256
428242,13703744,2026-02-16 19:09,967006,36964677,1,1920,0,0,51923,3937580,0,-1,1,564.0,17.6,0,0.0,6981,31.0,1018929,40902257
428243,13703776,2026-02-16 19:15,967006,36964679,1,1920,0,0,51923,3937580,0,0,0,564.0,17.6,0,0.0,6981,31.0,1018929,40902259
428244,13703808,2026-02-16 19:21,967006,36964680,1,1920,0,0,51926,3937676,0,0,0,564.0,17.6,0,0.0,6981,31.0,1018932,40902356
428245,13703840,2026-02-16 19:28,967006,36964682,1,1920,0,0,51926,3937676,0,0,0,564.0,17.6,0,0.0,6981,31.0,1018932,40902358
428246,13703872,2026-02-16 19:34,967006,36964684,1,1920,0,0,51927,3937708,0,0,0,564.0,17.6,0,0.0,6981,31.0,1018933,40902392
428247,13703904,2026-02-16 19:41,967006,36964688,1,1920,0,0,51927,3937708,0,0,0,564.0,17.6,0,0.0,6981,31.0,1018933,40902396
428248,13703936,2026-02-16 19:47,967007,36966609,0,0,0,0,51926,3935788,1,0,-1,564.1,17.6,0,0.0,6978,31.0,1018933,40902397
428249,13703968,2026-02-16 19:53,967007,36966609,1,1920,0,0,51926,3935788,0,0,1,564.1,17.6,0,0.0,6978,31.0,1018933,40902397
428250,13704000,2026-02-16 20:00,967007,36966610,1,1920,0,0,51926,3935788,0,0,0,564.1,17.6,0,0.0,6978,31.0,1018933,40902398
428251,13704032,2026-02-16 20:06,967006,36966581,1,1920,1,32,51928,3935898,-1,1,0,564.1,17.6,0,0.0,6978,31.0,1018934,40902479
428252,13704064,2026-02-16 20:13,967006,36966582,1,1920,1,32,51928,3935898,0,0,0,564.1,17.6,0,0.0,6978,31.0,1018934,40902480
428253,13704096,2026-02-16 20:19,967006,36966583,1,1920,1,32,51928,3935898,0,0,0,564.1,17.6,0,0.0,6978,31.0,1018934,40902481
428254,13704128,2026-02-16 20:25,967002,36966457,1,1920,5,160,51929,3935930,-4,4,0,564.1,17.6,1,0.0,6978,31.0,1018931,40902387
428255,13704160,2026-02-16 20:32,966887,36964666,0,0,120,3840,51929,3935930,-115,115,-1,564.0,17.6,15,0.1,6978,31.0,1018816,40900596
428256,13704192,2026-02-16 20:38,966806,36962075,0,0,201,6432,51928,3934010,-81,81,0,564.0,17.6,25,0.1,6975,31.0,1018734,40896085
428257,13704224,2026-02-16 20:45,966791,36961595,1,1920,216,6912,51929,3934042,-15,15,1,564.0,17.6,27,0.1,6975,31.0,1018720,40895637
428258,13704256,2026-02-16 20:51,966780,36961243,1,1920,223,7136,51930,3934074,-11,7,0,564.0,17.6,28,0.1,6976,31.0,1018710,40895317
428259,13704288,2026-02-16 20:57,966768,36960862,1,1920,218,6976,51930,3934074,-12,-5,0,564.0,17.6,27,0.1,6976,31.0,1018698,40894936
428260,13704320,2026-02-16 21:04,966768,36960865,1,1920,200,6400,51930,3934074,0,-18,0,564.0,17.6,25,0.1,6976,31.0,1018698,40894939
428261,13704352,2026-02-16 21:10,966748,36960226,1,1920,203,6496,51930,3934074,-20,3,0,564.0,17.6,25,0.1,6976,31.0,1018678,40894300
428262,13704384,2026-02-16 21:17,966730,36959651,1,1920,203,6496,51931,3934106,-18,0,0,564.0,17.6,25,0.1,6976,31.0,1018661,40893757
428263,13704416,2026-02-16 21:23,966719,36961189,0,0,197,6304,51930,3932186,-11,-6,-1,564.0,17.6,25,0.1,6972,31.0,1018649,40893375
428264,13704448,2026-02-16 21:29,966719,36961191,1,1920,186,5952,51942,3932570,0,-11,1,564.0,17.6,23,0.1,6973,31.0,1018661,40893761
428265,13704480,2026-02-16 21:36,966719,36961194,1,1920,178,5696,51951,3932858,0,-8,0,564.0,17.6,22,0.1,6973,31.0,1018670,40894052
428266,13704512,2026-02-16 21:42,966719,36961198,1,1920,170,5440,51951,3932858,0,-8,0,564.0,17.6,21,0.1,6973,31.0,1018670,40894056
428267,13704544,2026-02-16 21:49,966719,36961200,1,1920,162,5184,51951,3932858,0,-8,0,564.0,17.6,20,0.1,6973,31.0,1018670,40894058
428268,13704576,2026-02-16 21:55,966719,36961201,1,1920,154,4928,51951,3932858,0,-8,0,564.0,17.6,19,0.1,6973,31.0,1018670,40894059
428269,13704608,2026-02-16 22:01,966719,36961202,1,1920,146,4672,51952,3932890,0,-8,0,564.0,17.6,18,0.1,6973,31.0,1018671,40894092
428270,13704640,2026-02-16 22:08,966720,36963123,0,0,138,4416,52019,3935034,1,-8,-1,564.0,17.6,17,0.1,6977,31.0,1018739,40898157
428271,13704672,2026-02-16 22:14,966720,36963123,0,0,130,4160,52041,3933850,0,-8,0,564.0,17.6,16,0.1,6975,31.0,1018761,40896973
428272,13704704,2026-02-16 22:21,966720,36963126,1,1920,122,3904,52097,3935642,0,-8,1,564.0,17.6,15,0.1,6978,31.0,1018817,40898768
428273,13704736,2026-02-16 22:27,966720,36963129,1,1920,114,3648,52127,3936602,0,-8,0,564.0,17.6,14,0.1,6980,31.0,1018847,40899731
428274,13704768,2026-02-16 22:33,966720,36963132,1,1920,106,3392,52127,3936602,0,-8,0,564.0,17.6,13,0.1,6980,31.0,1018847,40899734
428275,13704800,2026-02-16 22:40,966720,36963132,1,1920,98,3136,52134,3936826,0,-8,0,564.0,17.6,12,0.1,6980,31.0,1018854,40899958
428276,13704832,2026-02-16 22:46,966720,36963133,1,1920,90,2880,52136,3936890,0,-8,0,564.0,17.6,11,0.0,6980,31.0,1018856,40900023
428277,13704864,2026-02-16 22:53,966720,36963136,1,1920,82,2624,52142,3937082,0,-8,0,564.0,17.6,10,0.0,6980,31.0,1018862,40900218
428278,13704896,2026-02-16 22:59,966720,36965025,0,0,75,2400,52143,3935226,0,-7,-1,564.0,17.6,9,0.0,6977,31.0,1018863,40900251
428279,13704928,2026-02-16 23:05,966720,36965028,1,1920,67,2144,52146,3935322,0,-8,1,564.0,17.6,8,0.0,6977,31.0,1018866,40900350
428280,13704960,2026-02-16 23:12,966720,36965031,1,1920,59,1888,52146,3935322,0,-8,0,564.0,17.6,7,0.0,6977,31.0,1018866,40900353
428281,13704992,2026-02-16 23:18,966720,36965034,1,1920,51,1632,52148,3935386,0,-8,0,564.0,17.6,6,0.0,6977,31.0,1018868,40900420
428282,13705024,2026-02-16 23:25,966720,36965035,1,1920,43,1376,52148,3935386,0,-8,0,564.0,17.6,5,0.0,6977,31.0,1018868,40900421
428283,13705056,2026-02-16 23:31,966720,36965037,1,1920,35,1120,52148,3935386,0,-8,0,564.0,17.6,4,0.0,6977,31.0,1018868,40900423
428284,13705088,2026-02-16 23:37,966720,36965040,1,1920,27,864,52151,3935455,0,-8,0,564.0,17.6,3,0.0,6977,31.0,1018871,40900495
428285,13705120,2026-02-16 23:44,966721,36966963,0,0,19,608,52151,3935455,1,-8,-1,564.1,17.6,2,0.0,6977,31.0,1018872,40902418
428286,13705152,2026-02-16 23:50,966721,36966963,0,0,11,352,52152,3935487,0,-8,0,564.1,17.6,1,0.0,6977,31.0,1018873,40902450
428287,13705184,2026-02-16 23:57,966721,36966965,1,1920,3,96,52154,3933663,0,-8,1,564.1,17.6,0,0.0,6974,31.0,1018875,40900628
428288,13705216,2026-02-17 00:03,966721,36966967,1,1920,1,32,52154,3933663,0,-2,0,564.1,17.6,0,0.0,6974,31.0,1018875,40900630
428289,13705248,2026-02-17 00:09,966721,36966967,1,1920,0,0,52154,3933663,0,-1,0,564.1,17.6,0,0.0,6974,31.0,1018875,40900630
428290,13705280,2026-02-17 00:16,966721,36966969,1,1920,0,0,52157,3933823,0,0,0,564.1,17.6,0,0.0,6974,31.0,1018878,40900792
428291,13705312,2026-02-17 00:22,966721,36966969,1,1920,0,0,52160,3933919,0,0,0,564.1,17.6,0,0.0,6974,31.0,1018881,40900888
428292,13705344,2026-02-17 00:29,966713,36966716,1,1920,8,256,52160,3933919,-8,8,0,564.1,17.6,1,0.0,6974,31.0,1018873,40900635
428293,13705376,2026-02-17 00:35,966704,36968318,0,0,18,576,52161,3933951,-9,10,-1,564.1,17.6,2,0.0,6974,31.0,1018865,40902269
428294,13705408,2026-02-17 00:41,966704,36968318,1,1920,18,576,52161,3932063,0,0,1,564.1,17.6,2,0.0,6971,31.0,1018865,40900381
428295,13705440,2026-02-17 00:48,966704,36968320,1,1920,18,576,52162,3932095,0,0,0,564.1,17.6,2,0.0,6971,31.0,1018866,40900415
428296,13705472,2026-02-17 00:54,966704,36968321,1,1920,10,320,52162,3932095,0,-8,0,564.1,17.6,1,0.0,6971,31.0,1018866,40900416
428297,13705504,2026-02-17 01:01,966704,36968323,1,1920,2,64,52162,3932095,0,-8,0,564.1,17.6,0,0.0,6971,31.0,1018866,40900418
428298,13705536,2026-02-17 01:07,966696,36968069,1,1920,8,256,52162,3932095,-8,6,0,564.1,17.6,1,0.0,6971,31.0,1018858,40900164
428299,13705568,2026-02-17 01:13,966696,36968072,1,1920,8,256,52162,3932095,0,0,0,564.1,17.6,1,0.0,6971,31.0,1018858,40900167
428300,13705600,2026-02-17 01:20,966697,36969995,0,0,8,256,52170,3932351,1,0,-1,564.1,17.6,1,0.0,6971,31.0,1018867,40902346
428301,13705632,2026-02-17 01:26,966697,36969998,0,0,8,256,52169,3930431,0,0,0,564.1,17.6,1,0.0,6967,31.0,1018866,40900429
428302,13705664,2026-02-17 01:33,966697,36970000,1,1920,1,32,52169,3930431,0,-7,1,564.1,17.6,0,0.0,6967,31.0,1018866,40900431
428303,13705696,2026-02-17 01:39,966697,36970000,1,1920,0,0,52169,3930431,0,-1,0,564.1,17.6,0,0.0,6967,31.0,1018866,40900431
428304,13705728,2026-02-17 01:45,966697,36970001,1,1920,0,0,52169,3930431,0,0,0,564.1,17.6,0,0.0,6967,31.0,1018866,40900432
428305,13705760,2026-02-17 01:52,966697,36970003,1,1920,0,0,52169,3930431,0,0,0,564.1,17.6,0,0.0,6967,31.0,1018866,40900434
428306,13705792,2026-02-17 01:58,966697,36970003,1,1920,0,0,52170,3930463,0,0,0,564.1,17.6,0,0.0,6967,31.0,1018867,40900466
428307,13705824,2026-02-17 02:05,966697,36970006,1,1920,0,0,52170,3930463,0,0,0,564.1,17.6,0,0.0,6967,31.0,1018867,40900469
428308,13705856,2026-02-17 02:11,966698,36971928,0,0,0,0,52177,3928799,1,0,-1,564.1,17.6,0,0.0,6964,31.0,1018875,40900727
428309,13705888,2026-02-17 02:17,966698,36971929,1,1920,0,0,52177,3928799,0,0,1,564.1,17.6,0,0.0,6964,31.0,1018875,40900728
428310,13705920,2026-02-17 02:24,966698,36971933,1,1920,0,0,52177,3928799,0,0,0,564.1,17.6,0,0.0,6964,31.0,1018875,40900732
428311,13705952,2026-02-17 02:30,966698,36971933,1,1920,0,0,52177,3928799,0,0,0,564.1,17.6,0,0.0,6964,31.0,1018875,40900732
428312,13705984,2026-02-17 02:37,966698,36971933,1,1920,0,0,52177,3928799,0,0,0,564.1,17.6,0,0.0,6964,31.0,1018875,40900732
428313,13706016,2026-02-17 02:43,966698,36971933,1,1920,0,0,52177,3928799,0,0,0,564.1,17.6,0,0.0,6964,31.0,1018875,40900732
428314,13706048,2026-02-17 02:49,966698,36971934,1,1920,0,0,52178,3928831,0,0,0,564.1,17.6,0,0.0,6964,31.0,1018876,40900765
428315,13706080,2026-02-17 02:56,966699,36973855,0,0,0,0,52178,3928831,1,0,-1,564.2,17.6,0,0.0,6964,31.0,1018877,40902686
428316,13706112,2026-02-17 03:02,966699,36973856,0,0,0,0,52178,3928831,0,0,0,564.2,17.6,0,0.0,6964,31.0,1018877,40902687
428317,13706144,2026-02-17 03:09,966699,36973859,1,1920,0,0,52178,3927150,0,0,1,564.2,17.6,0,0.0,6961,30.9,1018877,40901009
428318,13706176,2026-02-17 03:15,966699,36973861,1,1920,0,0,52178,3927150,0,0,0,564.2,17.6,0,0.0,6961,30.9,1018877,40901011
428319,13706208,2026-02-17 03:21,966699,36973862,1,1920,0,0,52189,3927502,0,0,0,564.2,17.6,0,0.0,6961,30.9,1018888,40901364
428320,13706240,2026-02-17 03:28,966699,36973863,1,1920,0,0,52192,3927598,0,0,0,564.2,17.6,0,0.0,6962,30.9,1018891,40901461
428321,13706272,2026-02-17 03:34,966699,36973865,1,1920,0,0,52192,3927598,0,0,0,564.2,17.6,0,0.0,6962,30.9,1018891,40901463
428322,13706304,2026-02-17 03:41,966699,36973866,1,1920,0,0,52193,3927630,0,0,0,564.2,17.6,0,0.0,6962,30.9,1018892,40901496
428323,13706336,2026-02-17 03:47,966700,36975791,0,0,0,0,52192,3925710,1,0,-1,564.2,17.6,0,0.0,6958,30.9,1018892,40901501
428324,13706368,2026-02-17 03:53,966700,36975792,1,1920,0,0,52193,3926082,0,0,1,564.2,17.6,0,0.0,6959,30.9,1018893,40901874
428325,13706400,2026-02-17 04:00,966700,36975793,1,1920,0,0,52193,3926082,0,0,0,564.2,17.6,0,0.0,6959,30.9,1018893,40901875
428326,13706432,2026-02-17 04:06,966700,36975794,1,1920,0,0,52193,3926082,0,0,0,564.2,17.6,0,0.0,6959,30.9,1018893,40901876
428327,13706464,2026-02-17 04:13,966700,36975796,1,1920,0,0,52193,3926082,0,0,0,564.2,17.6,0,0.0,6959,30.9,1018893,40901878
428328,13706496,2026-02-17 04:19,966700,36975798,1,1920,0,0,52194,3926114,0,0,0,564.2,17.6,0,0.0,6959,30.9,1018894,40901912
428329,13706528,2026-02-17 04:25,966699,36975767,1,1920,1,32,52194,3926114,-1,1,0,564.2,17.6,0,0.0,6959,30.9,1018893,40901881
428330,13706560,2026-02-17 04:32,966697,36977592,0,0,4,128,52194,3926114,-2,3,-1,564.2,17.6,0,0.0,6958,30.9,1018891,40903706
428331,13706592,2026-02-17 04:38,966673,36976825,0,0,28,896,52193,3924194,-24,24,0,564.2,17.6,4,0.0,6955,30.9,1018866,40901019
428332,13706624,2026-02-17 04:45,966671,36976762,1,1920,30,960,52193,3924194,-2,2,1,564.2,17.6,4,0.0,6955,30.9,1018864,40900956
428333,13706656,2026-02-17 04:51,966666,36976604,1,1920,34,1088,52195,3924258,-5,4,0,564.2,17.6,4,0.0,6955,30.9,1018861,40900862
428334,13706688,2026-02-17 04:57,966665,36976574,1,1920,32,1024,52195,3924258,-1,-2,0,564.2,17.6,4,0.0,6955,30.9,1018860,40900832
428335,13706720,2026-02-17 05:04,966665,36976574,1,1920,24,768,52195,3924258,0,-8,0,564.2,17.6,3,0.0,6955,30.9,1018860,40900832
428336,13706752,2026-02-17 05:10,966665,36976576,1,1920,16,512,52195,3924258,0,-8,0,564.2,17.6,2,0.0,6955,30.9,1018860,40900834
428337,13706784,2026-02-17 05:17,966665,36976582,1,1920,8,256,52195,3924258,0,-8,0,564.2,17.6,1,0.0,6955,30.9,1018860,40900840
428338,13706816,2026-02-17 05:23,966666,36978505,0,0,0,0,52209,3922818,1,-8,-1,564.2,17.6,0,0.0,6952,30.9,1018875,40901323
428339,13706848,2026-02-17 05:29,966666,36978506,1,1920,0,0,52209,3922818,0,0,1,564.2,17.6,0,0.0,6952,30.9,1018875,40901324
428340,13706880,2026-02-17 05:36,966666,36978509,1,1920,0,0,52209,3922818,0,0,0,564.2,17.6,0,0.0,6952,30.9,1018875,40901327
428341,13706912,2026-02-17 05:42,966666,36978512,1,1920,0,0,52209,3922818,0,0,0,564.2,17.6,0,0.0,6952,30.9,1018875,40901330
428342,13706944,2026-02-17 05:49,966666,36978514,1,1920,0,0,52209,3922818,0,0,0,564.2,17.6,0,0.0,6952,30.9,1018875,40901332
428343,13706976,2026-02-17 05:55,966666,36978516,1,1920,0,0,52210,3922850,0,0,0,564.2,17.6,0,0.0,6952,30.9,1018876,40901366
428344,13707008,2026-02-17 06:01,966666,36978504,1,1920,0,0,52210,3922850,0,0,0,564.2,17.6,0,0.0,6952,30.9,1018876,40901354
428345,13707040,2026-02-17 06:08,966667,36980426,0,0,0,0,52211,3922882,1,0,-1,564.3,17.6,0,0.0,6952,30.9,1018878,40903308
428346,13707072,2026-02-17 06:14,966667,36980430,0,0,0,0,52214,3921090,0,0,0,564.3,17.6,0,0.0,6949,30.9,1018881,40901520
428347,13707104,2026-02-17 06:21,966667,36980430,1,1920,0,0,52214,3921090,0,0,1,564.3,17.6,0,0.0,6949,30.9,1018881,40901520
428348,13707136,2026-02-17 06:27,966667,36980431,1,1920,0,0,52214,3921090,0,0,0,564.3,17.6,0,0.0,6949,30.9,1018881,40901521
428349,13707168,2026-02-17 06:33,966667,36980434,1,1920,0,0,52214,3921090,0,0,0,564.3,17.6,0,0.0,6949,30.9,1018881,40901524
428350,13707200,2026-02-17 06:40,966658,36980149,1,1920,9,288,52214,3921090,-9,9,0,564.3,17.6,1,0.0,6949,30.9,1018872,40901239
428351,13707232,2026-02-17 06:46,966658,36980149,1,1920,9,288,52214,3921090,0,0,0,564.3,17.6,1,0.0,6949,30.9,1018872,40901239
428352,13707264,2026-02-17 06:53,966658,36980152,1,1920,9,288,52214,3921090,0,0,0,564.3,17.6,1,0.0,6949,30.9,1018872,40901242
428353,13707296,2026-02-17 06:59,966659,36982074,0,0,9,288,52214,3919202,1,0,-1,564.3,17.6,1,0.0,6945,30.9,1018873,40901276
428354,13707328,2026-02-17 07:05,966659,36982075,1,1920,1,32,52214,3919202,0,-8,1,564.3,17.6,0,0.0,6945,30.9,1018873,40901277
428355,13707360,2026-02-17 07:12,966659,36982079,1,1920,0,0,52214,3919202,0,-1,0,564.3,17.6,0,0.0,6945,30.9,1018873,40901281
428356,13707392,2026-02-17 07:18,966659,36982081,1,1920,0,0,52217,3919316,0,0,0,564.3,17.6,0,0.0,6945,30.9,1018876,40901397
428357,13707424,2026-02-17 07:25,966659,36982085,1,1920,0,0,52217,3919316,0,0,0,564.3,17.6,0,0.0,6945,30.9,1018876,40901401
428358,13707456,2026-02-17 07:31,966659,36982085,1,1920,0,0,52217,3919316,0,0,0,564.3,17.6,0,0.0,6945,30.9,1018876,40901401
428359,13707488,2026-02-17 07:37,966659,36982088,1,1920,0,0,52217,3919316,0,0,0,564.3,17.6,0,0.0,6945,30.9,1018876,40901404
428360,13707520,2026-02-17 07:44,966660,36984008,0,0,0,0,52217,3919316,1,0,-1,564.3,17.6,0,0.0,6945,30.9,1018877,40903324
428361,13707552,2026-02-17 07:50,966660,36984009,0,0,0,0,52216,3917396,0,0,0,564.3,17.6,0,0.0,6942,30.9,1018876,40901405
428362,13707584,2026-02-17 07:57,966660,36984014,1,1920,0,0,52216,3917396,0,0,1,564.3,17.6,0,0.0,6942,30.9,1018876,40901410
428363,13707616,2026-02-17 08:03,966660,36984014,1,1920,0,0,52216,3917396,0,0,0,564.3,17.6,0,0.0,6942,30.9,1018876,40901410
428364,13707648,2026-02-17 08:09,966660,36984017,1,1920,0,0,52216,3917396,0,0,0,564.3,17.6,0,0.0,6942,30.9,1018876,40901413
428365,13707680,2026-02-17 08:16,966660,36984018,1,1920,0,0,52217,3917428,0,0,0,564.3,17.6,0,0.0,6942,30.9,1018877,40901446
428366,13707712,2026-02-17 08:22,966660,36984020,1,1920,0,0,52220,3917524,0,0,0,564.3,17.6,0,0.0,6942,30.9,1018880,40901544
428367,13707744,2026-02-17 08:29,966660,36984021,1,1920,0,0,52220,3917524,0,0,0,564.3,17.6,0,0.0,6942,30.9,1018880,40901545
428368,13707776,2026-02-17 08:35,966559,36982677,0,0,102,3264,52221,3915868,-101,102,-1,564.3,17.6,13,0.1,6939,30.8,1018780,40898545
428369,13707808,2026-02-17 08:41,966559,36982678,1,1920,102,3264,52221,3915868,0,0,1,564.3,17.6,13,0.1,6939,30.8,1018780,40898546
428370,13707840,2026-02-17 08:48,966559,36982677,1,1920,102,3264,52222,3915900,0,0,0,564.3,17.6,13,0.1,6939,30.8,1018781,40898577
428371,13707872,2026-02-17 08:54,966559,36982679,1,1920,102,3264,52222,3915900,0,0,0,564.3,17.6,13,0.1,6939,30.8,1018781,40898579
428372,13707904,2026-02-17 09:01,966559,36982680,1,1920,94,3008,52222,3915900,0,-8,0,564.3,17.6,12,0.1,6939,30.8,1018781,40898580
428373,13707936,2026-02-17 09:07,966559,36982682,1,1920,86,2752,52226,3916132,0,-8,0,564.3,17.6,11,0.0,6940,30.8,1018785,40898814
428374,13707968,2026-02-17 09:13,966559,36982683,1,1920,78,2496,52226,3916132,0,-8,0,564.3,17.6,10,0.0,6940,30.8,1018785,40898815
428375,13708000,2026-02-17 09:20,966560,36984606,0,0,70,2240,52231,3916292,1,-8,-1,564.3,17.6,9,0.0,6940,30.8,1018791,40900898
428376,13708032,2026-02-17 09:26,966560,36984609,0,0,62,1984,52230,3914372,0,-8,0,564.3,17.6,8,0.0,6936,30.8,1018790,40898981
428377,13708064,2026-02-17 09:33,966560,36984610,1,1920,54,1728,52231,3914404,0,-8,1,564.3,17.6,7,0.0,6936,30.8,1018791,40899014
428378,13708096,2026-02-17 09:39,966560,36984614,1,1920,46,1472,52231,3914404,0,-8,0,564.3,17.6,6,0.0,6936,30.8,1018791,40899018
428379,13708128,2026-02-17 09:45,966560,36984614,1,1920,38,1216,52232,3914436,0,-8,0,564.3,17.6,5,0.0,6936,30.8,1018792,40899050
428380,13708160,2026-02-17 09:52,966560,36984618,1,1920,30,960,52233,3914468,0,-8,0,564.3,17.6,4,0.0,6936,30.8,1018793,40899086
428381,13708192,2026-02-17 09:58,966559,36984587,1,1920,23,736,52233,3914468,-1,-7,0,564.3,17.6,3,0.0,6936,30.8,1018792,40899055
428382,13708224,2026-02-17 10:05,966559,36984587,1,1920,15,480,52233,3914468,0,-8,0,564.3,17.6,2,0.0,6936,30.8,1018792,40899055
428383,13708256,2026-02-17 10:11,966560,36986509,0,0,7,224,52232,3912548,1,-8,-1,564.4,17.6,1,0.0,6933,30.8,1018792,40899057
428384,13708288,2026-02-17 10:17,966560,36986512,1,1920,1,32,52232,3912548,0,-6,1,564.4,17.6,0,0.0,6933,30.8,1018792,40899060
428385,13708320,2026-02-17 10:24,966560,36986512,1,1920,0,0,52233,3912581,0,-1,0,564.4,17.6,0,0.0,6933,30.8,1018793,40899093
428386,13708352,2026-02-17 10:30,966560,36986514,1,1920,0,0,52233,3912581,0,0,0,564.4,17.6,0,0.0,6933,30.8,1018793,40899095
428387,13708384,2026-02-17 10:37,966560,36986516,1,1920,0,0,52234,3912613,0,0,0,564.4,17.6,0,0.0,6933,30.8,1018794,40899129
428388,13708416,2026-02-17 10:43,966560,36986516,1,1920,0,0,52234,3912613,0,0,0,564.4,17.6,0,0.0,6933,30.8,1018794,40899129
428389,13708448,2026-02-17 10:49,966560,36986519,1,1920,0,0,52234,3912613,0,0,0,564.4,17.6,0,0.0,6933,30.8,1018794,40899132
428390,13708480,2026-02-17 10:56,966560,36988409,0,0,1,32,52235,3912645,0,1,-1,564.4,17.6,0,0.0,6932,30.8,1018795,40901054
428391,13708512,2026-02-17 11:02,966560,36988411,0,0,1,32,52234,3910725,0,0,0,564.4,17.6,0,0.0,6929,30.8,1018794,40899136
428392,13708544,2026-02-17 11:09,966560,36988411,1,1920,1,32,52234,3910725,0,0,1,564.4,17.6,0,0.0,6929,30.8,1018794,40899136
428393,13708576,2026-02-17 11:15,966560,36988413,1,1920,1,32,52234,3910725,0,0,0,564.4,17.6,0,0.0,6929,30.8,1018794,40899138
428394,13708608,2026-02-17 11:21,966560,36988413,1,1920,0,0,52236,3910789,0,-1,0,564.4,17.6,0,0.0,6929,30.8,1018796,40899202
428395,13708640,2026-02-17 11:28,966560,36988417,1,1920,0,0,52236,3910789,0,0,0,564.4,17.6,0,0.0,6929,30.8,1018796,40899206
428396,13708672,2026-02-17 11:34,966560,36988419,1,1920,0,0,52237,3910821,0,0,0,564.4,17.6,0,0.0,6929,30.8,1018797,40899240
428397,13708704,2026-02-17 11:41,966560,36988423,1,1920,0,0,52237,3910821,0,0,0,564.4,17.6,0,0.0,6929,30.8,1018797,40899244
428398,13708736,2026-02-17 11:47,966561,36990346,0,0,0,0,52236,3908901,1,0,-1,564.4,17.6,0,0.0,6925,30.8,1018797,40899247
428399,13708768,2026-02-17 11:53,966561,36990348,1,1920,0,0,52236,3908901,0,0,1,564.4,17.6,0,0.0,6925,30.8,1018797,40899249
